,low,open,volume,high,close
2026-08-11,127.5,133.97000122070312,9211200,137.22999572753906,134.3300018310547
2026-08-12,129.08999633789062,141.6999969482422,13189200,142.8000030517578,138.0800018310547
2026-08-13,129.6699981689453,135.83999633789062,10700700,144.52000427246094,130.0800018310547
2026-08-14,130.33999633789062,130.38999938964844,18775000,153.38999938964844,150.27999877929688
2026-08-17,147.3489990234375,152.63999938964844,12904100,160.99000549316406,154.88999938964844
2026-08-18,131.22000122070312,146.1999969482422,14651500,151.41200256347656,131.41000366210938
2026-08-19,121.5,135.85000610351562,12346600,138.55999755859375,122.19000244140625
2026-08-20,118.5999984741211,121.91500091552734,9518800,130.49000549316406,129.10000610351562
2026-08-21,121.88999938964844,129.3679962158203,9748200,133.72000122070312,124.81999969482422
2026-08-24,102.0999984741211,109.125,15016500,112.45999908447266,107.62999725341797
2026-08-25,110.23999786376953,111.7750015258789,6735500,115.08000183105469,113.1500015258789
2026-08-26,110.01000213623047,110.58999633789062,4878800,114.20999908447266,113.76000213623047
2026-08-27,111.30000305175781,117.02999877929688,6254100,118.9000015258789,113.27999877929688
2026-08-28,105.1500015258789,110.45999908447266,5716900,110.9000015258789,106.2300033569336
2026-08-31,104.05599975585938,107.5199966430664,4609500,108.66999816894531,107.69000244140625
2026-09-01,101.2300033569336,104.44999694824219,4893800,105.73999786376953,103.38999938964844
2026-09-02,100.80000305175781,102.08999633789062,4092300,104.73999786376953,103.12999725341797
2026-09-03,96.95999908447266,101.9000015258789,5918000,103.13999938964844,100.37999725341797
2026-09-04,100.54000091552734,101.91000366210938,6840200,106.55999755859375,105.52999877929688
2026-09-08,107.80000305175781,108.38999938964844,12081100,116.9000015258789,111.55000305175781
2026-09-09,107.62000274658203,110.77999877929688,5977400,113.63999938964844,107.93000030517578
2026-09-10,102.98999786376953,104.5,5703900,109.77999877929688,103.29000091552734
2026-09-11,104.08000183105469,104.51000213623047,5001400,108.66999816894531,105.36000061035156
2026-09-14,95.66999816894531,96.7699966430664,8519400,101.12999725341797,95.76000213623047
2026-09-15,95.08000183105469,96.98999786376953,4598500,99.79000091552734,95.29000091552734
2026-09-16,94.0,98.19999694824219,7101200,99.5999984741211,96.73999786376953
2026-09-17,96.36000061035156,100.7249984741211,7819200,102.34700012207031,98.05999755859375
2026-09-18,98.51499938964844,101.06999969482422,9920300,105.43499755859375,105.16999816894531
2026-09-21,104.91999816894531,108.19999694824219,8161300,109.7300033569336,108.66999816894531
2026-09-22,103.9000015258789,106.93000030517578,7480500,110.73999786376953,107.0
2026-09-23,100.41999816894531,106.5999984741211,6601700,107.31999969482422,101.05999755859375
2026-09-24,97.58999633789062,98.93000030517578,5551400,103.58000183105469,101.02999877929688
2026-09-25,99.97000122070312,101.70999908447266,5511000,105.02999877929688,101.4000015258789
2026-09-28,93.62000274658203,100.08999633789062,8195600,102.43000030517578,96.81999969482422
2026-09-29,97.43000030517578,98.7699966430664,7266700,103.83000183105469,100.66999816894531
