ret1,ret3,ret5,ret20,ret60,ema10_dist,ema20_dist,ema50_dist,ema200_dist,atr_pct,rv20,rv60,volume_ratio,range_position,gap,intraday,drawdown60,high20_dist,rsi14,QQQ_r1,QQQ_r5,QQQ_r20,SMH_r1,SMH_r5,IWM_r1,JNK_r20,TLT_r20,BZ=F_r5,VIX_level,VIX_r5,rs20,beta60,symbol
-0.007209621131189281,0.0117107706000954,-0.0072529752205847675,0.03027558686284082,0.1632024582616638,0.01075209540048161,0.020642541943586945,0.0430647255264478,0.1302623825853635,0.02643773093950511,0.017462051434844885,0.024778807859906177,0.8659566565487279,0.03192621029959292,0.009328823303076383,-0.01638558619592656,-0.01257055786276906,-0.031077473948449397,0.5670904522940285,0.0019007553300205426,-0.012749884966053227,0.030608450715751134,0.011483166174392379,-0.0009218673465543059,-0.003606811255169262,-0.02740546016726242,-0.0483546149881765,0.04923263525714128,0.16040000915527344,0.1287826088999089,-0.0003328638529103145,1.1963354997264064,NVDA
0.015819431482769986,0.013529001456021872,-0.025895655401684037,-0.03940530211438831,-0.048551373154746,0.0030393580286462996,-0.006952282475742755,-0.037120922349159535,-0.021196068039698535,0.030606325778998897,0.019621345015004718,0.02458238093620306,0.6825966418195214,0.13995014676419884,0.021483477102432147,-0.0055449214271472425,-0.16834994334361442,-0.04561599759314661,0.46245810137634025,0.0019007553300205426,-0.012749884966053227,0.030608450715751134,0.011483166174392379,-0.0009218673465543059,-0.003606811255169262,-0.02740546016726242,-0.0483546149881765,0.04923263525714128,0.16040000915527344,0.1287826088999089,-0.07001375283013944,1.333370618243955,AVGO
-0.0004935064987224846,-0.03446906223944679,-0.02597112990330186,0.2907248592552407,0.10057063809241718,0.025843811974287645,0.08373197606552951,0.16266888566893356,0.5111136796391118,0.04106371628424861,0.0362416143475623,0.042166156593517204,0.7432559626056405,0.12288171208741473,0.014953899564850825,-0.015219810545283097,-0.03656660384067656,-0.04918621702000192,0.6552487340648647,0.0019007553300205426,-0.012749884966053227,0.030608450715751134,0.011483166174392379,-0.0009218673465543059,-0.003606811255169262,-0.02740546016726242,-0.0483546149881765,0.04923263525714128,0.16040000915527344,0.1287826088999089,0.2601164085394896,2.648839632438816,AMD
0.01053148616826749,-0.014298606075983988,-0.028353595420269828,0.11092797529283471,0.08157395892834485,0.019346636326694977,0.0487922049222711,0.09899596040982339,0.47949230131366627,0.044058065837629896,0.03221594255998228,0.048621735308586794,0.7477521154193457,0.295673735279158,0.022495646385005452,-0.01170094000794708,-0.028353595420269828,-0.03936071848761058,0.5965751472336435,0.0019007553300205426,-0.012749884966053227,0.030608450715751134,0.011483166174392379,-0.0009218673465543059,-0.003606811255169262,-0.02740546016726242,-0.0483546149881765,0.04923263525714128,0.16040000915527344,0.1287826088999089,0.08031952457708358,2.7953930378037364,MU
0.009848849005433591,-0.01360613212554529,-0.0833474786125965,0.10407867726796227,-0.008409648706811046,-0.0006254443607104365,0.026238982984422732,0.07267347854394157,0.4412888741242811,0.06253281135698988,0.0485137501434859,0.07400276809967217,0.5594697052017495,0.6474108981773308,0.018401659920773916,-0.008398268828436195,-0.09716482416267325,-0.09411985071401818,0.5421951952094362,0.0019007553300205426,-0.012749884966053227,0.030608450715751134,0.011483166174392379,-0.0009218673465543059,-0.003606811255169262,-0.02740546016726242,-0.0483546149881765,0.04923263525714128,0.16040000915527344,0.1287826088999089,0.07347022655221114,4.109405651927551,SNDK
0.04513694082049047,0.016682666935681656,0.0034685306941528715,0.24383437805260488,0.05642448351807139,0.04264005095737988,0.08067056058156274,0.13473418792302283,0.4544807861949718,0.05110300645271749,0.035416352458111124,0.051411506520411494,0.8798619860477078,0.8502990850798575,0.028185812923970488,0.016486444068231076,0.0,-0.015739576042081982,0.6156423554190296,0.0019007553300205426,-0.012749884966053227,0.030608450715751134,0.011483166174392379,-0.0009218673465543059,-0.003606811255169262,-0.02740546016726242,-0.0483546149881765,0.04923263525714128,0.16040000915527344,0.1287826088999089,0.21322592733685375,2.974061543736312,MRVL
0.01858756888410995,-0.007406211631877269,-0.015462486241438533,0.20492956798484419,-0.17308313441500522,0.05361256970922512,0.10679144434517007,0.1365857942321207,0.3825417504356643,0.06390862103005883,0.061102502156589765,0.06264164323973258,0.6474004761371548,0.4934245079068177,0.002476431423054981,0.016071337894881577,-0.14279557821542832,-0.05300764558743287,0.6134066468222099,0.0019007553300205426,-0.012749884966053227,0.030608450715751134,0.011483166174392379,-0.0009218673465543059,-0.003606811255169262,-0.02740546016726242,-0.0483546149881765,0.04923263525714128,0.16040000915527344,0.1287826088999089,0.17432111726909305,4.130783001433965,ALAB
0.008964841712639338,0.012833888115379999,0.010929208941164337,0.10316343119920623,0.014112360025428261,0.026019287541814595,0.04521075167668864,0.06972271178172806,0.19610315914442333,0.023581123468356502,0.01632978799032091,0.02155246806090094,1.0131293185511006,0.7985442406644742,-0.0013469701964397007,0.010325720346642697,0.0,0.003668182546695986,0.6530426638680829,0.0019007553300205426,-0.012749884966053227,0.030608450715751134,0.011483166174392379,-0.0009218673465543059,-0.003606811255169262,-0.02740546016726242,-0.0483546149881765,0.04923263525714128,0.16040000915527344,0.1287826088999089,0.0725549804834551,1.398068861134058,TSM
0.0005515963063786877,0.007039624802738009,-0.023934556545636143,0.006826329145211751,-0.21444678612515933,0.0031515692783952165,-0.00022747948256396366,-0.03626968910798456,0.13323267033289943,0.059499968081119715,0.03008297000783257,0.05043793642287069,0.9176185443678063,0.34621634549231084,0.022107955719583128,-0.021090100407278767,-0.2213639839146384,-0.08478471831121237,0.48776996901914826,0.0019007553300205426,-0.012749884966053227,0.030608450715751134,0.011483166174392379,-0.0009218673465543059,-0.003606811255169262,-0.02740546016726242,-0.0483546149881765,0.04923263525714128,0.16040000915527344,0.1287826088999089,-0.023782121570539383,2.2725072166614595,WDC
-0.008746511131923262,0.008312024725059874,-0.006150842296767767,0.10357836453374292,0.05288993848254897,0.024542428653658632,0.04683157465919341,0.06640577325329988,0.3541351312591854,0.0545952394240121,0.03428166470745291,0.046138505688587066,0.6715858742691024,0.30115117244455825,0.02373278085470809,-0.03172633776512912,-0.08102988508118592,-0.024289459805408753,0.5772584805395561,0.0019007553300205426,-0.012749884966053227,0.030608450715751134,0.011483166174392379,-0.0009218673465543059,-0.003606811255169262,-0.02740546016726242,-0.0483546149881765,0.04923263525714128,0.16040000915527344,0.1287826088999089,0.07296991381799178,1.839757312080786,STX
-0.001660829752793691,-0.018472190103783426,-0.0010905248116978017,-0.14960871821316135,-0.27565424610948264,0.015458486212287514,0.012416748244040487,-0.04970060317758773,0.04693373589797334,0.07214569540026834,0.06694775520042096,0.06157191267377537,0.6632069255911309,0.3220837275551089,0.00929054114254102,-0.010850563290662918,-0.31988543553423454,-0.1931458182585094,0.4950136762763895,0.0019007553300205426,-0.012749884966053227,0.030608450715751134,0.011483166174392379,-0.0009218673465543059,-0.003606811255169262,-0.02740546016726242,-0.0483546149881765,0.04923263525714128,0.16040000915527344,0.1287826088999089,-0.18021716892891249,3.3551200284741185,CRDO
0.05662525777734162,0.047845101673033685,0.0294183042995686,0.06420261034781949,0.3312683627136752,0.041960864849109436,0.05891131861052723,0.098861465426759,0.3469357818261467,0.06499365588056283,0.04924693860513708,0.06121922375649438,1.3573304727123576,0.6055920054611651,0.025702245134733293,0.030148137814153486,-0.015662592307513767,-0.05188166565175223,0.573388057649518,0.0019007553300205426,-0.012749884966053227,0.030608450715751134,0.011483166174392379,-0.0009218673465543059,-0.003606811255169262,-0.02740546016726242,-0.0483546149881765,0.04923263525714128,0.16040000915527344,0.1287826088999089,0.033594159632068354,3.004267181482894,LITE
0.034554713493490485,0.005505681787155492,-0.05857154655555186,0.0517582895216826,-0.1295502507313946,-0.008416789056319374,-0.009166991775243272,-0.03215751443083703,0.052712675465304226,0.0698409488581216,0.049660489971836794,0.06297973463543242,0.8610832923097103,0.37699983357332545,0.026464773456828405,0.007881361587712021,-0.22926176326930647,-0.12212340228745233,0.488255064936562,0.0019007553300205426,-0.012749884966053227,0.030608450715751134,0.011483166174392379,-0.0009218673465543059,-0.003606811255169262,-0.02740546016726242,-0.0483546149881765,0.04923263525714128,0.16040000915527344,0.1287826088999089,0.021149838805931465,3.2699770262857055,COHR
0.039764495829955226,-0.0035633041146322375,-0.05915889561733356,-0.0651871493482461,-0.18393322251250255,-0.008107798421173706,-0.03327459318447723,-0.10650867361934191,-0.046129439670789085,0.0808246768838438,0.04194940244730211,0.07746865528225085,1.0776783969409494,0.5062495455146919,0.020966729866715772,0.018411732148895243,-0.35005488691561537,-0.13883663939337632,0.45040004910243225,0.0019007553300205426,-0.012749884966053227,0.030608450715751134,0.011483166174392379,-0.0009218673465543059,-0.003606811255169262,-0.02740546016726242,-0.0483546149881765,0.04923263525714128,0.16040000915527344,0.1287826088999089,-0.09579560006399723,4.461974800375377,AAOI
0.05187361223893028,0.07962047393911442,0.08371083060121354,0.11697461420120892,-0.13534724188475722,0.0778632137619284,0.09007334705577752,0.05892913693919688,0.19948965973320432,0.0395654970783785,0.03261534049841121,0.04112231687316566,1.1227258124966537,0.9099916298444708,0.03687645108335014,0.014463787985454557,-0.14928216894017698,0.04988930744595632,0.6303090724391658,0.0019007553300205426,-0.012749884966053227,0.030608450715751134,0.011483166174392379,-0.0009218673465543059,-0.003606811255169262,-0.02740546016726242,-0.0483546149881765,0.04923263525714128,0.16040000915527344,0.1287826088999089,0.08636616348545778,2.4208321834869526,AMAT
0.02985971346840577,0.05436899821053487,0.042590800182812805,0.07533930370037112,-0.0742317835824906,0.0549275912812488,0.06683455735227994,0.05423406091378369,0.20018759567587807,0.04448523053408625,0.036894640292923574,0.04441463624438009,0.8398630955090934,0.513226773692215,0.030304953548203395,-0.00043214397665891635,-0.0820171008012357,0.0061886489100890785,0.5967483153515559,0.0019007553300205426,-0.012749884966053227,0.030608450715751134,0.011483166174392379,-0.0009218673465543059,-0.003606811255169262,-0.02740546016726242,-0.0483546149881765,0.04923263525714128,0.16040000915527344,0.1287826088999089,0.044730852984619984,2.7968585054768993,LRCX
0.03890680700741167,0.05034470706117977,0.04359595972691044,0.1201482028938039,-0.15669227317173073,0.056014494441425366,0.0676633259777164,0.03785344685471714,0.12321348280076294,0.040335137988950484,0.031020006621714565,0.03524958115908419,0.8095278356082696,0.8081625281042333,0.030528145113771332,0.008130454207745164,-0.1501722281917145,0.029653710938873923,0.6098941673241562,0.0019007553300205426,-0.012749884966053227,0.030608450715751134,0.011483166174392379,-0.0009218673465543059,-0.003606811255169262,-0.02740546016726242,-0.0483546149881765,0.04923263525714128,0.16040000915527344,0.1287826088999089,0.08953975217805277,2.063422500553696,KLAC
0.05524005245717567,0.0892288652442732,0.07357036419586227,0.14026425726909642,0.0027315774694172124,0.08021041317246302,0.09517008421753848,0.08304886798350553,0.212569285980299,0.050936915725881014,0.0420731038014318,0.05590789599742852,0.7706111403265167,0.9893684138423324,0.028607086115505664,0.025892264112479024,-0.13233284182733163,0.042174092583213474,0.6070817069482586,0.0019007553300205426,-0.012749884966053227,0.030608450715751134,0.011483166174392379,-0.0009218673465543059,-0.003606811255169262,-0.02740546016726242,-0.0483546149881765,0.04923263525714128,0.16040000915527344,0.1287826088999089,0.10965580655334528,3.3636673055243564,ONTO
0.07159390414535971,0.05305962283704124,0.009645921696483706,0.14044781585237875,0.07741124696712198,0.04254755268174337,0.048539341318479146,0.030138373786754213,0.03874601410177014,0.050038548097943,0.03895062656443608,0.04446657750137181,0.9091413108045674,0.7396180424370209,0.0589720470241617,0.011918971002744527,-0.12273243397573541,0.0007203235250827777,0.556860729027987,0.0019007553300205426,-0.012749884966053227,0.030608450715751134,0.011483166174392379,-0.0009218673465543059,-0.003606811255169262,-0.02740546016726242,-0.0483546149881765,0.04923263525714128,0.16040000915527344,0.1287826088999089,0.10983936513662762,2.566503094330251,CAMT
0.00428607344386589,0.03951502791921446,0.010860534615241502,0.15248785935942655,0.06232821637191699,0.04249008775961882,0.06640725056489472,0.07912608039060065,0.2396079249852321,0.04948948409277833,0.04293244962197541,0.04848676011848286,0.8807387470026875,0.20164837610377145,0.023224539266686772,-0.018508611840362676,-0.09018640826783664,0.0026121048580245443,0.5928939458738419,0.0019007553300205426,-0.012749884966053227,0.030608450715751134,0.011483166174392379,-0.0009218673465543059,-0.003606811255169262,-0.02740546016726242,-0.0483546149881765,0.04923263525714128,0.16040000915527344,0.1287826088999089,0.12187940864367541,2.7068920333332316,TER
0.030438307365687756,0.03209172552157957,0.03309817135235682,0.35454269712165964,0.2967096759663359,0.038610521613455795,0.09205611251228363,0.19054865121251963,0.49513775735107424,0.06369232203013016,0.05522390268505656,0.06068393034287438,0.8241703284174458,0.4016522299437293,0.03032385335149468,0.00011108547455318529,-0.026486453494510176,-0.05528741775009216,0.6062830817262678,0.0019007553300205426,-0.012749884966053227,0.030608450715751134,0.011483166174392379,-0.0009218673465543059,-0.003606811255169262,-0.02740546016726242,-0.0483546149881765,0.04923263525714128,0.16040000915527344,0.1287826088999089,0.3239342464059085,2.7137998313647596,SMTC
0.019572032454603372,0.052959484338488405,0.08325257748666126,0.548806500530578,0.018714503421970896,0.12309345221209433,0.22459970731260892,0.2661524729626372,0.40924686801857746,0.05982397895282971,0.07010080916579566,0.06261953809472948,0.5813101008196448,0.5287095004995233,0.029989433917670283,-0.010114085756630753,0.0,-0.0029156728538222154,0.7219775765266844,0.0019007553300205426,-0.012749884966053227,0.030608450715751134,0.011483166174392379,-0.0009218673465543059,-0.003606811255169262,-0.02740546016726242,-0.0483546149881765,0.04923263525714128,0.16040000915527344,0.1287826088999089,0.5181980498148269,2.7367301345366393,VICR
-0.0008618329326306462,-0.08995995870460682,-0.06402390009768044,0.29516252416947975,-0.051309302779459665,0.000530453598377445,0.05206416694460403,0.10791440807895736,0.37525798238114993,0.054272334477945064,0.04731066974003315,0.046910082581009475,0.8056282755594371,0.4100417541865914,0.007153338272746668,-0.007958243199712944,-0.08995995870460682,-0.09031702695958821,0.5840940185859422,0.0019007553300205426,-0.012749884966053227,0.030608450715751134,0.011483166174392379,-0.0009218673465543059,-0.003606811255169262,-0.02740546016726242,-0.0483546149881765,0.04923263525714128,0.16040000915527344,0.1287826088999089,0.2645540734537286,3.1386104809580124,INTC
0.031174673611139347,-0.009792649386966445,-0.03700885668876985,-0.07283170129125716,-0.1818914680564312,0.006085397752401356,-0.002928204675636148,-0.061654518731713015,-0.03211417344655332,0.061446421204440146,0.04392723434032867,0.047475380787638896,0.779425735728938,0.8869432416023194,0.0173305334134628,0.013608301081090346,-0.23233980136049226,-0.07317070255139835,0.48047484555753983,0.0019007553300205426,-0.012749884966053227,0.030608450715751134,0.011483166174392379,-0.0009218673465543059,-0.003606811255169262,-0.02740546016726242,-0.0483546149881765,0.04923263525714128,0.16040000915527344,0.1287826088999089,-0.10344015200700829,2.458733426245967,CIEN
0.0364946435093676,-0.041359218716518376,-0.11863744697204637,0.21396390799084686,-0.08866055633213243,0.00037093329558657295,0.041363156543661184,0.0686163569832905,0.25676067365146493,0.06701037733503926,0.0606872130148919,0.05519732658288494,1.0798122842496272,0.47417263777329716,0.027088619893006927,0.00915794745865317,-0.11863744697204637,-0.12852393657364714,0.5476730766203451,0.0019007553300205426,-0.012749884966053227,0.030608450715751134,0.011483166174392379,-0.0009218673465543059,-0.003606811255169262,-0.02740546016726242,-0.0483546149881765,0.04923263525714128,0.16040000915527344,0.1287826088999089,0.18335545727509572,3.385766655057752,ARM
-0.01802853478264166,-0.05230098162574992,-0.07146818915418507,0.08576948423515662,-0.0073896345034664135,-0.027139487789481276,1.7265805021260405e-05,0.03292373302647844,0.07458499619860715,0.04901162644041164,0.03615955560911584,0.02953648503303882,0.6648045124452648,0.24067044372219987,0.010667804808927706,-0.02839344387446341,-0.0884784621933038,-0.10565945763957174,0.5197400615574841,0.0019007553300205426,-0.012749884966053227,0.030608450715751134,0.011483166174392379,-0.0009218673465543059,-0.003606811255169262,-0.02740546016726242,-0.0483546149881765,0.04923263525714128,0.16040000915527344,0.1287826088999089,0.05516103351940549,1.2948803387525918,QCOM
0.03555358683395693,0.0649579185186866,0.049482229547635814,0.08159150245931368,0.006406587558705823,0.05455581899505324,0.06584169605400558,0.06838672469795792,0.20341206379611454,0.02910320470983646,0.0266074180293875,0.026195104285860395,1.258459421757658,0.8217042825440295,0.022225229821179804,0.013038571758895667,-0.02587725720883627,0.02479889086504894,0.6315992498257359,0.0019007553300205426,-0.012749884966053227,0.030608450715751134,0.011483166174392379,-0.0009218673465543059,-0.003606811255169262,-0.02740546016726242,-0.0483546149881765,0.04923263525714128,0.16040000915527344,0.1287826088999089,0.050983051743562546,1.356753467245969,ASML
0.003545026077262481,0.015304511743446048,-0.01783981469913587,0.06958673051421727,0.007324690271962808,0.033411039005010634,0.05291211970150744,0.03889361110355516,0.08185440140183853,0.03977081939129301,0.03299135252315984,0.03354870046008871,0.602922136728629,0.30751883860137796,0.01021318037804586,-0.006600739755036611,-0.049115402637793126,-0.022681714492042593,0.5873903976626225,0.0019007553300205426,-0.012749884966053227,0.030608450715751134,0.011483166174392379,-0.0009218673465543059,-0.003606811255169262,-0.02740546016726242,-0.0483546149881765,0.04923263525714128,0.16040000915527344,0.1287826088999089,0.03897827979846613,1.501381371037718,MPWR
0.020498246356701166,-0.0023514193233439284,0.01637522447097517,0.07747414426603672,-0.13237096720711083,0.02543974091686163,0.0359752202129795,0.011363146282766134,0.07126738090123097,0.04863742884392233,0.04067866636160042,0.04631074104840445,0.690869566863977,0.7211539670762227,0.01633395976754226,0.004097360468119371,-0.13207953447578813,-0.01725098728993446,0.5455026039356607,0.0019007553300205426,-0.012749884966053227,0.030608450715751134,0.011483166174392379,-0.0009218673465543059,-0.003606811255169262,-0.02740546016726242,-0.0483546149881765,0.04923263525714128,0.16040000915527344,0.1287826088999089,0.04686569355028558,2.370002535124727,MTSI
-0.004476581323924478,-0.00748227477738006,-0.002506628413675771,0.03831366282916426,-0.23254158357025478,0.012984563850088282,0.018047059999106274,-0.016377198293668793,0.12403347239216234,0.06496240447551886,0.04133169942938199,0.056399208799082265,0.6383707746056914,0.2000007775173095,0.036866401109481695,-0.039873008122519815,-0.28696718259571363,-0.08661510358391689,0.5115070800589443,0.0019007553300205426,-0.012749884966053227,0.030608450715751134,0.011483166174392379,-0.0009218673465543059,-0.003606811255169262,-0.02740546016726242,-0.0483546149881765,0.04923263525714128,0.16040000915527344,0.1287826088999089,0.007705212113413129,3.228079903338079,ACMR
0.03711732276963908,0.07893038472401948,-0.009213507159235967,0.14328207357601186,0.07070105477644018,0.0414553649138083,0.055561412586741854,0.04262694764582009,0.20467139383485278,0.057800953743214575,0.04570198509764974,0.05543270051063084,0.5999134661881856,0.6687886430527951,0.02123519374592142,0.015551881800568879,-0.1169580270664744,-0.023208363850911407,0.5551601924783542,0.0019007553300205426,-0.012749884966053227,0.030608450715751134,0.011483166174392379,-0.0009218673465543059,-0.003606811255169262,-0.02740546016726242,-0.0483546149881765,0.04923263525714128,0.16040000915527344,0.1287826088999089,0.11267362286026072,2.7908151519257487,TSEM
0.0,-0.0092905919707712,-0.05858751955663788,0.012079325953863629,-0.22980959325006456,-0.002743247465805787,-0.0047466924418433365,-0.07308095477849696,-0.0911319697839672,0.06762560309720825,0.040908007897123295,0.05515269082831456,3.128186814936984,0.04878007176595738,0.09164542241188389,-0.08395163899409963,-0.1954732782155798,-0.07125895202293353,0.482311879919161,0.0019007553300205426,-0.012749884966053227,0.030608450715751134,0.011483166174392379,-0.0009218673465543059,-0.003606811255169262,-0.02740546016726242,-0.0483546149881765,0.04923263525714128,0.16040000915527344,0.1287826088999089,-0.018529124761887505,3.4853779283453403,NVTS
0.027879848751687808,-0.01897953845226308,0.029149948017531457,0.2240147250884974,0.04645913319972528,0.038559571385508695,0.07380153372903009,0.09387559982674909,0.1485618355284406,0.0531884702099301,0.043814683353064855,0.05036682282198105,1.042526923802441,0.35125137924757693,0.016324032603555194,0.01137020849396797,-0.01897953845226308,-0.038893225929809705,0.605787465328629,0.0019007553300205426,-0.012749884966053227,0.030608450715751134,0.011483166174392379,-0.0009218673465543059,-0.003606811255169262,-0.02740546016726242,-0.0483546149881765,0.04923263525714128,0.16040000915527344,0.1287826088999089,0.19340627437274627,2.3359098808605814,CLS
0.034539964770345044,0.06466515391321526,0.05032196121471144,0.027099030440717486,-0.1530304640695207,0.041306744316413235,0.028976681631155632,-0.053488494569728706,-0.13709290426539034,0.05093894299278595,0.03179373796104451,0.049853206827860326,0.9620062059528321,0.9620925013303718,0.019977565157851984,0.014277176390874224,-0.2914564753110873,-0.01022171501239788,0.5131309002470711,0.0019007553300205426,-0.012749884966053227,0.030608450715751134,0.011483166174392379,-0.0009218673465543059,-0.003606811255169262,-0.02740546016726242,-0.0483546149881765,0.04923263525714128,0.16040000915527344,0.1287826088999089,-0.003509420275033648,2.5175808055849873,FN
0.01762007527477727,0.012392960653536456,-0.020200466504984305,-0.03988527617734505,-0.22001794870099078,-0.0021495932547237473,-0.017092015849613063,-0.06354548328187715,-0.03112179173461882,0.05004926846301459,0.03982979785117007,0.04168311277347869,0.6101772803398554,0.20576107569104024,0.030077084898431528,-0.012093279043172367,-0.23314134235992467,-0.15893245703245307,0.46104535465374996,0.0019007553300205426,-0.012749884966053227,0.030608450715751134,0.011483166174392379,-0.0009218673465543059,-0.003606811255169262,-0.02740546016726242,-0.0483546149881765,0.04923263525714128,0.16040000915527344,0.1287826088999089,-0.07049372689309619,1.9462482715035023,VRT
0.023611310718634426,-0.025156070755209203,0.005230394019526408,0.15042161352074213,0.11423805730448078,0.02578034585172051,0.04465105359972865,0.07360641873861806,0.34278110486860314,0.06965033841409599,0.04154838542231506,0.08507371945593027,0.8607260527593183,0.28020902191944413,0.013498316189898718,0.009978304223290824,-0.14522111067370125,-0.06824609166498397,0.5524100970244836,0.0019007553300205426,-0.012749884966053227,0.030608450715751134,0.011483166174392379,-0.0009218673465543059,-0.003606811255169262,-0.02740546016726242,-0.0483546149881765,0.04923263525714128,0.16040000915527344,0.1287826088999089,0.11981316280499099,3.9941166943687545,NBIS
0.01010932894600547,-0.04659932404561251,-0.00956664143174435,0.0122511594181276,-0.006129988259415353,-0.0028738721451103677,-0.006362139868196226,-0.02303054298039442,-0.07120768479651585,0.0630154821363811,0.046161879121774926,0.06454096921401993,0.8822400499295815,0.14805800570665284,0.014105994505078101,-0.003941072807703061,-0.20235776823963814,-0.17841090626326706,0.4893003801055129,0.0019007553300205426,-0.012749884966053227,0.030608450715751134,0.011483166174392379,-0.0009218673465543059,-0.003606811255169262,-0.02740546016726242,-0.0483546149881765,0.04923263525714128,0.16040000915527344,0.1287826088999089,-0.018357291297623535,3.304094798526368,CRWV
-0.00814957197122923,-0.10335861971941351,-0.14768276584177797,0.11491308626621688,-0.057617827102907304,-0.05998497427530425,-0.05221847828728188,-0.04369218125252927,-0.04267889732683461,0.06880936564291408,0.041863235904902,0.07052477286220309,0.9169798776294581,0.2139046814725964,0.019534961717703636,-0.02715407977995199,-0.14768276584177797,-0.16183913381876391,0.4528186444169616,0.0019007553300205426,-0.012749884966053227,0.030608450715751134,0.011483166174392379,-0.0009218673465543059,-0.003606811255169262,-0.02740546016726242,-0.0483546149881765,0.04923263525714128,0.16040000915527344,0.1287826088999089,0.08430463555046575,3.5708242285961256,IREN
0.1079621311293466,0.09225579098668768,0.05323111881417031,0.41177894179152963,-0.012879132181612296,0.06458678503069692,0.1074007389856777,0.17232589085405414,0.41659766184333047,0.07317444606776885,0.05725513170632303,0.06956426015279624,1.3980138267848259,0.6432333108795132,0.037851456582542076,0.06755366974929777,0.0,-0.0050218680465049514,0.6026546600801934,0.0019007553300205426,-0.012749884966053227,0.030608450715751134,0.011483166174392379,-0.0009218673465543059,-0.003606811255169262,-0.02740546016726242,-0.0483546149881765,0.04923263525714128,0.16040000915527344,0.1287826088999089,0.3811704910757785,3.3383356226395953,BE
0.01339268500958024,0.007800733349843103,0.012848803048649104,0.07118288632773973,-0.16453425436704083,0.015405786417850065,0.016861324569996894,-0.0031611834492102364,0.0713804345696214,0.03643716778519316,0.027897892532215945,0.03139569195641436,0.6422352780800886,0.42405034766932787,0.013582196862007567,-0.00018697235706588433,-0.1182516580760693,-0.021203282742153884,0.5282739186650514,0.0019007553300205426,-0.012749884966053227,0.030608450715751134,0.011483166174392379,-0.0009218673465543059,-0.003606811255169262,-0.02740546016726242,-0.0483546149881765,0.04923263525714128,0.16040000915527344,0.1287826088999089,0.04057443561198859,1.2873124339625022,GEV
0.004311409878708483,-0.015295479514382149,-0.020836632294935153,0.07810785246708818,0.050592591309943424,0.008251834898992172,0.021735126966853313,0.034992471679608395,0.10083346389858816,0.03211506401918427,0.027381556899163658,0.02815070119688066,0.8293255480560977,0.4197613735204024,0.012076658887953728,-0.00767258975992724,-0.058026791323681715,-0.031430930142489766,0.5551183206537924,0.0019007553300205426,-0.012749884966053227,0.030608450715751134,0.011483166174392379,-0.0009218673465543059,-0.003606811255169262,-0.02740546016726242,-0.0483546149881765,0.04923263525714128,0.16040000915527344,0.1287826088999089,0.047499401751337045,1.455754548946984,ETN
0.01593516113042659,0.011314087265203998,0.0042511013190345,-0.03708557283852143,0.07775130769580763,0.0003419356916218863,-0.01347188582881742,-0.021842408429364912,-0.06641610709693402,0.034002504372561436,0.026241409646667862,0.022545759846858797,0.6435692916084651,0.3777391232746997,0.003033477583764377,0.012862664940896495,-0.11526501463884553,-0.13479399236801048,0.45778364008981376,0.0019007553300205426,-0.012749884966053227,0.030608450715751134,0.011483166174392379,-0.0009218673465543059,-0.003606811255169262,-0.02740546016726242,-0.0483546149881765,0.04923263525714128,0.16040000915527344,0.1287826088999089,-0.06769402355427256,0.626946843584096,CEG
0.020359349888488865,0.02095113338044219,0.002991226821388082,0.026866496958152908,-0.10278189635495227,0.005319586788091302,-0.0029856175530006412,-0.025057846160447705,-0.08568591547383297,0.03181452309989883,0.020863256914530285,0.024960390271350677,1.0574540150397678,0.4248815452976676,0.014345715593736763,0.005928584507533419,-0.1652228267918553,-0.08934382527080309,0.4778785350167676,0.0019007553300205426,-0.012749884966053227,0.030608450715751134,0.011483166174392379,-0.0009218673465543059,-0.003606811255169262,-0.02740546016726242,-0.0483546149881765,0.04923263525714128,0.16040000915527344,0.1287826088999089,-0.0037419537575982265,0.5771142558199209,VST
-0.018399112258028705,-0.02007198155134149,-0.05375751875175905,-0.11944870517414319,-0.21272906583699802,-0.05308672983072038,-0.08785023111168211,-0.13170341120248696,-0.0854276129120457,0.04858848073768441,0.03198049082298952,0.03167541215740775,1.1463420664928963,0.257510293961149,-0.005121404618967373,-0.013346058203188127,-0.2536364308576379,-0.20592294838117986,0.3165428909833381,0.0019007553300205426,-0.012749884966053227,0.030608450715751134,0.011483166174392379,-0.0009218673465543059,-0.003606811255169262,-0.02740546016726242,-0.0483546149881765,0.04923263525714128,0.16040000915527344,0.1287826088999089,-0.15005715588989432,0.9785726114406873,KGS
-0.03449238688120426,-0.05311783221965527,-0.031675552964138376,0.09042551540786836,-0.25126222268555354,-0.003535476569867635,0.011165275347981174,-0.03501125132795435,-0.07020412288755262,0.056139375480893504,0.03420335279570211,0.04452590313333216,0.9297748186168396,0.061854745720852165,0.017730970162188386,-0.05131351857659405,-0.1643688539974879,-0.07633186066941922,0.5090750340669865,0.0019007553300205426,-0.012749884966053227,0.030608450715751134,0.011483166174392379,-0.0009218673465543059,-0.003606811255169262,-0.02740546016726242,-0.0483546149881765,0.04923263525714128,0.16040000915527344,0.1287826088999089,0.05981706469211723,2.6522325475045445,RKLB
-0.026229483182312996,-0.027186370947876015,-0.0673574688857197,0.005076193900227954,-0.2633928326454831,-0.02368487583467005,-0.031982883800767414,-0.08063072960856332,-0.17284638249914452,0.07018403537125065,0.0474674115710521,0.05376300505635867,1.6323491119735898,0.11901302865950751,0.06721308973969009,-0.08755755886089733,-0.20747159513697588,-0.1160713657229907,0.4546382123361399,0.0019007553300205426,-0.012749884966053227,0.030608450715751134,0.011483166174392379,-0.0009218673465543059,-0.003606811255169262,-0.02740546016726242,-0.0483546149881765,0.04923263525714128,0.16040000915527344,0.1287826088999089,-0.02553225681552318,3.061579328101168,ASTS
-0.04276313333465087,-0.0732483842357512,-0.10406401503704821,-0.05273434140932831,-0.22975115612189256,-0.03672486624514226,-0.042229385990988355,-0.10533160002178699,-0.20290869601334527,0.07149154710446327,0.04725238588241782,0.04990768051528925,0.9276779227786967,0.009950475366263086,0.01184212548911101,-0.05396618449480595,-0.28606473062349436,-0.10516605252622224,0.448276519474896,0.0019007553300205426,-0.012749884966053227,0.030608450715751134,0.011483166174392379,-0.0009218673465543059,-0.003606811255169262,-0.02740546016726242,-0.0483546149881765,0.04923263525714128,0.16040000915527344,0.1287826088999089,-0.08334279212507945,2.6972512787463323,LUNR
-0.041964310270791616,-0.07500006988130536,-0.0875850906971829,0.002803713411771769,-0.055457758228946163,-0.04134675723214998,-0.03916211533215341,-0.049893454036130325,-0.04203264147308883,0.06911519604330985,0.041246503953768957,0.05296008368117101,1.0645649055655133,0.08333325054910777,0.022321428951560307,-0.06288212043865693,-0.21044890200438615,-0.11101907095842767,0.45559405953736243,0.0019007553300205426,-0.012749884966053227,0.030608450715751134,0.011483166174392379,-0.0009218673465543059,-0.003606811255169262,-0.02740546016726242,-0.0483546149881765,0.04923263525714128,0.16040000915527344,0.1287826088999089,-0.027804737303979365,2.7870915311285747,RDW
-0.02325589065899636,-0.07037466625459854,-0.031342441834889656,-0.17481114126035102,-0.46921585104336794,-0.032750901167123314,-0.072083546860499,-0.20334465809190871,-0.31003133248020354,0.06500082175830618,0.03682488233829491,0.03673243168590306,0.8022318713141623,0.24999914850426258,0.01669640856612209,-0.039296193916396605,-0.42847176385293473,-0.19627086186050358,0.36322587477932056,0.0019007553300205426,-0.012749884966053227,0.030608450715751134,0.011483166174392379,-0.0009218673465543059,-0.003606811255169262,-0.02740546016726242,-0.0483546149881765,0.04923263525714128,0.16040000915527344,0.1287826088999089,-0.20541959197610216,1.73085121810337,PL
-0.0076923370361328125,-0.05147064289007064,-0.07060522246617562,-0.24912692727695007,-0.36201780135519857,-0.06329293605297504,-0.12784718605471035,-0.22264805806377153,-0.34462432110425356,0.07224296396791356,0.03677176703712555,0.050877055966279505,0.6139985496837088,0.13333220305218296,0.015384600712702756,-0.022727287505284077,-0.4204851982978499,-0.2817371783897814,0.31668388643658196,0.0019007553300205426,-0.012749884966053227,0.030608450715751134,0.011483166174392379,-0.0009218673465543059,-0.003606811255169262,-0.02740546016726242,-0.0483546149881765,0.04923263525714128,0.16040000915527344,0.1287826088999089,-0.2797353779927012,2.4161321977963888,RCAT
-0.026041642413474064,-0.015789458824326585,-0.031088054098535878,-0.022860899534742796,-0.04347827942766613,-0.006208438252193638,-0.01599688887565731,-0.05785125345403397,-0.10046895447818871,0.05818531743672337,0.03321292210837893,0.04937282594180038,0.7648865759836222,0.02272778995759401,0.028645868742994463,-0.05316456597769337,-0.2343910267548095,-0.06265664145425054,0.4582283260639155,0.0019007553300205426,-0.012749884966053227,0.030608450715751134,0.011483166174392379,-0.0009218673465543059,-0.003606811255169262,-0.02740546016726242,-0.0483546149881765,0.04923263525714128,0.16040000915527344,0.1287826088999089,-0.05346935025049393,2.4105317808539786,ONDS
0.040901564567256354,0.04220644446307786,0.03786932257217268,0.05365443403760728,0.15196309346404901,0.041850036460432394,0.039962633551764215,0.053903818652642155,0.29603724943818777,0.07429442417973912,0.04630223106892777,0.0762352059254505,1.0490283000769438,0.9393158547330682,0.006677869819470494,0.033996669415135905,-0.26776278542328746,-0.0480916103889637,0.5345005288920979,0.0019007553300205426,-0.012749884966053227,0.030608450715751134,0.011483166174392379,-0.0009218673465543059,-0.003606811255169262,-0.02740546016726242,-0.0483546149881765,0.04923263525714128,0.16040000915527344,0.1287826088999089,0.023045983321856145,3.69944888896144,UMAC
-0.0027202609262755306,-0.029181137255579248,0.010703257844987935,0.0031655559739982575,0.41066855810883096,0.011464989200855147,0.03579962727297836,0.10789012594026381,0.22448893030576622,0.034837125407620316,0.030821552655759442,0.048657404911693326,0.5414336450403928,0.5654449006982281,-0.0007467430810692566,-0.001974992657308272,-0.029181137255579248,-0.039603409416181234,0.6037168859803117,0.0019007553300205426,-0.012749884966053227,0.030608450715751134,0.011483166174392379,-0.0009218673465543059,-0.003606811255169262,-0.02740546016726242,-0.0483546149881765,0.04923263525714128,0.16040000915527344,0.1287826088999089,-0.027442894741752877,1.706010592705901,PLTR
0.039140173029596825,-0.01254120742582776,-0.0764745569402896,-0.07597909202016062,-0.03819309235948565,-0.02725102120416656,-0.04540662028987752,-0.06319713070627153,-0.16793876291171717,0.05282002534011453,0.03430396405464558,0.03524376287834676,1.324784756408427,0.4714641151475417,0.0014327841166830169,0.037653439662626687,-0.1521659508750003,-0.19279440099865963,0.4307895679653403,0.0019007553300205426,-0.012749884966053227,0.030608450715751134,0.011483166174392379,-0.0009218673465543059,-0.003606811255169262,-0.02740546016726242,-0.0483546149881765,0.04923263525714128,0.16040000915527344,0.1287826088999089,-0.10658754273591176,1.881685985803285,ORCL
0.003022227184429793,-0.009529332802097334,0.00499390353685647,-0.041934661470100276,0.37089637392844854,-0.007049017162775506,-0.0073421844575043416,0.044529171997712336,0.10770380558494819,0.041364102718626304,0.027706569089323875,0.04132789253118965,0.6492357515514109,0.960829881937657,-0.007900347003945818,0.011009553481236,-0.08578194547202511,-0.10697258870904369,0.5002964007775919,0.0019007553300205426,-0.012749884966053227,0.030608450715751134,0.011483166174392379,-0.0009218673465543059,-0.003606811255169262,-0.02740546016726242,-0.0483546149881765,0.04923263525714128,0.16040000915527344,0.1287826088999089,-0.07254311218585141,-0.2777481483133819,WDAY
-0.0086241328684864,-0.05419361764736397,-0.03416495740058467,-0.12360649315962846,0.3625498559422451,-0.04208923440778112,-0.04400325216674672,0.021622194136213135,0.08371822933751005,0.0395444079355139,0.021339393957802606,0.03910302489174482,0.6391474866445315,0.3321098297454161,0.0,-0.0086241328684864,-0.14644183996416027,-0.15865960692633518,0.4415650064983693,0.0019007553300205426,-0.012749884966053227,0.030608450715751134,0.011483166174392379,-0.0009218673465543059,-0.003606811255169262,-0.02740546016726242,-0.0483546149881765,0.04923263525714128,0.16040000915527344,0.1287826088999089,-0.1542149438753796,-0.16299641802565945,CRM
-0.011487215990050537,-0.05690228195203528,-0.051532828894844895,-0.12196771661442751,0.2039284913740056,-0.0392736252522613,-0.03803484251407829,0.01264650431801484,0.032241784333978174,0.04584558050513895,0.03217211962939599,0.03623367238997865,0.7118632581494632,0.4212972774410489,-0.004716585253566996,-0.0068027163280004466,-0.12196771661442751,-0.1314171314171314,0.454373590604196,0.0019007553300205426,-0.012749884966053227,0.030608450715751134,0.011483166174392379,-0.0009218673465543059,-0.003606811255169262,-0.02740546016726242,-0.0483546149881765,0.04923263525714128,0.16040000915527344,0.1287826088999089,-0.15257616733017865,-0.12517889972728385,NOW
0.006674394959149232,-0.011047911501216312,-0.01865771070924105,-0.003379281121015265,0.26029227431005353,-0.006819549840153427,-0.0016944635399217534,0.05210671613244333,0.31802677775751365,0.04488755367118156,0.04421652660099602,0.03090526635805365,1.018143034190629,0.6645011493645467,0.009325849092192362,-0.002626955542085585,-0.07338626973525553,-0.1410703150208289,0.5138345285695931,0.0019007553300205426,-0.012749884966053227,0.030608450715751134,0.011483166174392379,-0.0009218673465543059,-0.003606811255169262,-0.02740546016726242,-0.0483546149881765,0.04923263525714128,0.16040000915527344,0.1287826088999089,-0.0339877318367664,0.9246809145479481,SNOW
-0.0005210816601288748,0.045305867672832845,0.08520048867584862,0.13297335962380363,0.051650556814059057,0.059953502288156324,0.0967122269368541,0.12012165594298363,0.3386497984242003,0.04732405667883805,0.03447031097511671,0.042295659563199264,0.7924873987235715,0.9135554502994802,-0.006215159478473176,0.00572968874767299,-0.06798541298920924,-0.043249070610953844,0.6707653367959239,0.0019007553300205426,-0.012749884966053227,0.030608450715751134,0.011483166174392379,-0.0009218673465543059,-0.003606811255169262,-0.02740546016726242,-0.0483546149881765,0.04923263525714128,0.16040000915527344,0.1287826088999089,0.1023649089080525,0.8964218764286019,DDOG
-0.004887088664864758,-0.018282139860351543,-0.002096289615793223,0.15453451764200365,0.422985277410699,0.0238910843307929,0.0661031298654311,0.15282012511784226,0.4163315757270598,0.048971931624133644,0.0433043357128867,0.0378412573729887,0.6669517377635846,0.4879495060296277,-0.005847557455706864,0.00096611822265813,-0.018282139860351543,-0.04128673002354,0.6273861331772028,0.0019007553300205426,-0.012749884966053227,0.030608450715751134,0.011483166174392379,-0.0009218673465543059,-0.003606811255169262,-0.02740546016726242,-0.0483546149881765,0.04923263525714128,0.16040000915527344,0.1287826088999089,0.12392606692625252,1.1247179930561289,NET
0.013461871685149562,0.011822608109869348,0.05070780132600006,0.13740255512716448,0.31778505266264245,0.04754958016118693,0.09811369396935676,0.19986945702511028,0.5618099944630632,0.04524238374021158,0.04513578332907316,0.046951122834244755,0.5827727017016996,0.984493890033507,-0.0067502410800385215,0.020349476638349406,0.0,-0.0042824303775450545,0.6600849364070401,0.0019007553300205426,-0.012749884966053227,0.030608450715751134,0.011483166174392379,-0.0009218673465543059,-0.003606811255169262,-0.02740546016726242,-0.0483546149881765,0.04923263525714128,0.16040000915527344,0.1287826088999089,0.10679410441141335,1.278664629361095,CRWD
-0.009385581652560093,-0.0038726141609165543,0.03694902439401959,0.01643419438162863,0.08637038846598921,0.02425475529813581,0.046943164194351183,0.09699137908189259,0.4006620331852324,0.04671288465380264,0.04425097337142642,0.03908173866607925,0.7155259173197307,0.7577079832723425,-0.002779964671557944,-0.006624031554707477,-0.019166657418915767,-0.019909120297478267,0.5822787201936327,0.0019007553300205426,-0.012749884966053227,0.030608450715751134,0.011483166174392379,-0.0009218673465543059,-0.003606811255169262,-0.02740546016726242,-0.0483546149881765,0.04923263525714128,0.16040000915527344,0.1287826088999089,-0.014174256334122504,0.9264146517041469,PANW
-0.005190850420169646,-0.07587124351666752,-0.05626128727905677,0.05292354227470786,0.31867436605573696,-0.003129125814346656,0.030390705646222926,0.11019940089630964,0.10944501921316219,0.05181029861264458,0.05249646991249318,0.041052740379961886,0.4321036399758487,0.5167190681445989,-0.006770681115643273,0.001590600141816445,-0.07587124351666752,-0.08579529607057879,0.5622167502411333,0.0019007553300205426,-0.012749884966053227,0.030608450715751134,0.011483166174392379,-0.0009218673465543059,-0.003606811255169262,-0.02740546016726242,-0.0483546149881765,0.04923263525714128,0.16040000915527344,0.1287826088999089,0.022315091558956723,0.5667738526914419,ZS
0.025065949892759898,-0.027939953673221107,-0.02264154745871194,0.054751088850080176,0.2842975182293668,0.01511719991837901,0.040375164681901055,0.10441530930051202,0.2826488138195504,0.04917774524089338,0.045576936491338926,0.040347085710002256,0.7755107630466421,0.8888875433189425,0.0004397638074973287,0.024615361140324588,-0.03278012045737433,-0.04459386913843866,0.5748430349102345,0.0019007553300205426,-0.012749884966053227,0.030608450715751134,0.011483166174392379,-0.0009218673465543059,-0.003606811255169262,-0.02740546016726242,-0.0483546149881765,0.04923263525714128,0.16040000915527344,0.1287826088999089,0.024142638134329042,0.6602044373916587,S
0.007499730550241113,-0.19983386966010264,-0.2116018599532229,-0.2562586715641624,-0.0578916515568092,-0.11884377508490107,-0.13279290372603392,-0.11992437408365175,-0.019060642741364875,0.0824808352024185,0.06091904203649917,0.04740282059532308,3.2639083966788536,0.5782143729073661,0.0011354275460995211,0.006357084994725426,-0.28605306836734745,-0.26049959089699803,0.3768946951940275,0.0019007553300205426,-0.012749884966053227,0.030608450715751134,0.011483166174392379,-0.0009218673465543059,-0.003606811255169262,-0.02740546016726242,-0.0483546149881765,0.04923263525714128,0.16040000915527344,0.1287826088999089,-0.2868671222799135,1.3636873026763676,MDB
0.014855428062410247,0.008523669290829705,0.025922891081478827,0.23355541179828787,0.3137591099039776,0.04400529797949315,0.09247810200080098,0.19652565756577056,0.4584504735400836,0.049731383472563666,0.045727389388337335,0.04659498306966746,0.5969571415051932,0.9424958963856092,-0.0007073499358966062,0.015573794120579798,-0.006922238071041864,-0.01162595652414733,0.6434792312643436,0.0019007553300205426,-0.012749884966053227,0.030608450715751134,0.011483166174392379,-0.0009218673465543059,-0.003606811255169262,-0.02740546016726242,-0.0483546149881765,0.04923263525714128,0.16040000915527344,0.1287826088999089,0.20294696108253674,1.1154813540024975,RBRK
-0.008370057922412633,-0.02179408433446295,-0.07017919433336506,-0.020508857099771904,-0.43790798651544904,-0.027751042214080868,-0.040409464771367753,-0.12033260698154624,-0.28474195650913736,0.05143409612568921,0.02790417359264417,0.039294733276272184,0.7701831577007489,0.0960194969250176,0.0024656429720462114,-0.01080904963718654,-0.4210765275783014,-0.0965892091668189,0.40498803530000504,0.0019007553300205426,-0.012749884966053227,0.030608450715751134,0.011483166174392379,-0.0009218673465543059,-0.003606811255169262,-0.02740546016726242,-0.0483546149881765,0.04923263525714128,0.16040000915527344,0.1287826088999089,-0.05111730781552304,1.3192949008482158,APP
0.02951184058130263,0.021355681775418356,0.003519622271138667,0.006039217066816871,0.23406022357288592,0.04716821535360305,0.05783062998876076,0.08256845750301256,0.13938785723027602,0.04687345315995817,0.03896023904745823,0.04051772808766713,0.8108592311032445,0.8437045935334567,0.0001041551990874634,0.029404622737879693,-0.06478271842264183,-0.02002775407337265,0.5842420829754599,0.0019007553300205426,-0.012749884966053227,0.030608450715751134,0.011483166174392379,-0.0009218673465543059,-0.003606811255169262,-0.02740546016726242,-0.0483546149881765,0.04923263525714128,0.16040000915527344,0.1287826088999089,-0.024569233648934263,0.46061463272722253,SHOP
-0.01445046863047017,-0.08644407789690611,-0.06726736068478434,-0.09378375458001398,1.0580117744311952,-0.05284809412738234,-0.03996236464978431,0.08689113127856407,0.3407756358811611,0.05294077696594191,0.0328429290674104,0.061418524472671675,1.3171773293517932,0.690830198284352,-0.004536784972852703,-0.009958864886179808,-0.10073077957541621,-0.1201999664306641,0.4772534104678948,0.0019007553300205426,-0.012749884966053227,0.030608450715751134,0.011483166174392379,-0.0009218673465543059,-0.003606811255169262,-0.02740546016726242,-0.0483546149881765,0.04923263525714128,0.16040000915527344,0.1287826088999089,-0.12439220529576511,0.2248663202861382,TEAM
0.025563920880598445,-0.0036522453318545978,0.03805174938629907,-0.03262411529800424,0.5308642622799218,0.015956656765896415,0.029617228954532893,0.12133114477142648,0.36452327101788007,0.04968981361815804,0.032526610002534345,0.03912187939392247,0.9465530907111548,0.9230767976759692,0.0015037220904168258,0.024024073260518142,-0.0461538348677597,-0.05132841165406177,0.5714289169132889,0.0019007553300205426,-0.012749884966053227,0.030608450715751134,0.011483166174392379,-0.0009218673465543059,-0.003606811255169262,-0.02740546016726242,-0.0483546149881765,0.04923263525714128,0.16040000915527344,0.1287826088999089,-0.06323256601375538,0.531469192921404,AMPL
-0.022330185335266983,-0.06752692821668782,-0.06647438641173598,0.06908930434981775,0.9006532193827219,-0.01684621539134956,0.011591003114644227,0.12782830149916702,0.5504808707041471,0.04511661130377046,0.033078062347453696,0.04601367848639115,0.9250440309008396,0.5587463098050621,-0.009194758616791643,-0.013257324618244581,-0.06752692821668782,-0.09120880441428003,0.5588419831788735,0.0019007553300205426,-0.012749884966053227,0.030608450715751134,0.011483166174392379,-0.0009218673465543059,-0.003606811255169262,-0.02740546016726242,-0.0483546149881765,0.04923263525714128,0.16040000915527344,0.1287826088999089,0.038480853634066614,-0.20021542293781558,RNG
0.010664488836416464,-0.022222276045109735,-0.07018870227741747,-0.3401178551430527,0.04142009926274448,-0.0549404405080518,-0.10656109748429776,-0.11907462049944373,-0.053231924322912794,0.06351956170973559,0.04556125626039368,0.04415305394556423,0.6293294182743173,0.9166649006061119,0.0049221018607132905,0.005714260801977122,-0.3401178551430527,-0.34572492061914784,0.34285447999872587,0.0019007553300205426,-0.012749884966053227,0.030608450715751134,0.011483166174392379,-0.0009218673465543059,-0.003606811255169262,-0.02740546016726242,-0.0483546149881765,0.04923263525714128,0.16040000915527344,0.1287826088999089,-0.37072630585880384,0.6815677029346728,PATH
0.013241297816905417,-0.02963360066171994,0.021966049368481455,0.2340533580344002,0.3907594998696202,0.059724533762948395,0.11936934047646508,0.22240909341983905,0.5587952402768099,0.04874888477649792,0.04028503188719479,0.045048162001035605,1.1716325394683578,0.8225131919915845,-0.004355704063512489,0.01767398452663893,-0.02963360066171994,-0.04584085716391506,0.6687212961417881,0.0019007553300205426,-0.012749884966053227,0.030608450715751134,0.011483166174392379,-0.0009218673465543059,-0.003606811255169262,-0.02740546016726242,-0.0483546149881765,0.04923263525714128,0.16040000915527344,0.1287826088999089,0.20344490731864906,0.7228697109427182,TWLO
0.022471888612677127,-0.04497753932583948,-0.023006149663533648,0.1180341605373183,0.3961643584787029,0.0007878982230242748,0.02573675072265602,0.07464544685559948,0.28863819258186174,0.09835217604412773,0.06568493086025659,0.061228426376385876,0.4905597674576732,0.9549539487249983,0.00321026980181105,0.019199981689453027,-0.1512325398500527,-0.18672200433180608,0.5279635349043899,0.0019007553300205426,-0.012749884966053227,0.030608450715751134,0.011483166174392379,-0.0009218673465543059,-0.003606811255169262,-0.02740546016726242,-0.0483546149881765,0.04923263525714128,0.16040000915527344,0.1287826088999089,0.08742570982156717,1.5324802151165422,FSLY
-0.01571847543780658,-0.04294290214216934,-0.07565889872451914,0.1634571635961617,0.5348814460795912,0.007020306864274906,0.0672021394085014,0.18611358869143801,0.012617115926738975,0.05659175929564965,0.06592293814363903,0.05334327554546326,0.6723261903178614,0.2510778165459227,0.027427755984054558,-0.041994418751648666,-0.08207716220210493,-0.09650098742252944,0.6033507728935908,0.0019007553300205426,-0.012749884966053227,0.030608450715751134,0.011483166174392379,-0.0009218673465543059,-0.003606811255169262,-0.02740546016726242,-0.0483546149881765,0.04923263525714128,0.16040000915527344,0.1287826088999089,0.13284871288041056,2.109808155465035,MSTR
-0.009228787088131463,-0.04613223297866853,-0.05495599865344436,0.010099985140281653,0.12524432857711854,-0.0058061891724181525,0.020215601286884377,0.0703093285815235,-0.020590248369776853,0.058071149117396456,0.05502659197502966,0.048405872352973243,0.5845434321370965,0.1968937198067633,0.029302938488516617,-0.03743477662002026,-0.05495599865344436,-0.08788939373908444,0.53909388008194,0.0019007553300205426,-0.012749884966053227,0.030608450715751134,0.011483166174392379,-0.0009218673465543059,-0.003606811255169262,-0.02740546016726242,-0.0483546149881765,0.04923263525714128,0.16040000915527344,0.1287826088999089,-0.02050846557546948,1.6550799513011705,COIN
-0.0020607750786212353,-0.038073154161066824,-0.06462775677502519,0.10886369552418551,-0.011314349608898655,-0.01192654440334584,0.010710814166364768,0.07273142744852623,0.18769365423789486,0.05108936428445963,0.05023434892078123,0.04524162352727251,0.6251370137025707,0.30282401487228533,0.020350358622817533,-0.02196415526494988,-0.06815266129574915,-0.08300455121021977,0.5360490930063958,0.0019007553300205426,-0.012749884966053227,0.030608450715751134,0.011483166174392379,-0.0009218673465543059,-0.003606811255169262,-0.02740546016726242,-0.0483546149881765,0.04923263525714128,0.16040000915527344,0.1287826088999089,0.07825524480843438,1.9254951304652665,HOOD
-0.01373951883996738,-0.0878453104462743,-0.1351492877466689,0.06516130508915063,-0.24022086623648775,-0.04948720279500196,-0.045373957607183324,-0.08495178655323488,-0.06877653196065203,0.09010926535747657,0.062012076388658105,0.08035180452894443,0.8423922101684118,0.07506928446735578,0.020310642606728102,-0.03337234762121355,-0.36057318264835725,-0.16383897051670937,0.4592596634940008,0.0019007553300205426,-0.012749884966053227,0.030608450715751134,0.011483166174392379,-0.0009218673465543059,-0.003606811255169262,-0.02740546016726242,-0.0483546149881765,0.04923263525714128,0.16040000915527344,0.1287826088999089,0.0345528543733995,3.00636424126623,CIFR
-0.0019841093385088993,-0.07366486774077674,-0.12925561344371517,-0.0026437515895885166,-0.3205762820973038,-0.05270187367742185,-0.06477552603309344,-0.12232236135683972,-0.1270969152599406,0.07179368326047533,0.05119339391135296,0.05789231531085597,0.7624006541596614,0.25196855123940254,0.022486782748763146,-0.023932722163397258,-0.3495689803298102,-0.16537609423315036,0.42603732593246346,0.0019007553300205426,-0.012749884966053227,0.030608450715751134,0.011483166174392379,-0.0009218673465543059,-0.003606811255169262,-0.02740546016726242,-0.0483546149881765,0.04923263525714128,0.16040000915527344,0.1287826088999089,-0.03325220230533965,2.691816097045646,WULF
0.031096622463248957,-0.03171715317515322,-0.0344154062538502,-0.06917386309719609,-0.19211932807250787,-0.013136496280427568,-0.027854093415081715,-0.04671116873187531,0.0028832633369286764,0.05151818957839333,0.036149755047528535,0.03193892826006356,0.7134287099106204,0.577408048215232,0.02529392353509885,0.005659546784538616,-0.17939602657143394,-0.09940343207256819,0.4484634737577897,0.0019007553300205426,-0.012749884966053227,0.030608450715751134,0.011483166174392379,-0.0009218673465543059,-0.003606811255169262,-0.02740546016726242,-0.0483546149881765,0.04923263525714128,0.16040000915527344,0.1287826088999089,-0.09978231381294722,1.2396786372806023,AFRM
-0.0012555214928133829,-0.05297615655154986,-0.07284382349155505,-0.1101789376857012,-0.14508332479245667,-0.042147629486844806,-0.06465047126365264,-0.08517492250292291,-0.14465963763900003,0.04236748636497703,0.025319352746058274,0.033970836270307815,0.7922500990705432,0.14285792136806166,0.010985513729317997,-0.012108022376083882,-0.17049011500178402,-0.14965255874246697,0.36535940847353754,0.0019007553300205426,-0.012749884966053227,0.030608450715751134,0.011483166174392379,-0.0009218673465543059,-0.003606811255169262,-0.02740546016726242,-0.0483546149881765,0.04923263525714128,0.16040000915527344,0.1287826088999089,-0.14078738840145233,1.968988568021644,SOFI
0.004776322176434533,-0.060876624884583785,-0.10897189058648882,-0.1931659991833249,-0.32595402984464306,-0.05349285045057017,-0.09423917848298258,-0.15813269003631514,-0.3107661360982452,0.05226474288341104,0.026935459257750892,0.030775829231339997,0.9127931682787053,0.3032242821597596,0.011289631833689251,-0.006440597680651083,-0.30364129676749463,-0.20316809021601112,0.3209118542064435,0.0019007553300205426,-0.012749884966053227,0.030608450715751134,0.011483166174392379,-0.0009218673465543059,-0.003606811255169262,-0.02740546016726242,-0.0483546149881765,0.04923263525714128,0.16040000915527344,0.1287826088999089,-0.22377444989907602,1.5904017882159613,UPST
0.015935132444218514,-0.04819277469566852,-0.06622983028113438,-0.016575312825311328,-0.2763118581666465,-0.03458444617525491,-0.04893380249081891,-0.07978189559661863,-0.12649870452709722,0.051797402937496434,0.0351817205091462,0.04843692393383414,1.02421223691138,0.650468089080707,0.01306957711249912,0.0028285868971476003,-0.2848920275737655,-0.12528579241214488,0.42185045082221284,0.0019007553300205426,-0.012749884966053227,0.030608450715751134,0.011483166174392379,-0.0009218673465543059,-0.003606811255169262,-0.02740546016726242,-0.0483546149881765,0.04923263525714128,0.16040000915527344,0.1287826088999089,-0.04718376354106246,0.8911176434447265,RDDT
-0.01624463199380899,-0.15666600940026365,-0.17425303414540416,-0.002664098036146978,-0.27792387889503145,-0.09988123603782684,-0.0928046821952031,-0.08316687258758237,-0.27790297045086976,0.06130237197201242,0.04712876147108246,0.05005495256353237,1.5905002683037606,0.27702700961149357,0.000955588030198351,-0.017183799390995902,-0.27842998904185257,-0.20746726268742932,0.40342429708826055,0.0019007553300205426,-0.012749884966053227,0.030608450715751134,0.011483166174392379,-0.0009218673465543059,-0.003606811255169262,-0.02740546016726242,-0.0483546149881765,0.04923263525714128,0.16040000915527344,0.1287826088999089,-0.03327254875189811,0.5003210977326839,RBLX
-0.02938410844142092,0.004134289592861773,0.0698276877726478,0.3097542082524638,0.360461298074219,0.04735453269622636,0.1217110628179674,0.26606778061167824,0.396118860437072,0.05965354533961289,0.0497356674750677,0.05937906286453513,0.9044282704793479,0.10943957851494986,0.007639886129406026,-0.03674328009488104,-0.02938410844142092,-0.044655257997801234,0.6752306015057374,0.0019007553300205426,-0.012749884966053227,0.030608450715751134,0.011483166174392379,-0.0009218673465543059,-0.003606811255169262,-0.02740546016726242,-0.0483546149881765,0.04923263525714128,0.16040000915527344,0.1287826088999089,0.27914575753671267,1.7723136187807755,TEM
0.06195079580320817,-0.03472084523054142,-0.03445949065955756,-0.038689710633255214,0.09944491038461045,-0.010449421259565606,-0.016768878860020542,0.012213518918171129,-0.07107390188910034,0.05418849000672798,0.04005322944724301,0.0408207508015448,0.8821805048781193,0.9891942884881346,0.0010424377249975691,0.060844931026733606,-0.10200233887384336,-0.14792692701234045,0.48417784846926604,0.0019007553300205426,-0.012749884966053227,0.030608450715751134,0.011483166174392379,-0.0009218673465543059,-0.003606811255169262,-0.02740546016726242,-0.0483546149881765,0.04923263525714128,0.16040000915527344,0.1287826088999089,-0.06929816134900635,-0.5066959506433224,DUOL
-0.0027797054133906762,-0.01980874009919642,-0.0568517753824036,-0.02974980267195171,-0.25026118918108775,-0.0051438641775889415,-0.00704050662604061,-0.024230447814635347,-0.06030184266513916,0.05928985396369316,0.02919018310536497,0.05289262952584748,0.6939750645395892,0.2632096310748932,0.021195228924576925,-0.023477327017298655,-0.22787188117438084,-0.09776795835324281,0.48402801968044107,0.0019007553300205426,-0.012749884966053227,0.030608450715751134,0.011483166174392379,-0.0009218673465543059,-0.003606811255169262,-0.02740546016726242,-0.0483546149881765,0.04923263525714128,0.16040000915527344,0.1287826088999089,-0.06035825338770284,2.1917152779091302,HIMS
0.3148316751780005,0.337962921673052,0.3580826450192165,0.7686658108110946,2.4486872582171046,0.30662116968104725,0.4379872728032661,0.7546698896185717,1.704730982984314,0.058059617759585215,0.07420491645888258,0.08463022613366362,5.589583547487864,0.662698322593146,0.1637852800930244,0.12978888603308536,0.0,0.2936436625396561,0.8644518893488029,0.0019007553300205426,-0.012749884966053227,0.030608450715751134,0.011483166174392379,-0.0009218673465543059,-0.003606811255169262,-0.02740546016726242,-0.0483546149881765,0.04923263525714128,0.16040000915527344,0.1287826088999089,0.7380573600953435,0.3581886425455154,IOVA
0.06465514465499123,0.17154151318038258,0.17154151318038258,0.29094079144338125,0.8831003698002482,0.14098664698220476,0.20831283146171864,0.4040361463136566,1.1411756487276858,0.05467002124404648,0.038221209032745736,0.06743086966458389,2.073396520042856,0.7999995761445686,0.014367802310988553,0.04957505771519499,0.0,0.041461712689216945,0.7693719618481146,0.0019007553300205426,-0.012749884966053227,0.030608450715751134,0.011483166174392379,-0.0009218673465543059,-0.003606811255169262,-0.02740546016726242,-0.0483546149881765,0.04923263525714128,0.16040000915527344,0.1287826088999089,0.2603323407276301,1.3566399893591132,ABCL
-0.008978356729946957,0.043180670642065655,0.1332978357384249,0.27758922097960137,1.20302814245046,0.08367973919491889,0.15131313029837834,0.31788753581672946,0.9784405703764609,0.0446204650469222,0.0341130018820555,0.058241785757782584,0.6285867728127122,0.4352011309789963,-0.004953555764438788,-0.004044837292595083,-0.008978356729946957,-0.02252089536086932,0.7787047779764682,0.0019007553300205426,-0.012749884966053227,0.030608450715751134,0.011483166174392379,-0.0009218673465543059,-0.003606811255169262,-0.02740546016726242,-0.0483546149881765,0.04923263525714128,0.16040000915527344,0.1287826088999089,0.24698077026385024,0.4549125787527716,CDNA
0.058785521597027435,0.0006105146150305885,-0.042640269497653205,0.20337735149515757,0.028876275935989737,-0.0029999721110852695,0.006524256603109846,0.049386666663609136,-0.008776984038410318,0.0694610286073336,0.051392366615779,0.04480471302028033,4.396621775481629,0.08219170029021745,0.21899233832324327,-0.13142561416471632,-0.11020633432342197,-0.12958048560508884,0.5240920572420122,0.0019007553300205426,-0.012749884966053227,0.030608450715751134,0.011483166174392379,-0.0009218673465543059,-0.003606811255169262,-0.02740546016726242,-0.0483546149881765,0.04923263525714128,0.16040000915527344,0.1287826088999089,0.17276890077940643,1.0808007674599944,SMMT
-0.036936099256509314,-0.13442178323966303,-0.2212974136071424,-0.02959119430984003,-0.17824850895690147,-0.06529520422028712,-0.056431661156068125,-0.057219715884538336,-0.05147296627109621,0.08772352320275904,0.09103059739458332,0.05801921375802559,1.1330310424070513,0.17513106651009774,0.00242209609480315,-0.039263096358951644,-0.24495612011705403,-0.2619489421782152,0.4564515349713911,0.0019007553300205426,-0.012749884966053227,0.030608450715751134,0.011483166174392379,-0.0009218673465543059,-0.003606811255169262,-0.02740546016726242,-0.0483546149881765,0.04923263525714128,0.16040000915527344,0.1287826088999089,-0.060199645025591164,0.8487297227152854,VKTX
-0.0038461538461538325,-0.028944215602020207,-0.1071428158127099,-0.05002939376314941,-0.1932469688937255,-0.027986723149902137,-0.03691686255228499,-0.05422759228824825,-0.09526226118216152,0.06019373973441458,0.03912244086279975,0.037959834521559,0.5660185521407586,0.6884058171324003,-0.004923072228064873,0.0010822463589044151,-0.24936241135560966,-0.12829831631544197,0.4464944761524535,0.0019007553300205426,-0.012749884966053227,0.030608450715751134,0.011483166174392379,-0.0009218673465543059,-0.003606811255169262,-0.02740546016726242,-0.0483546149881765,0.04923263525714128,0.16040000915527344,0.1287826088999089,-0.08063784447890054,0.2771834734547519,VERA
-0.012806890590176034,0.004968977270245478,-0.0064807460081603985,-0.03853586469409909,-0.027636242672174016,-0.0007250992419890467,-0.007876654517009918,-0.03051667308460493,-0.11567947226936359,0.028630677484404322,0.01632372833395043,0.01737395879090191,1.0036311502762294,0.4748528135890271,0.0011670358872335473,-0.013957637413646862,-0.08471850911647316,-0.043854780526020654,0.45982142304025186,0.0019007553300205426,-0.012749884966053227,0.030608450715751134,0.011483166174392379,-0.0009218673465543059,-0.003606811255169262,-0.02740546016726242,-0.0483546149881765,0.04923263525714128,0.16040000915527344,0.1287826088999089,-0.06914431540985022,-0.3463970777329637,AZO
-0.017091533178087537,-0.010855725923495041,-0.04932248291501573,-0.07684205707750824,-0.07355076519106274,-0.017124078908287155,-0.03159349527625388,-0.05792253157388649,-0.14359486637940744,0.035910837148478016,0.023458894704565313,0.021693498063431342,0.9448720725361305,0.30366651088289454,0.0,-0.017091533178087537,-0.137129433418682,-0.09820050244170031,0.41775846244476034,0.0019007553300205426,-0.012749884966053227,0.030608450715751134,0.011483166174392379,-0.0009218673465543059,-0.003606811255169262,-0.02740546016726242,-0.0483546149881765,0.04923263525714128,0.16040000915527344,0.1287826088999089,-0.10745050779325938,0.3038959723590247,THO
-0.015779171170520412,0.002511262553678284,-0.01626425905196227,-0.11642324260072856,-0.03773143878293961,-0.02155060073342807,-0.047072224074103386,-0.058602496690313144,0.030791389459668528,0.0417935613860381,0.017798399033552566,0.02155866477464627,0.7150713984613764,0.33333200878967173,0.0,-0.015779171170520412,-0.17839788817678437,-0.1321739528490149,0.3420067868729585,0.0019007553300205426,-0.012749884966053227,0.030608450715751134,0.011483166174392379,-0.0009218673465543059,-0.003606811255169262,-0.02740546016726242,-0.0483546149881765,0.04923263525714128,0.16040000915527344,0.1287826088999089,-0.1470316933164797,0.3020419742105443,MLKN
-0.015090223882615938,0.01680518226376626,0.012207790254534112,-0.0028506498833349436,-0.01841157705524621,0.008906612635270594,0.0029001497088159134,-0.01893723921091539,-0.033090977012891876,0.025745245860102055,0.014954833220424823,0.018765447426129997,0.9491111266034579,0.29208319449072534,-0.002199736002142294,-0.012918906063249302,-0.1481339594015617,-0.02851070671156275,0.48816727945038374,0.0019007553300205426,-0.012749884966053227,0.030608450715751134,0.011483166174392379,-0.0009218673465543059,-0.003606811255169262,-0.02740546016726242,-0.0483546149881765,0.04923263525714128,0.16040000915527344,0.1287826088999089,-0.03345910059908608,0.4974706241099721,FERG
-0.009607412049041364,-0.0048269328345913465,-0.024079069355184224,-0.1103189709621375,-0.20338035368083396,-0.015209711631999245,-0.04046455288377315,-0.08599255141275242,-0.13362877165378284,0.033296571726607896,0.018830955091038104,0.02157071171478789,0.6988449848024316,0.4193540448083218,-0.00020890008369545132,-0.009400475725511725,-0.19230115979533835,-0.12926920737930292,0.3643829963686074,0.0019007553300205426,-0.012749884966053227,0.030608450715751134,0.011483166174392379,-0.0009218673465543059,-0.003606811255169262,-0.02740546016726242,-0.0483546149881765,0.04923263525714128,0.16040000915527344,0.1287826088999089,-0.14092742167788863,0.5053173735092212,KBH
0.0018095219263174478,0.0313560224423759,0.027996191350761368,-0.020447284634277252,-0.025456405489848177,0.01375564445683164,0.01054295767175395,-0.004987512968601671,-0.027328953268585643,0.016995605397071456,0.010407108563889699,0.012499203362148973,1.0136612907639873,0.8963227572671286,-0.006631122123816113,0.008496988619353107,-0.0507581911792756,-0.028893970629017884,0.5316487429466696,0.0019007553300205426,-0.012749884966053227,0.030608450715751134,0.011483166174392379,-0.0009218673465543059,-0.003606811255169262,-0.02740546016726242,-0.0483546149881765,0.04923263525714128,0.16040000915527344,0.1287826088999089,-0.051055735350028386,-0.3308923408018781,COST
-0.007526299746998588,0.0283680061292797,-0.028620670240009582,-0.11851398034042115,-0.06882670775507449,-0.0209236573493341,-0.04640465301715957,-0.07259156993451743,-0.011778468714476076,0.02519355010924575,0.0175190729598747,0.015427339271787075,0.6857546257157549,0.44933529911539805,0.0003798234816463353,-0.00790312143754468,-0.14955493413075693,-0.12672928762870572,0.34661744991665533,0.0019007553300205426,-0.012749884966053227,0.030608450715751134,0.011483166174392379,-0.0009218673465543059,-0.003606811255169262,-0.02740546016726242,-0.0483546149881765,0.04923263525714128,0.16040000915527344,0.1287826088999089,-0.1491224310561723,0.20257330884699898,FDX
-0.01511402160718367,-0.004167866598590697,-0.007202169875978992,-0.07270378427823665,-0.16427800408554838,-0.00973795480304629,-0.02727875164923632,-0.07439715849408213,-0.238505926873553,0.027137006625102513,0.013463128757530158,0.0181526055048995,0.8816911071170292,0.22439464051037003,-0.001373982904620985,-0.013758943255381184,-0.1873414134637682,-0.09177054941208795,0.3830097556452877,0.0019007553300205426,-0.012749884966053227,0.030608450715751134,0.011483166174392379,-0.0009218673465543059,-0.003606811255169262,-0.02740546016726242,-0.0483546149881765,0.04923263525714128,0.16040000915527344,0.1287826088999089,-0.10331223499398778,-0.1474850370701982,NKE
-0.009378487057983942,-0.026123108211133506,-0.07368239940428933,-0.05507804739686217,0.10039826201604263,-0.024373024634680385,-0.037842385993399286,-0.06245896713445409,-0.13763105495644257,0.027396233097495493,0.018566495901815527,0.02785903821727807,0.6726637979169565,0.24444042566418192,-0.005884510638817231,-0.0035146584642915535,-0.18576185081536267,-0.105149530744717,0.38912054592267487,0.0019007553300205426,-0.012749884966053227,0.030608450715751134,0.011483166174392379,-0.0009218673465543059,-0.003606811255169262,-0.02740546016726242,-0.0483546149881765,0.04923263525714128,0.16040000915527344,0.1287826088999089,-0.08568649811261331,0.382630862615868,BABA
-0.012613044855572686,-0.008951367973907831,-0.03546980122269716,-0.07738095238095233,-0.07451633655306422,-0.014264839436141541,-0.03005442160253924,-0.06307752022150026,-0.17279497033110247,0.023610206795591508,0.013162848626231797,0.017220486758390826,0.6229010792754199,0.3116903062159712,0.0,-0.012613044855572686,-0.16666666666666663,-0.09037555427284616,0.381874137342887,0.0019007553300205426,-0.012749884966053227,0.030608450715751134,0.011483166174392379,-0.0009218673465543059,-0.003606811255169262,-0.02740546016726242,-0.0483546149881765,0.04923263525714128,0.16040000915527344,0.1287826088999089,-0.10798940309670346,-0.042236712362004956,PDD
-0.01981507159391671,0.002025640251262617,-0.029430988252965307,-0.08168315020347017,-0.17094969447790598,-0.014851906736881526,-0.036413657510698694,-0.0944270292234255,-0.26185125291468336,0.03166882588833186,0.02501709129226153,0.024753603521283158,0.5971517435531084,0.37931125200599825,-0.009907567292146369,-0.010006645818586568,-0.22869021158385183,-0.10602410773715953,0.40097939619289114,0.0019007553300205426,-0.012749884966053227,0.030608450715751134,0.011483166174392379,-0.0009218673465543059,-0.003606811255169262,-0.02740546016726242,-0.0483546149881765,0.04923263525714128,0.16040000915527344,0.1287826088999089,-0.1122916009192213,0.2494274756561887,BILI
-0.0029319674935816,-0.020947091631426273,-0.04871221676047088,-0.13094818620697213,-0.060761878603980635,-0.030808060607204424,-0.060257063641987574,-0.07856481517669534,-0.09831979814835068,0.03595403495717307,0.018371425953602527,0.030939087886010117,0.9844713322646522,0.5380227749597669,0.0020220093098510805,-0.004943980029784689,-0.2500949975976485,-0.16600420510290037,0.3353769493342623,0.0019007553300205426,-0.012749884966053227,0.030608450715751134,0.011483166174392379,-0.0009218673465543059,-0.003606811255169262,-0.02740546016726242,-0.0483546149881765,0.04923263525714128,0.16040000915527344,0.1287826088999089,-0.16155663692272326,0.31678509142512296,SE
-0.009098345506471373,-0.05552059740586546,-0.08219954998749324,0.058130650975667164,0.015311715668538284,-0.02458394008752185,-0.020157215818051633,-0.044522912588282004,-0.2148284935581889,0.07068708028876658,0.043174126678400274,0.06846959794484338,1.5490419100581225,0.037429977015326715,0.023533544244941584,-0.03188160264496798,-0.25608639714402237,-0.12382023843486656,0.4750481020283601,0.0019007553300205426,-0.012749884966053227,0.030608450715751134,0.011483166174392379,-0.0009218673465543059,-0.003606811255169262,-0.02740546016726242,-0.0483546149881765,0.04923263525714128,0.16040000915527344,0.1287826088999089,0.02752220025991603,3.367571146965904,CBRS
0.03587440424515309,-0.06097559686233389,-0.10967067160857513,0.0,-0.24149254186829527,-0.030801745121577517,-0.04145419861260491,-0.09933978558124912,-0.14635634259934593,0.06705011062743624,0.04775404222568508,0.056797911103217004,1.0271191819532266,0.7903223573602906,0.018344836648773732,0.01721378354906422,-0.21306908866660446,-0.12830188061960368,0.44940038620944456,0.0019007553300205426,-0.012749884966053227,0.030608450715751134,0.011483166174392379,-0.0009218673465543059,-0.003606811255169262,-0.02740546016726242,-0.0483546149881765,0.04923263525714128,0.16040000915527344,0.1287826088999089,-0.030608450715751134,3.339759343880441,APLD
0.0,-0.030817453041565912,-0.08257107761659233,-0.0852846711979165,-0.2841435088518416,-0.028545609707926856,-0.04830571908657033,-0.11889290897939775,-0.3411768407502802,0.06384409175759675,0.04583370498797958,0.05344920454599212,0.7569999345043682,0.20437883036278634,0.022770175338326926,-0.022263237516477963,-0.24680332320752008,-0.17128178602120425,0.42857366331981883,0.0019007553300205426,-0.012749884966053227,0.030608450715751134,0.011483166174392379,-0.0009218673465543059,-0.003606811255169262,-0.02740546016726242,-0.0483546149881765,0.04923263525714128,0.16040000915527344,0.1287826088999089,-0.11589312191366763,2.8776375631228475,OKLO
-0.018963289686958484,-0.08382526750451136,-0.12710911932524915,-0.1628910630330339,-0.1925077517052759,-0.08026058896597288,-0.11393898614981324,-0.15296053998857007,-0.41759651714153945,0.08097775437758457,0.06404137321690698,0.05765856481789829,0.7986129102754328,0.024390811228239936,0.026548677901135243,-0.04433493371317443,-0.30590339740068306,-0.31750217176890816,0.38845646318761706,0.0019007553300205426,-0.012749884966053227,0.030608450715751134,0.011483166174392379,-0.0009218673465543059,-0.003606811255169262,-0.02740546016726242,-0.0483546149881765,0.04923263525714128,0.16040000915527344,0.1287826088999089,-0.19349951374878505,2.6560685674778752,SMR
0.01784257984176496,-0.04634151541947906,-0.05077892212692636,-0.09673696323805336,-0.19979535239938184,-0.04230456749524958,-0.06803904160510021,-0.10462470905046772,-0.1294654666823719,0.03270638494017945,0.022150634350972854,0.02192895727414797,1.4214212665420893,0.4538515207111295,0.00493521159022503,0.012843980490160334,-0.21861863204916154,-0.12824562901842018,0.32239629125337355,0.0019007553300205426,-0.012749884966053227,0.030608450715751134,0.011483166174392379,-0.0009218673465543059,-0.003606811255169262,-0.02740546016726242,-0.0483546149881765,0.04923263525714128,0.16040000915527344,0.1287826088999089,-0.1273454139538045,0.6075788112556811,BA
0.13414640029718106,0.15236344907440635,0.1270197413145655,0.05106744461583168,-0.08246046003851681,0.10261852854393783,0.08595110862002397,0.022592291335654435,-0.04589543170606192,0.037627375973007714,0.03429554230045075,0.027578696191366936,3.2162668618294976,0.8604649787382528,0.1016260190617706,0.029520345991017383,-0.14925809285396996,0.02239418389124448,0.6160508801575758,0.0019007553300205426,-0.012749884966053227,0.030608450715751134,0.011483166174392379,-0.0009218673465543059,-0.003606811255169262,-0.02740546016726242,-0.0483546149881765,0.04923263525714128,0.16040000915527344,0.1287826088999089,0.020458993900080547,0.668262505695538,CCL
0.04739169480694572,0.05092262066721198,0.04204784277326601,-0.03424102765565251,0.17964550133905677,0.02051810287590672,0.007713322640420461,0.020477124356245602,0.13165869888059345,0.04332631578365695,0.020259699096276097,0.020326211107235096,5.135772338946896,0.21136753237073727,0.06816975409806769,-0.019452019879243276,-0.0777016752353803,-0.06562549120471262,0.5116793335713824,0.0019007553300205426,-0.012749884966053227,0.030608450715751134,0.011483166174392379,-0.0009218673465543059,-0.003606811255169262,-0.02740546016726242,-0.0483546149881765,0.04923263525714128,0.16040000915527344,0.1287826088999089,-0.06484947837140365,0.05812854226625226,KMX
-0.2652190127676698,-0.2785937684392479,-0.32434825440303705,-0.4614150712113203,-0.5197316846141364,-0.2767738271599751,-0.3334722481150936,-0.3989070083353128,-0.4949502714264268,0.09449588400177333,0.07024876821904398,0.0529583096609096,10.937648701480034,0.25253305079965505,-0.20550844289766335,-0.07515570094637924,-0.5500116417892136,-0.46656711680152163,0.1652551446912125,0.0019007553300205426,-0.012749884966053227,0.030608450715751134,0.011483166174392379,-0.0009218673465543059,-0.003606811255169262,-0.02740546016726242,-0.0483546149881765,0.04923263525714128,0.16040000915527344,0.1287826088999089,-0.49202352192707144,-1.1265432608774424,FICO
0.013345246909170383,1.7429259301108901,1.6958581302768803,1.4396253405396218,1.4613722749825828,0.7501817500949837,1.0470885306267355,1.238376492652006,1.692723258165679,0.07424568998576532,0.40027450638609413,0.23227704540844596,2.1779927728816504,0.787482288985918,-0.02691279157277693,0.04137145996093761,0.0,-0.048553764847824366,0.8996446275478716,0.0019007553300205426,-0.012749884966053227,0.030608450715751134,0.011483166174392379,-0.0009218673465543059,-0.003606811255169262,-0.02740546016726242,-0.0483546149881765,0.04923263525714128,0.16040000915527344,0.1287826088999089,1.4090168898238706,-1.5527288197603581,KOD
-0.010824015858734715,-0.010355321687288477,-0.019315927330096794,-0.1260099725627294,0.00253912682493862,-0.02950381338274366,-0.051927808826315425,-0.055650299494934496,-0.057056438908252516,0.03024045323477717,0.020320489678930145,0.02103005712165106,0.8264024861062124,0.5063288694308524,-0.010215192063365519,-0.0006151072339030117,-0.15475362077745025,-0.14155202228376318,0.3438519405774738,0.0019007553300205426,-0.012749884966053227,0.030608450715751134,0.011483166174392379,-0.0009218673465543059,-0.003606811255169262,-0.02740546016726242,-0.0483546149881765,0.04923263525714128,0.16040000915527344,0.1287826088999089,-0.15661842327848052,-0.5627149516395613,JKHY
-0.04486928038182103,-0.07935316277710536,-0.16734694354189583,-0.04635763656099767,-0.15934069928822236,-0.08284730440803845,-0.09917441827325313,-0.10049577345444405,-0.1135334608136519,0.060049641699904385,0.05034931542395326,0.03324162098124659,1.1453823544577941,0.03816737209475013,-0.009364017907794064,-0.0358408770889187,-0.21336764517775764,-0.23476087160407422,0.3653619910090229,0.0019007553300205426,-0.012749884966053227,0.030608450715751134,0.011483166174392379,-0.0009218673465543059,-0.003606811255169262,-0.02740546016726242,-0.0483546149881765,0.04923263525714128,0.16040000915527344,0.1287826088999089,-0.0769660872767488,0.2605814011169019,MLYS
-0.012646738347598552,-0.038698292419698244,-0.06260716567662294,-0.08916664123535156,-0.34196267889574505,-0.029614850335061615,-0.050387568309569475,-0.11268987919145823,-0.2193308489931748,0.04591494971523463,0.02421368176669227,0.0459713623686527,1.2988611858966659,0.6190480515528994,-0.006323369173799276,-0.006363608620383543,-0.3403741396211455,-0.09892826034160729,0.391631364292661,0.0019007553300205426,-0.012749884966053227,0.030608450715751134,0.011483166174392379,-0.0009218673465543059,-0.003606811255169262,-0.02740546016726242,-0.0483546149881765,0.04923263525714128,0.16040000915527344,0.1287826088999089,-0.1197750919511027,-0.3991300317254661,CLBT
0.012068452896063953,0.002724387861468225,-0.07806847429310249,-0.19589755442668788,-0.2345465319003882,-0.03606421084465761,-0.09245624641881822,-0.14897648192571245,-0.049248891623241975,0.05488437715758695,0.04007771815449477,0.03997761887751298,1.21756782848963,0.7433622642401164,0.0,0.012068452896063953,-0.26052011711065726,-0.2402522669889211,0.327068106128795,0.0019007553300205426,-0.012749884966053227,0.030608450715751134,0.011483166174392379,-0.0009218673465543059,-0.003606811255169262,-0.02740546016726242,-0.0483546149881765,0.04923263525714128,0.16040000915527344,0.1287826088999089,-0.22650600514243902,0.6290051287116295,ARWR
-0.024346784067522886,-0.05899191485140809,-0.019104459392490725,-0.20723763557245167,-0.38418290415129996,-0.056355864718823034,-0.12265265973302408,-0.24938524309296461,-0.4367110827290329,0.079739973352645,0.04058731571892839,0.04205216085294418,0.6299772191600319,0.18137228319305573,0.009501178501326812,-0.03352939381318931,-0.47136421024750674,-0.27333039090438527,0.3142429004231633,0.0019007553300205426,-0.012749884966053227,0.030608450715751134,0.011483166174392379,-0.0009218673465543059,-0.003606811255169262,-0.02740546016726242,-0.0483546149881765,0.04923263525714128,0.16040000915527344,0.1287826088999089,-0.2378460862882028,1.2205954063046074,KRMN
-0.011713740710260767,-0.02510702103481799,0.040657807878665686,0.3487189108174742,0.014887500223769168,0.009799239577335861,0.050888629545057906,0.08837369638129022,0.15981769205446406,0.06124250506327704,0.05506379618677164,0.056418760103448234,0.7946792274552987,0.1794913596348223,0.026753411905981572,-0.03746484031139963,-0.04325193470649946,-0.053056055208954955,0.574023149660448,0.0019007553300205426,-0.012749884966053227,0.030608450715751134,0.011483166174392379,-0.0009218673465543059,-0.003606811255169262,-0.02740546016726242,-0.0483546149881765,0.04923263525714128,0.16040000915527344,0.1287826088999089,0.31811046010172306,2.817644489336516,SEI
0.04696886699638303,0.029581660706681445,-0.006136863376269508,0.06710153481487802,-0.1837327747580738,0.025276468806139096,0.028238935349396144,0.006666788936867674,0.08770043204236866,0.05159658452164693,0.04515686639103977,0.04733856061034938,0.8564984761878652,0.5373933211616848,0.03605116742472414,0.010537799594199981,-0.17346473174127397,-0.07349676657090654,0.531785064860284,0.0019007553300205426,-0.012749884966053227,0.030608450715751134,0.011483166174392379,-0.0009218673465543059,-0.003606811255169262,-0.02740546016726242,-0.0483546149881765,0.04923263525714128,0.16040000915527344,0.1287826088999089,0.03649308409912688,2.606355291368251,GLW
