signal,entry_date,exit_date,entry_index,exit_index,entry,atr,exit,ret,win,reason,hold
2024-01-02,2024-01-03,2024-01-18,1834,1844,151.4499969482422,4.053460644995653,159.5569182382335,0.05152869893263734,True,target,10
2024-01-19,2024-01-22,2024-01-25,1846,1849,168.3000030517578,4.283186765735506,177.1699981689453,0.05070347567646616,True,gap_target,3
2024-01-26,2024-01-29,2024-02-09,1851,1860,168.47999572753906,4.763029995161132,179.0399932861328,0.06067804977672875,True,gap_target,9
2024-02-12,2024-02-13,2024-02-16,1862,1865,180.30999755859375,4.987428407878275,202.02000427246094,0.1184037879641826,True,gap_target,3
2024-02-20,2024-02-21,2024-02-26,1867,1870,190.3300018310547,6.711511358288942,203.75302454763258,0.06852499651890276,True,target,3
2024-02-27,2024-02-28,2024-03-01,1872,1874,197.5399932861328,6.479430867317947,210.4988550207687,0.06360120570554662,True,target,2
2024-03-04,2024-03-05,2024-04-03,1876,1896,207.38999938964844,6.430100513702339,207.3800048828125,-0.002048191845630652,False,time,20
2024-04-05,2024-04-08,2024-04-18,1899,1907,209.0399932861328,5.999395199195593,197.04120288774163,-0.059399496669363616,False,stop,8
2024-04-19,2024-04-22,2024-04-26,1909,1913,189.4600067138672,6.304031512262351,202.0680697383919,0.0645473586917269,True,target,4
2024-04-29,2024-04-30,2024-05-10,1915,1923,198.64999389648438,5.942250474006952,210.53449484449828,0.05782633432250117,True,target,8
2024-05-15,2024-05-16,2024-06-10,1927,1943,214.02999877929688,5.57175686998579,225.17351251926846,0.05006519554981881,True,target,16
2024-06-12,2024-06-13,2024-07-09,1946,1962,237.5500030517578,6.506350960131021,250.56270497201984,0.05277879079389791,True,target,16
2024-07-10,2024-07-11,2024-07-17,1964,1968,241.25999450683594,6.0534869444751855,229.15302061788557,-0.05218226877480647,False,stop,4
2024-07-18,2024-07-19,2024-08-01,1970,1979,210.25999450683594,8.062606082215808,194.13478234240432,-0.07869177487735246,False,stop,9
2024-08-08,2024-08-09,2024-09-09,1985,2005,191.17999267578125,11.022220858034068,177.5500030517578,-0.07329401687517734,False,time,20
2024-09-19,2024-09-20,2024-09-26,2014,2018,192.16000366210938,7.522074498229198,210.82000732421875,0.09510659505877594,True,gap_target,4
2024-09-27,2024-09-30,2024-10-16,2020,2032,202.0500030517578,7.413557844607659,187.2228873625425,-0.0753833975019399,False,stop,12
2025-05-15,2025-05-16,2025-05-30,2177,2186,165.57000732421875,5.944694652964842,153.68061801828907,-0.07380883481298584,False,stop,9
2025-06-10,2025-06-11,2025-06-25,2194,2203,172.7899932861328,5.0680082862842255,182.92600985870126,0.05666090032067794,True,target,9
2025-06-26,2025-06-27,2025-07-08,2205,2211,183.2100067138672,4.965306885986743,193.14062048584069,0.052203446362418804,True,target,6
2025-07-10,2025-07-11,2025-07-22,2214,2221,197.92999267578125,4.66617135601034,188.59764996376057,-0.049149714835323155,False,stop,7
2025-07-23,2025-07-24,2025-07-31,2223,2228,188.1199951171875,4.657861905313343,177.8800048828125,-0.05643328992219088,False,gap_stop,5
2025-08-04,2025-08-05,2025-08-11,2231,2235,179.14999389648438,5.030942537688045,189.21187897186047,0.05416458508611499,True,target,4
2025-08-12,2025-08-13,2025-08-15,2237,2239,190.02999877929688,5.16223931107637,162.6999969482422,-0.14581940749679256,False,gap_stop,2
2025-09-11,2025-09-12,2025-09-17,2258,2261,167.8000030517578,4.5046061590324005,176.80921536982262,0.0516901797033098,True,target,3
2025-09-18,2025-09-19,2025-09-22,2263,2264,190.10000610351562,5.006397839171196,200.11280178185802,0.050671201245991115,True,target,1
2025-09-23,2025-09-24,2025-10-01,2266,2271,201.44000244140625,5.316349479183325,212.0727013997729,0.05078345328386025,True,target,5
2025-10-02,2025-10-03,2025-10-16,2273,2282,217.52999877929688,6.563492052635161,230.65698288456719,0.05834562671325516,True,target,9
2025-10-17,2025-10-20,2025-11-14,2284,2303,228.1300048828125,7.972683030154039,203.75,-0.1088689096611215,False,gap_stop,19
2025-11-17,2025-11-18,2025-11-25,2305,2310,225.1199951171875,8.980926499634236,243.08184811645597,0.07778790595619167,True,target,5
2025-11-26,2025-11-28,2025-12-05,2312,2317,252.25,10.447555760060018,273.14511152012005,0.08083493169522327,True,target,5
2025-12-08,2025-12-09,2025-12-17,2319,2325,267.1400146484375,9.213067259431593,248.7138801295743,-0.07097556902178215,False,stop,6
2025-12-18,2025-12-19,2026-01-05,2327,2336,256.4100036621094,9.555351717296821,276.1199951171875,0.07486904244598613,True,gap_target,9
2026-01-06,2026-01-07,2026-01-13,2338,2342,292.20001220703125,9.012913226989825,310.2258386610109,0.059690026354988435,True,target,4
2026-01-16,2026-01-20,2026-01-28,2346,2352,318.2300109863281,11.00619145781543,341.92999267578125,0.07247437661833644,True,gap_target,6
2026-01-29,2026-01-30,2026-02-04,2354,2357,322.32000732421875,11.79341131478916,298.73318469464044,-0.07517827653761666,False,stop,3
2026-02-09,2026-02-10,2026-02-13,2361,2364,329.07000732421875,15.202087185925167,364.95001220703125,0.10703456433044489,True,gap_target,3
2026-02-18,2026-02-19,2026-03-06,2367,2378,369.8299865722656,17.09571179021284,329.5199890136719,-0.11099602255675145,False,gap_stop,11
2026-03-09,2026-03-10,2026-04-08,2380,2400,345.8800048828125,17.43717236559339,380.7543496139993,0.09882787162849316,True,target,20
2026-04-09,2026-04-10,2026-05-08,2402,2422,399.489990234375,17.247916224272362,433.9858226829197,0.08434967907032287,True,target,20
2026-05-11,2026-05-12,2026-05-19,2424,2429,431.20001220703125,16.839051570324322,397.5219090663826,-0.08010320544350735,False,stop,5
2026-05-20,2026-05-21,2026-06-02,2431,2438,427.3599853515625,18.842029037135127,465.29998779296875,0.08677762013726054,True,gap_target,7
2026-06-03,2026-06-04,2026-06-05,2440,2441,501.70001220703125,19.82391266992578,462.05218686717967,-0.081026957096207,False,stop,1
2026-06-08,2026-06-09,2026-06-11,2443,2445,499.2099914550781,24.18814734761026,547.5862861502986,0.0949057020557924,True,target,2
2026-06-15,2026-06-16,2026-06-18,2448,2450,568.22998046875,29.880701566938246,627.9913836026265,0.10317115461696957,True,target,2
2026-06-22,2026-06-23,2026-06-25,2452,2454,585.8800048828125,32.28118496856408,650.4423748199406,0.1081972577986201,True,target,2
2026-06-30,2026-07-01,2026-07-07,2458,2461,650.9099731445312,41.38509707826143,545.3499755859375,-0.16417296079922672,False,gap_stop,3
2026-07-08,2026-07-09,2026-07-27,2463,2475,588.6599731445312,46.22643072295657,496.2071116986181,-0.15905647685206814,False,stop,12
2026-07-28,2026-07-29,2026-07-31,2477,2479,436.45001220703125,42.619506222328894,531.6900024414062,0.21621511644086655,True,gap_target,2
2026-08-04,2026-08-05,2026-09-01,2482,2501,534.239990234375,41.91055915180883,450.41887193075735,-0.15889787330754612,False,stop,19
