symbol,signal,entry_date,entry,atr,hold,exit_date,exit,ret,reason
AMAT,2024-01-02,2024-01-03,151.4499969482422,4.053460644995653,10,2024-01-18,159.5569182382335,0.05152869893263734,target
AMAT,2024-03-08,2024-03-11,201.3699951171875,6.268308323283306,8,2024-03-21,213.9066117637541,0.06025662685878763,target
AMAT,2024-04-17,2024-04-18,194.32000732421875,6.28023835151186,12,2024-05-06,206.88048402724246,0.06263810328118624,target
AMAT,2024-05-30,2024-05-31,215.0800018310547,5.563645734321664,6,2024-06-10,226.20729329969802,0.049735593146329915,target
AMAT,2024-07-17,2024-07-18,217.64999389648438,7.984344772733401,5,2024-07-25,201.68130435101756,-0.07536866525740227,stop
AMAT,2024-08-22,2024-08-23,202.6699981689453,9.422259669465431,6,2024-09-03,183.82547883001445,-0.0949812972279307,stop
AMAT,2025-07-17,2025-07-18,190.44000244140625,4.692653808229504,9,2025-07-31,177.8800048828125,-0.0679525173155685,gap_stop
AMAT,2025-11-13,2025-11-14,226.00999450683594,7.96497838026701,7,2025-11-25,241.93995126736996,0.06848341731653917,target
AMAT,2025-12-12,2025-12-15,261.2699890136719,9.452172324696255,13,2026-01-05,280.1743336630644,0.07035559170327543,target
AMAT,2026-02-04,2026-02-05,303.989990234375,14.91671900174489,3,2026-02-10,333.8234282378648,0.09613954064898111,target
AMAT,2026-03-03,2026-03-04,357.760009765625,16.407483189643976,2,2026-03-06,324.94504338633703,-0.09372340530956946,stop
AMAT,2026-03-26,2026-03-27,337.1700134277344,17.082697863791566,7,2026-04-08,378.8900146484375,0.12173579962396319,gap_target
AMAT,2026-04-16,2026-04-17,396.94000244140625,15.423023258291503,13,2026-05-06,427.78604895798924,0.07570959421288426,target
AMAT,2026-05-18,2026-05-19,406.9100036621094,18.755076634682595,4,2026-05-26,444.739990234375,0.09096892735937501,gap_target
AMAT,2026-07-02,2026-07-06,592.7899780273438,46.615826009504545,15,2026-07-27,499.5583260083347,-0.15927602603751934,stop
AMAT,2026-07-28,2026-07-29,436.45001220703125,42.619506222328894,2,2026-07-31,531.6900024414062,0.21621511644086655,gap_target
AMAT,2026-08-19,2026-08-20,496.2099914550781,34.94343570063151,10,2026-09-03,426.3231200538151,-0.14284132243352843,stop
