symbol,rsi2,ret3_pct,above_sma200,signal
ALAB,97.08784998199769,26.58444145393284,True,False
AAOI,95.2239682329648,12.33202456958471,True,False
CIFR,94.6991791453536,13.038279872622871,True,False
CRDO,97.44756161366846,15.963835471160559,True,False
UMAC,75.45748628956079,10.177191039638455,True,False
NBIS,94.43627558669498,11.190719052869147,True,False
ACMR,93.62867137310971,12.264728456758967,True,False
ARM,98.50957001136187,32.3469134973992,True,False
VICR,95.86018375763152,21.74432572349192,True,False
SNDK,77.92616262626878,16.22861297918965,True,False
BE,58.741367395034125,1.0628937676981698,True,False
SMTC,50.775631713713416,5.860932191326906,True,False
FSLY,88.88180324395282,16.482578631538168,True,False
CRWV,80.42317436467492,2.495503142331179,False,False
LUNR,81.53612830078934,13.338142730598545,False,False
NVTS,93.35676113404493,16.030537963337398,False,False
RCAT,42.04513512269886,-2.0436925329718303,False,False
ASTS,66.11100356312761,4.420446957397606,False,False
COHR,93.67723945599016,10.895732465049468,True,False
INTC,97.94306895199601,20.51459188667333,True,False
ONTO,93.36021342063215,13.273687275363578,True,False
MSTR,96.62312823493198,33.53938785264712,True,False
WULF,90.82831152317796,13.385317567653399,False,False
IREN,94.71749148916226,10.8165197697899,True,False
LITE,84.2190177600909,3.8166157155233416,True,False
WDC,90.18787024076214,7.482555607283858,True,False
CIEN,95.7275410944312,7.477236844369495,False,False
PL,73.85515121802666,6.554302166400339,False,False
ABCL,86.40885140739249,8.483288471687466,True,False
MRVL,96.9162077225543,12.045621592537659,True,False
RKLB,79.55874309925971,9.71742315945201,False,False
RDW,72.12579793827858,7.506954795925624,True,False
TER,93.36143787949797,11.839371353086726,True,False
LRCX,94.78210412893941,12.275744324300852,True,False
IOVA,79.77828728948789,3.242144868637875,True,False
TSEM,96.10988587321384,15.637987563407552,True,False
AMD,98.85356375501185,20.10146722560975,True,False
TEM,72.73184254202765,11.519218833754884,True,False
AMAT,94.26698757680666,11.76271962473181,True,False
FN,80.9436748891529,2.263933690091924,False,False
MTSI,92.06489001656823,10.867918709657399,True,False
STX,93.55621019924942,12.021505310981361,True,False
KLAC,95.18725865934114,9.924713521615637,True,False
ONDS,73.91295767599465,2.5000043047800125,False,False
HIMS,94.06037350745652,4.8214299338204425,True,False
CLS,93.9801132302264,6.352100848334619,True,False
VRT,86.91165377527865,4.782589187209618,False,False
PATH,47.10453807955514,-0.2934700037944049,True,False
APP,71.93080044030042,1.1054678760808345,False,False
MU,96.49661342162264,12.671736516256438,True,False
CRWD,77.01066779138131,3.310409957308136,True,False
COIN,89.96689962341058,22.211421655237796,True,False
HOOD,90.46102478491923,18.080832420879545,True,False
SMMT,16.831693175437792,-2.3121366252628617,True,True
RBRK,92.71087234630303,7.6014435819810044,True,False
CAMT,91.27343208320501,7.965949084813939,False,False
RBLX,90.1015568612405,8.053973582638507,False,False
NET,84.36475865627195,8.322815351681601,True,False
RDDT,75.54857311309658,0.7169984646328231,False,False
MDB,83.64946893012579,8.226601412644218,True,False
VKTX,73.48297954824866,1.9986454723537106,False,False
TEAM,90.88916203935032,2.8326673450845608,True,False
TWLO,93.63473082040016,11.37809449104581,True,False
SHOP,93.26349646306241,6.124954635162205,True,False
UPST,83.87645937194713,2.937623867324679,False,False
DDOG,84.51072026025781,6.178781654517174,True,False
S,79.09833864741879,2.719029601606149,True,False
PANW,61.70288555822561,-1.0355341924832562,True,False
RNG,80.2483828909221,5.1128665888234615,True,False
VERA,67.32193320940574,7.806104836332439,False,False
AMPL,52.810259973892,-0.296955909874308,True,False
MPWR,96.68464002930115,11.333995871387348,True,False
ORCL,60.73639135122759,3.7719989929796416,False,False
SOFI,58.661941358262276,0.7719665058709912,False,False
ZS,96.73854466075711,8.11671515979555,True,False
KGS,12.847475202134214,-3.715114149313692,False,False
AFRM,47.21542366123796,-0.7404285634803331,True,False
QCOM,75.3043715272566,5.080069019522893,True,False
CDNA,79.53460465154656,1.4565874978655913,True,False
GEV,87.27598127344818,2.2840959511238434,True,False
PLTR,98.63474859338166,5.018928635883135,True,False
SNOW,73.22617246107639,2.5285559520757284,True,False
DUOL,68.55766907955041,0.8436255756544719,True,False
CRM,6.20549065744931,-5.469809346884147,True,True
NOW,54.10119208465086,-1.5305496612335157,True,False
SE,57.0014147994167,-0.8212545643682012,False,False
ASML,93.84032499075734,6.80930069409007,True,False
MLKN,8.567145094962346,-3.099664472169672,True,True
ETN,95.15428557846893,9.459528918436444,True,False
WDAY,37.444693341636594,2.215596391039476,True,False
CEG,61.6743150724607,0.9940995585869139,False,False
KBH,47.01049572238912,-1.6642646169454434,False,False
AVGO,93.26649701062938,7.013156331881509,False,False
THO,66.57651051697387,0.28678603923590895,False,False
VST,39.50950429271108,0.4420200584482892,False,False
BILI,71.25968440055141,1.8791992873428365,False,False
NVDA,96.6254712197402,6.302015601202737,True,False
TSM,95.32478648847663,6.564208883368017,True,False
BABA,94.8512587072945,7.905289104417723,False,False
NKE,57.93703998212407,0.8943535655159929,False,False
FERG,74.97426966361402,0.8350796525139259,False,False
FDX,10.007312741025585,-1.9653959471661153,True,True
AZO,11.857280007688065,-1.6072093910469487,False,False
PDD,75.9129979658412,0.6856283657703743,False,False
COST,67.56897040516202,0.5303544975236107,False,False
