symbol,eligible,a_hit5,a_hit10,a_close3,a_down3,b_hit5,b_hit10,b_close3,b_down3,p_hit5,p_hit10,p_close3,p_down3,close,daily_pct,volume_ratio,atr,atr_pct,rsi,ema20,ema50,rs20_qqq_pp,ret20_pct,range_position,high,low,prior_high20,adv20,history_sessions,high_close_pct,max_feature_abs,last,last_at,session,after_hours_change_pct,after_hours_volume,quote_note,evaluation_score_neighbors,evaluation_score_dates,empirical_hit5,empirical_hit5_dateblock95,model_disagreement,extension_atr
AAOI,True,0.26484987425748857,0.042704638843438676,0.22491917731800132,0.5261720602618549,0.34035633282980055,0.07117876796405939,0.16027825090697717,0.38853919341769105,0.30260310354364456,0.05694170340374903,0.19259871411248924,0.457355626839773,101.4000015258789,0.366230576118598,0.8189161417954097,8.178151102460808,8.06523765226336,44.653684431298544,105.30819100627448,113.82712707329914,-13.838477720414167,-10.487285824008296,0.2826088923199402,105.02999877929688,99.97000122070312,118.9000015258789,691566895.8547211,2514,3.579878894273514,,,,overnight quote fetched separately,,,Historical daily-only source; not a live bid/ask,1290,396,0.3116279069767442,"[0.27801421417769556, 0.34388210459195995]",0.07550645857231197,-0.47788178910262524
CIFR,True,0.26858376101885023,0.04509807634098927,0.2081633899063856,0.5349338041299797,0.26939206703492086,0.03542559968459715,0.19310370458526663,0.5124689171886686,0.26898791402688554,0.04026183801279321,0.2006335472458261,0.5237013606593242,17.729999542236328,-2.044203488593266,0.9312287175689878,1.5514365616752817,8.750347443492348,50.960812802367485,17.444421591654002,18.161054876687786,2.37331053810792,5.72450243451379,0.23015790119027615,18.700000762939453,17.440000534057617,19.7450008392334,584077092.551899,1490,5.470960212900122,,,,overnight quote fetched separately,,,Historical daily-only source; not a live bid/ask,1512,401,0.25132275132275134,"[0.21924092049296542, 0.2824623576722545]",0.0008083060160706257,0.18407323743482698
CRDO,True,0.22802044377772965,0.03707331442285748,0.19955430921302525,0.45414140282748255,0.26188614527293413,0.03292334785868552,0.17968549226592262,0.43894384387885305,0.24495329452533188,0.0349983311407715,0.18961990073947393,0.4465426233531678,210.97000122070312,7.654232743054834,1.2450313194778542,13.579011058455121,6.436465364689287,57.86288739498706,189.43446758844536,203.23481468814353,-15.53484307988614,-12.18365118348027,0.7688152493835737,214.8699951171875,198.00039672851562,244.4600067138672,1650522353.7695312,1170,1.848601163159902,,,,overnight quote fetched separately,,,Historical daily-only source; not a live bid/ask,1664,412,0.23677884615384615,"[0.20730270906949352, 0.26648212697950363]",0.03386570149520449,1.5859427125842445
ALAB,True,0.20530647424723197,0.026874720238473208,0.19032872444521073,0.5182791383263294,0.26444025950619016,0.036756455627764785,0.15211662786619826,0.39183672512775675,0.23487336687671106,0.031815587933119,0.1712226761557045,0.4550579317270431,364.6199951171875,1.1400474994396115,0.7599579106571609,23.098414325382315,6.334928044184348,64.39020242970753,316.34888361698006,311.5221402687097,16.55409913856747,19.905291034973338,0.3886317520709801,377.8699951171875,356.1972961425781,369.1499938964844,1215408331.5171814,632,3.6339202943989735,,,,overnight quote fetched separately,,,Historical daily-only source; not a live bid/ask,1821,416,0.23778143876990665,"[0.20854711282789634, 0.26616762622840445]",0.05913378525895818,2.0898019587068983
NBIS,True,0.2097628381422893,0.028305560415154953,0.19432676638807145,0.5053845071329497,0.24362266254301615,0.039126046868672826,0.1483586100345976,0.4123264002925939,0.22669275034265274,0.033715803641913886,0.17134268821133453,0.4588554537127718,237.3300018310547,-2.525872352719438,0.7136488617426106,16.615730977635017,7.001108519546999,55.548252257143105,225.53791734182988,219.94989176750192,5.276603083516673,8.627794979922543,0.16700778167222943,246.89999389648438,235.4113006591797,254.74000549316406,3441145225.0803375,484,4.032356630680911,,,,overnight quote fetched separately,,,Historical daily-only source; not a live bid/ask,1914,418,0.23981191222570533,"[0.2101733666900833, 0.26882683824028447]",0.03385982440072685,0.7096939945102084
SNDK,True,0.18358472289987288,0.023382242627513303,0.17736158088795467,0.4516013324581706,0.2504390604997245,0.04069578645649965,0.1343491126196309,0.3732621312408167,0.21701189169979868,0.03203901454200647,0.15585534675379278,0.41243173184949367,1777.800048828125,1.3788650778540967,0.6720552178820816,111.58154360843756,6.276383200798589,57.32570252002957,1677.5081919817223,1603.4957324402012,16.370018062565617,19.721209958971485,0.4836912692550099,1815.000244140625,1742.949951171875,1909.47998046875,17805910355.861206,406,2.0924847727966434,,,,overnight quote fetched separately,,,Historical daily-only source; not a live bid/ask,2051,421,0.2393954168698196,"[0.21139616184660806, 0.26910673632153964]",0.0668543375998516,0.8988211993046742
VICR,True,0.1937149418877563,0.02594079791662787,0.18086392565142206,0.47666837933322226,0.23724946261193205,0.0227659202675272,0.18619484746699783,0.41346170790481834,0.21548220224984416,0.024353359092077535,0.18352938655920994,0.44506504361902033,281.9599914550781,2.1372143550903555,0.8605606302040083,17.838510142316203,6.326610399673754,70.44973408656719,226.14028628473184,224.71539250478773,35.108831822004575,38.46002371841044,0.38377282186418593,291.5299987792969,276.0,285.44000244140625,193413881.3558197,2514,3.394101154150242,,,,overnight quote fetched separately,,,Historical daily-only source; not a live bid/ask,2073,422,0.2402315484804631,"[0.2120384949169353, 0.26970838475027603]",0.04353452072417577,3.1291685642475127
BE,True,0.18672269460339017,0.02693516248514432,0.1677876268308366,0.41031095411843754,0.21330139047791163,0.028345797472911098,0.151501699875976,0.39724294120944087,0.20001204254065091,0.02764047997902771,0.1596446633534063,0.40377694766393923,288.70001220703125,8.269273885341576,1.054261053723131,19.19684533110248,6.649409255076902,62.7993621518384,259.7309586194452,246.02990987352587,29.183357881058747,32.53454977746462,0.8599599420818635,292.7200012207031,264.0140075683594,288.0,4227188692.480316,2054,1.3924450445776504,,,,overnight quote fetched separately,,,Historical daily-only source; not a live bid/ask,2302,426,0.21676802780191137,"[0.19168061714543522, 0.24363302785224777]",0.02657869587452147,1.5090528202907791
IREN,True,0.14772717365957133,0.02194764456646126,0.14455420064529534,0.41165732317309883,0.1969371378599562,0.03148860556068916,0.13095418965410244,0.3916669695695439,0.17233215575976377,0.02671812506357521,0.1377541951496989,0.40166214637132136,44.125,-4.387868816739637,0.9932375708543698,2.96039650444468,6.709113891092759,51.132423213826605,44.12929276487857,43.414193103508225,5.518784242205532,8.869976138611403,0.2321427686759045,46.4900016784668,43.40999984741211,49.369998931884766,1721102110.233593,1218,5.359777174995584,,,,overnight quote fetched separately,,,Historical daily-only source; not a live bid/ask,2778,428,0.20050395968322535,"[0.17878443011701478, 0.2235745707496813]",0.04920996420038487,-0.001450064162731443
COHR,True,0.15306931009712738,0.0221960936997533,0.14925149244735716,0.36499900720861905,0.17663091823139362,0.02356067377118445,0.14742505874470246,0.3539448694146151,0.1648501141642605,0.022878383735468875,0.1483382755960298,0.35947193831161706,295.8299865722656,1.796222251065549,0.7436907279443616,20.174264816280793,6.819546946554252,49.54995428178702,296.53993372376294,303.1260643795512,-3.20224579057633,0.14894610582953938,0.4821271308424394,301.7699890136719,290.29998779296875,332.8599853515625,1830720840.8572388,2514,2.0079108646936294,,,,overnight quote fetched separately,,,Historical daily-only source; not a live bid/ask,2906,430,0.19098417068134893,"[0.17060823958650045, 0.21155096056155906]",0.02356160813426625,-0.03519073225034622
VKTX,True,0.16367545808105677,0.03050278984934762,0.13319418321814597,0.4714446684248885,0.1559817050686621,0.01647715675930358,0.1667754264434127,0.5381457334194238,0.15982858157485944,0.0234899733043256,0.14998480483077933,0.5047952009221561,35.560001373291016,-3.238091501248941,2.197039868561086,2.8479865468262773,8.008960733520638,54.00892439927225,34.005623438493615,33.85165151840074,1.6694836272080682,5.020675523613938,0.11660099498639025,39.045101165771484,35.099998474121094,43.099998474121094,229315409.00960922,2514,9.800617710600301,,,,overnight quote fetched separately,,,Historical daily-only source; not a live bid/ask,2998,430,0.1894596397598399,"[0.17015550603520518, 0.2099044612531516]",0.007693753012394666,0.5457813473625989
WULF,True,0.1432544417430176,0.022766442057716586,0.13840910233906242,0.37461865425916313,0.1696698974948985,0.02270277672971427,0.15245721147719218,0.4066001383664679,0.15646216961895804,0.022734609393715428,0.1454331569081273,0.39060939631281555,15.739999771118164,-3.376311316747249,0.8734677969199562,1.1523069861593827,7.320883118904412,45.68530491449587,16.36362124453486,17.367061765683943,-7.899402996527327,-4.548211100121458,0.3689322455887922,16.389999389648438,15.359999656677246,18.079999923706055,461032776.8433523,2514,4.129603735592036,,,,overnight quote fetched separately,,,Historical daily-only source; not a live bid/ask,3094,430,0.18972204266321913,"[0.1698266004659171, 0.21073800038742385]",0.026415455751880895,-0.541193866658062
CRWV,True,0.13985732534215925,0.02118235713603397,0.14524803640278153,0.3751229226238137,0.17036233657582173,0.02359803266388564,0.143598119162654,0.373873862501818,0.1551098309589905,0.022390194899959803,0.14442307778271776,0.3744983925628158,87.58999633789062,-2.8181526605239315,0.8013412157535341,5.471512287024014,6.246731950891849,50.80004593499097,86.69265359365978,88.15950439976051,-2.441061414426793,0.9101304819790768,0.19268136101005778,90.9000015258789,86.80000305175781,104.58999633789062,2493541789.737358,376,3.7789762831128337,,,,overnight quote fetched separately,,,Historical daily-only source; not a live bid/ask,3130,430,0.18722044728434506,"[0.1671449210253893, 0.20820718167915298]",0.030505011233662477,0.16400269197218786
SMTC,True,0.14522637370229283,0.01946331755736737,0.14132718718110873,0.3719952093985755,0.16241243776513245,0.017736161362451628,0.14060228205648453,0.3813815643972525,0.15381940573371264,0.018599739459909496,0.14096473461879663,0.376688386897914,182.3000030517578,4.469915788972956,0.7148498055457803,11.334103910211217,6.217281250946161,63.05947281118633,162.11389855673337,149.09084037704756,24.641514995557646,27.992706891963515,0.683099108650762,185.0,176.47999572753906,190.63999938964844,535230073.04252625,2514,1.481073452026016,,,,overnight quote fetched separately,,,Historical daily-only source; not a live bid/ask,3162,430,0.18532574320050602,"[0.1658388887890604, 0.20642500872552827]",0.017186064062839623,1.7810057729255686
RCAT,True,0.12463190731641041,0.020465340754675737,0.13627999502496266,0.32031717794417014,0.15141614407061915,0.022342098146274646,0.16818315594502647,0.3590472339863684,0.1380240256935148,0.021403719450475193,0.15223157548499455,0.33968220596526927,6.659999847412109,-2.0588285205272117,0.6708305103494048,0.5056186579096826,7.591871914323721,33.536658181601474,7.59975708909516,8.449244802644941,-31.583950096283886,-28.232758199878017,0.0,6.864999771118164,6.659999847412109,9.430000305175781,65224469.051401615,2514,3.078077003045454,,,,overnight quote fetched separately,,,Historical daily-only source; not a live bid/ask,3596,430,0.1732480533926585,"[0.15410957157429445, 0.19281831052809595]",0.02678423675420874,-1.8586284880549584
ASTS,True,0.12568532933294463,0.01900900039876133,0.13228081534946418,0.3254533092616199,0.14224180572812262,0.01921865264450085,0.14130979013590092,0.3288042187112638,0.13396356753053362,0.019113826521631093,0.13679530274268253,0.32712876398644186,61.810001373291016,1.2283000051291681,0.6516489431934753,4.109589732315605,6.648745576782041,49.32118916493693,61.62904647147219,64.97815290884074,-2.748973870930227,0.6022180254756426,0.35990935096262466,63.21500015258789,61.02000045776367,67.19999694824219,599758324.4041634,1733,2.2730929430200497,,,,overnight quote fetched separately,,,Historical daily-only source; not a live bid/ask,3701,430,0.16887327749256958,"[0.1512209194595951, 0.1877790747414461]",0.016556476395177988,0.04403235203647946
LITE,True,0.12215015445488436,0.01712446450642331,0.12808813092599458,0.3541205455546764,0.14512905498345388,0.018165719814510182,0.12797568537696974,0.3616844839377405,0.13363960471916914,0.017645092160466745,0.12803190815148216,0.3579025147462085,941.6500244140625,1.3573201030050441,0.8738703764105024,61.58928088286624,6.540570199760776,54.45892125219209,912.82057191443,880.7417572156314,-4.8666592978724665,-1.515467401466597,0.5718936389662244,962.8796997070312,913.2899780273438,1026.760009765625,4039839365.5685425,2514,2.2545186367067593,,,,overnight quote fetched separately,,,Historical daily-only source; not a live bid/ask,3718,430,0.16756320602474448,"[0.14973906729281466, 0.186233941028632]",0.022978900528569518,0.4680920459919289
ONTO,True,0.11450350578478918,0.01601301580419738,0.13124077298897974,0.31501929801744677,0.14123478638723225,0.0220018319713256,0.1214322360927575,0.27026260414626807,0.12786914608601072,0.019007423887761492,0.12633650454086862,0.2926409510818574,287.6400146484375,2.8277279345961803,0.4635863072914062,15.692267557483452,5.455523139457153,54.8523318354744,274.0238529379945,280.0310282675809,-5.053051151360622,-1.7018592549547518,0.726374128671009,289.9783935546875,281.4324951171875,305.7349853515625,239454113.14094543,1737,0.8129532704648446,,,,overnight quote fetched separately,,,Historical daily-only source; not a live bid/ask,3992,430,0.16307615230460923,"[0.14625498813880358, 0.18164302749397102]",0.026731280602443064,0.8676987988233495
IOVA,True,0.10805971548349302,0.015816965863692717,0.10065202713520664,0.397100905877305,0.13847560181174118,0.03091563586170823,0.12158628431649246,0.36942322394831095,0.1232676586476171,0.023366300862700473,0.11111915572584954,0.383262064912808,11.0,1.8518500530834592,0.934325809171501,0.5782629843137553,5.256936221034139,74.35970596617581,9.437635721680524,7.858704607351141,29.820717246374873,33.17190914278074,0.704545553065409,11.130000114440918,10.6899995803833,10.979999542236328,126242642.83359528,2514,1.1818192221901613,,,,overnight quote fetched separately,,,Historical daily-only source; not a live bid/ask,4229,429,0.15464648853156773,"[0.13847447791765277, 0.17316605013531358]",0.030415886328248154,2.70182308171357
CDNA,True,0.10185664047157732,0.015437336029974111,0.09836023489103535,0.35627815114016864,0.12706172077397002,0.018532782560923843,0.10556970923626376,0.3836397348135603,0.11445918062277366,0.016985059295448978,0.10196497206364954,0.3699589429768645,63.68000030517578,3.7640564013287747,1.9225606973254117,2.853070474562023,4.480324216220412,79.29981082915883,53.68043310757933,47.26774653364541,18.26836418241178,21.61955607881765,0.6773502549242563,65.19000244140625,60.5099983215332,63.09000015258789,64389660.61885834,2514,2.3712344990484135,,,,overnight quote fetched separately,,,Historical daily-only source; not a live bid/ask,4655,429,0.1469387755102041,"[0.13212486629809744, 0.16448708097282383]",0.0252050803023927,3.504844092269221
LUNR,True,0.1108389476274613,0.016819946087866758,0.12165937478700069,0.3338411003250272,0.11281463285339885,0.01587761682650985,0.13785802661938587,0.331981255314697,0.11182679024043007,0.016348781457188304,0.12975870070319329,0.3329111778198621,15.609999656677246,-0.5732493865049482,0.9482517371451261,1.0573858928300734,6.773772684727588,51.24387423330593,15.265275205883144,16.379169622036,-6.874063575933587,-3.522871679527717,0.02733396666378789,16.190000534057617,15.593700408935547,16.395000457763672,103463199.91919994,1218,3.7155726466161276,,,,overnight quote fetched separately,,,Historical daily-only source; not a live bid/ask,4782,429,0.14408197406942702,"[0.12922786387015892, 0.1608491631265096]",0.0019756852259375512,0.3260157461259989
INTC,True,0.10149217172134906,0.012173836408569411,0.11847826310813511,0.36343682836179775,0.12012921700205433,0.016566488713998555,0.11809854289737069,0.34367483350649164,0.11081069436170168,0.014370162561283983,0.1182884030027529,0.35355583093414467,123.0,-3.4461099071212975,0.9161830402163266,6.263320643170296,5.092130604203493,66.90009367487521,108.9109928400108,103.69336163100705,30.21380418492352,33.56499608132939,0.039120661835343275,126.93000030517578,122.83999633789062,127.44000244140625,11136689073.715475,2514,3.195122199329914,,,,overnight quote fetched separately,,,Historical daily-only source; not a live bid/ask,4829,429,0.142886726030234,"[0.12799240577835078, 0.15915984429852412]",0.01863704528070527,2.249446892895744
FN,True,0.10817953393390037,0.017025415842820663,0.12028250615071583,0.2640092903541441,0.11016486218101107,0.017514698916989608,0.12241578699341836,0.26494566925544477,0.10917219805745572,0.017270057379905134,0.1213491465720671,0.2644774798047944,417.3900146484375,4.777093582850833,0.9348228217647355,22.288271423986398,5.339914861825225,49.11041785700021,411.0202544163845,450.661943500404,-6.8916640623302055,-3.5404721659243354,0.8759009439305586,419.6300048828125,401.5799865722656,453.94000244140625,318886146.20285034,2514,0.5366659852324762,,,,overnight quote fetched separately,,,Historical daily-only source; not a live bid/ask,4929,429,0.14161087441671738,"[0.1269933638452074, 0.15683429261861348]",0.0019853282471107014,0.2857897820284952
RDW,True,0.10986168496135415,0.015043916848118708,0.12009110727965136,0.33480484074955985,0.10791194682566087,0.014766665969315132,0.12235914579845765,0.3211312286206375,0.10888681589350752,0.014905291408716919,0.12122512653905451,0.32796803468509866,11.619999885559082,0.17240951234194224,1.0622455832804394,0.7382531200001287,6.3532971365826185,54.20599267167656,11.214779008410126,11.321222366463157,-0.24560703767320113,3.1055848587326684,0.14285688335373894,12.069999694824219,11.545000076293945,11.899999618530273,136456222.12596893,1431,3.8726317874097527,,,,overnight quote fetched separately,,,Historical daily-only source; not a live bid/ask,4935,429,0.14224924012158055,"[0.12757050021234084, 0.15753715498938428]",0.0019497381356932825,0.5488915199557646
PL,True,0.10502072175286542,0.016533997958399833,0.11961279540733641,0.2794009882178385,0.11042253794493581,0.01886580576221482,0.13498647697408356,0.3181303449175599,0.10772162984890062,0.017699901860307326,0.12729963619071,0.2987656665676992,17.43000030517578,-1.0783230704198066,1.1238629741537232,1.0839575657677716,6.218918799708191,41.88494675211844,17.893381281249926,20.893310608222787,-20.978789104033023,-17.627597207627154,0.07407346358256824,18.18000030517578,17.3700008392334,21.68000030517578,219740563.91680717,1362,4.302925914334543,,,,overnight quote fetched separately,,,Historical daily-only source; not a live bid/ask,4991,429,0.13965137247044682,"[0.12458249365418154, 0.15463758054565654]",0.005401816192070391,-0.427489959670082
ONDS,True,0.1026701815907439,0.015215559028899053,0.116908866849435,0.3001765604656663,0.1095105650391246,0.014954960921857628,0.12453091719350921,0.32159168905287067,0.10609037331493425,0.01508525997537834,0.1207198920214721,0.3108841247592685,7.639999866485596,0.5263152941442195,1.0845991568299382,0.44061732466495807,5.767242570223267,48.83905783779456,7.607497197823342,7.969394046858965,-16.03690770799906,-12.685715811593191,0.1724128292232157,7.880000114440918,7.590000152587891,8.84000015258789,490970039.8351002,1458,3.1413645569305926,,,,overnight quote fetched separately,,,Historical daily-only source; not a live bid/ask,5113,429,0.1351457070213182,"[0.12084253865223071, 0.15013823596097875]",0.006840383448380699,0.07376620673499021
CIEN,True,0.09975979561049196,0.014083199623801244,0.11808729006102389,0.29589744185834166,0.11037094954413389,0.01488669731152432,0.13097403248002484,0.3110003480723889,0.10506537257731292,0.014484948467662781,0.12453066127052437,0.3034488949653653,356.9100036621094,-0.42406858932890756,0.5765770393557536,22.938572635730957,6.4269906700197605,48.121964318562526,357.32280625914444,380.62073482239964,-14.090219478236065,-10.739027581830197,0.16637449560407258,366.42999267578125,355.010009765625,418.7200012207031,966065140.3311157,2514,2.667335999549225,,,,overnight quote fetched separately,,,Historical daily-only source; not a live bid/ask,5178,429,0.1340285824642719,"[0.11967645744233331, 0.14907418031356348]",0.010611153933641926,-0.017996001913042025
WDC,True,0.10504268172316296,0.014573868266911082,0.11947593877175883,0.3028800916908887,0.10242847343379195,0.014117182067690866,0.11860763490692057,0.29100782014574783,0.10373557757847746,0.014345525167300973,0.11904178683933969,0.29694395591831824,456.80999755859375,1.4434500755569513,0.8994686326161317,27.599474679138513,6.041784292516147,49.64308963364857,453.6323732122978,471.97841611632555,-4.442829655675451,-1.0916377592695814,0.6382078141183757,461.9800109863281,447.69000244140625,495.489990234375,2922487423.6338806,2514,1.1317645093945616,,,,overnight quote fetched separately,,,Historical daily-only source; not a live bid/ask,5291,429,0.13532413532413531,"[0.120814864852241, 0.15037479748955845]",0.002614208289371006,0.11513350827281503
RKLB,True,0.09946141870732944,0.01415711055247489,0.11348238411864238,0.2957464649321122,0.09680212183986418,0.013804893618429029,0.11528567527000302,0.2710261672680802,0.09813177027359682,0.013981002085451959,0.11438402969432271,0.28338631610009624,73.94999694824219,0.4618887855882159,0.9495998655333532,3.9616572217312345,5.357210798134325,59.41467670309204,68.49771017821956,72.3378327194696,6.155691392497031,9.506883288902902,0.46060797212459825,75.31999969482422,72.78009796142578,75.45999908447266,1301023778.2287598,1465,1.8526069007695822,,,,overnight quote fetched separately,,,Historical daily-only source; not a live bid/ask,5694,429,0.12662451703547595,"[0.11365705859667943, 0.14016842483591424]",0.002659296867465258,1.3762641401973663
HIMS,True,0.09597500321298968,0.013981803003589598,0.11001834524769467,0.2936158362762049,0.09683215360154722,0.013427407631856745,0.11755039446114622,0.2907321102708871,0.09640357840726846,0.013704605317723172,0.11378436985442045,0.292173973273546,29.420000076293945,0.47813998075585395,0.8277324184138338,1.7706241129307756,6.018436806047154,51.31151897525702,28.940170875006874,29.4687834180972,-10.426364928351607,-7.075173031945736,0.7154809711998263,29.760000228881836,28.565000534057617,31.985000610351562,283984333.86532784,1768,1.1556769262616617,,,,overnight quote fetched separately,,,Historical daily-only source; not a live bid/ask,5835,429,0.12425021422450729,"[0.11178241716373198, 0.1375146001909277]",0.0008571503885575343,0.27099438993454533
ABCL,True,0.08600270083395085,0.011037608522378471,0.09743826895705328,0.3226785292641134,0.10438651566152617,0.013694041934763155,0.1047565068324205,0.3841342515289256,0.09519460824773851,0.012365825228570812,0.10109738789473689,0.3534063903965195,12.699999809265137,0.3952584367008294,0.7819686366773033,0.7078763866551725,5.573829899892987,65.0727423949316,11.793575171446783,10.236773278219722,-0.9318354450834843,2.4193564513223853,0.6406244179237031,12.930000305175781,12.289999961853027,13.180000305175781,50979504.10422325,1453,1.8110275540543785,,,,overnight quote fetched separately,,,Historical daily-only source; not a live bid/ask,5919,429,0.12164216928535225,"[0.10938837064536301, 0.1345837355262056]",0.018383814827575312,1.280484354198271
MRVL,True,0.08410525868230403,0.00985334581774554,0.10630260299552081,0.28972479387450045,0.10446673732016351,0.0153739180290036,0.10113557169246988,0.27865502423571054,0.09428599800123377,0.01261363192337457,0.10371908734399535,0.2841899090551055,261.93499755859375,1.1527264764814804,0.5729318207690288,13.506617964025452,5.156477022893467,63.09784489726984,240.45843605892503,229.8702670560204,5.132966674423511,8.484158570829381,0.44820852643023307,267.4798889160156,257.4309997558594,266.0,4968174973.835907,2514,2.1168959509435092,,,,overnight quote fetched separately,,,Historical daily-only source; not a live bid/ask,5973,429,0.12087728109827557,"[0.10884183299512946, 0.13342397380124493]",0.020361478637859476,1.5900769205785652
TER,True,0.08894209113851198,0.011923024144883169,0.10671226887924051,0.2727588756756248,0.09863310093459429,0.014795930721485944,0.10693163121618149,0.25007916390954454,0.09378759603655314,0.013359477433184556,0.106821950047711,0.26141901979258464,398.3800048828125,2.7547052719921306,0.6243186508707955,20.403184045729837,5.121538178536757,58.11548431083416,372.5425783302243,371.07749768296236,3.764064950224144,7.115256846630014,0.8291875642109205,400.44000244140625,388.3800048828125,399.3999938964844,918389306.7823792,2514,0.5170936124667458,,,,overnight quote fetched separately,,,Historical daily-only source; not a live bid/ask,6007,429,0.11969369069419011,"[0.10770386786011389, 0.13232740587807915]",0.009691009796082312,1.2663428656369797
MSTR,True,0.09080649738819128,0.014049690969436583,0.09541850082242721,0.326330713536075,0.09604470885628202,0.012152467090605183,0.1158373021913759,0.3346196885807549,0.09342560312223666,0.013101079030020883,0.10562790150690156,0.330475201058415,158.61000061035156,-1.8563207652186886,0.7013665127458364,8.8624981861089,5.587603651727427,63.486463018582405,142.51200035858812,128.27824418722744,12.085494898388728,15.436686794794596,0.3064637753028417,162.75,156.7805938720703,171.19000244140625,3712925544.918709,2514,2.6101755083016043,,,,overnight quote fetched separately,,,Historical daily-only source; not a live bid/ask,6031,429,0.11971480683137124,"[0.10753105491038974, 0.13263564228137728]",0.005238211468090739,1.8164178895963534
CLS,True,0.08173972795825965,0.010809338710319671,0.10038246157152068,0.2742446216239797,0.08945274668215786,0.012788731468774456,0.11162826042795738,0.30080560250331867,0.08559623732020875,0.011799035089547064,0.10600536099973903,0.28752511206364917,365.44000244140625,-2.1736789726565564,0.988404094497963,19.249074057352125,5.267369179278197,61.42128750118354,336.74747293531925,332.8057722316127,11.791538212360475,15.142730108766344,0.02639402210054455,381.3013000488281,365.010009765625,379.0,735609553.4310913,2514,4.340328782141212,,,,overnight quote fetched separately,,,Historical daily-only source; not a live bid/ask,6691,429,0.10775668808847706,"[0.09642360880546325, 0.1195511696892065]",0.007713018723898207,1.4905927121792113
AMD,True,0.07368336097249398,0.00864675329812032,0.0945987078763558,0.27953420518425287,0.08794647353807664,0.012754890755904746,0.09045414059556521,0.2613867171434434,0.0808149172552853,0.010700822027012533,0.0925264242359605,0.27046046116384814,630.6300048828125,0.21771526808096464,0.8121619813995735,24.70897449945818,3.918141272718185,72.99571503316015,550.1932170389033,515.471900429908,28.947880232749412,32.299072129155284,0.380490553861396,638.9500122070312,625.52001953125,630.7999877929688,11514804052.319641,2514,1.3193167562277397,,,,overnight quote fetched separately,,,Historical daily-only source; not a live bid/ask,7095,429,0.09837914023960535,"[0.08726230942063094, 0.10973324712836284]",0.014263112565582658,3.2553673097875038
LRCX,True,0.07518715293604793,0.010405445274058206,0.09787075379714444,0.24077988516475735,0.08479816843550714,0.014053610066864312,0.09757905956894243,0.22420881563812134,0.07999266068577754,0.01222952767046126,0.09772490668304343,0.23249435040143934,315.2099914550781,2.6207799508376484,0.8249067235664235,14.72950440917734,4.672917993869017,56.306225433676694,300.0631903125183,306.1947728203874,-4.30390153783703,-0.9527096414311598,0.8006217596876624,317.1300048828125,307.5,322.2099914550781,2713564403.700714,2514,0.6091220074817993,,,,overnight quote fetched separately,,,Historical daily-only source; not a live bid/ask,7132,429,0.09716769489624229,"[0.08619841932969427, 0.10836621222113772]",0.00961101549945921,1.0283306703192587
MU,True,0.07341391204267893,0.008749185403602595,0.09737891667066917,0.2690041889555806,0.08497653495821059,0.013082169599151315,0.0916748344330461,0.2696224771628364,0.07919522350044475,0.010915677501376956,0.09452687555185763,0.26931333305920846,1082.280029296875,0.1619575534739015,0.8068251256433742,47.98414975875791,4.4336168514475665,63.197589612706025,1005.7178283425136,961.6004188767239,12.352419682518834,15.703611578924704,0.2597994655147667,1108.719970703125,1073.0,1105.5,25120560271.760254,2514,2.442985243239426,,,,overnight quote fetched separately,,,Historical daily-only source; not a live bid/ask,7181,429,0.09608689597549087,"[0.08516128536855735, 0.10726297104582279]",0.011562622915531659,1.5955727326477744
VRT,True,0.07521013608145988,0.011593781851891508,0.09519111687595151,0.21268786936741116,0.08175970900347698,0.012097013378077724,0.10912385453518281,0.23552364451583435,0.07848492254246843,0.011845397614984616,0.10215748570556715,0.22410575694162277,253.27999877929688,3.2531576144559926,0.7618319633109936,12.679222144202912,5.006010030524097,47.94476072083492,254.06806573728852,266.7709702284492,-9.269900104119566,-5.9187082077136965,0.8148151636671038,254.47999572753906,248.0,295.3399963378906,1365754882.4677277,2048,0.47378275190526065,,,,overnight quote fetched separately,,,Historical daily-only source; not a live bid/ask,7244,429,0.09428492545554942,"[0.083405508548658, 0.10530644428071706]",0.006549572922017105,-0.06215420386430875
STX,True,0.07628436188827525,0.009678356008733404,0.0960069014881935,0.2599393594913541,0.07863285281966226,0.010717519573609793,0.09974658899711061,0.26754343381840445,0.07745860735396876,0.010197937791171598,0.09787674524265205,0.2637413966548793,916.8300170898438,1.2043043961388777,0.7241396646379782,49.35748015857921,5.38349303999091,58.62992348988026,862.6811840514848,851.50179447555,4.95439752064708,8.30558941705295,0.6383301819034637,924.3599853515625,903.5399780273438,936.9400024414062,3272956217.397156,2514,0.8213047262152218,,,,overnight quote fetched separately,,,Historical daily-only source; not a live bid/ask,7312,429,0.09176695842450766,"[0.08117626033643319, 0.10231437595979337]",0.002348490931387004,1.0970745034873282
APP,True,0.07167264439441523,0.011600777479493314,0.0925881913686537,0.21602896742059158,0.0790171822104435,0.015108336970464766,0.10208336675007573,0.2260529961056707,0.07534491330242937,0.01335455722497904,0.09733577905936472,0.22104098176313114,310.75,-0.5504532319850597,0.6076146214310251,16.305022745385124,5.246990424902695,42.5537727752896,321.11257489384803,350.84984136154804,-3.952543287331134,-0.6013513909252644,0.31551619179488405,316.0,308.3299865722656,338.3399963378906,1575009837.861786,1369,1.6894609814963824,,,,overnight quote fetched separately,,,Historical daily-only source; not a live bid/ask,7469,429,0.08836524300441827,"[0.07831360741944846, 0.09891242567261681]",0.007344537816028271,-0.6355449517407754
CAMT,True,0.06976962200749026,0.010166999390321835,0.08908594621376391,0.22128316051253422,0.07659563154626818,0.01235884852300928,0.09603189789769406,0.2187555133802751,0.07318262677687923,0.011262923956665557,0.09255892205572899,0.22001933694640466,147.0500030517578,1.3299393601907017,0.6909023156774022,7.279431052199241,4.9503100313687645,51.265372847147304,145.25261571804958,148.39331641536037,-1.8043335779684977,1.5468583184373719,0.8243725115580381,147.78500366210938,143.60000610351562,152.7100067138672,53049032.628097534,2514,0.499830394490286,,,,overnight quote fetched separately,,,Historical daily-only source; not a live bid/ask,7622,429,0.0844922592495408,"[0.07473688912252142, 0.09480200920475919]",0.006826009538777919,0.24691316131982705
COIN,True,0.0631168381033741,0.009570321449336703,0.07998248225840132,0.2332029196705224,0.07526095851183592,0.010133376449739608,0.09944008603194034,0.2730085809402672,0.06918889830760501,0.009851848949538156,0.08971128414517082,0.2531057503053948,195.11000061035156,-2.058132606463192,0.6111686175186689,11.421878483850705,5.854071266526724,56.89487841306252,185.23403299192898,176.42544148728368,-1.0493885398883407,2.301803356517529,0.3528590551465972,199.75,192.5800018310547,208.3300018310547,1888915652.4092102,1370,2.378145341158011,,,,overnight quote fetched separately,,,Historical daily-only source; not a live bid/ask,7939,429,0.07885124071041692,"[0.06948852834889088, 0.08916626326831549]",0.012144120408461828,0.8646535359648698
HOOD,True,0.06150786794891841,0.008707169990171302,0.0808666505734446,0.2273128962906188,0.07285111388449123,0.009948893830277106,0.09609246771919681,0.2611612427637118,0.06717949091670482,0.009328031910224204,0.0884795591463207,0.24423706952716528,119.4000015258789,-1.1753005897467639,0.5996394118238593,6.217172323615133,5.207011929784285,57.288335225706724,114.69018409564397,107.67409201071952,5.4316062103977325,8.782798106803602,0.42791797969569734,121.9000015258789,117.52999877929688,126.73999786376953,2655531320.2669144,1296,2.0938023183007637,,,,overnight quote fetched separately,,,Historical daily-only source; not a live bid/ask,8121,429,0.07523703977342691,"[0.06626257476086837, 0.08495192757448494]",0.011343245935572815,0.7575497646004272
AMAT,True,0.06632393482628933,0.009320566971272617,0.08996633362510484,0.21196444530667713,0.06722273767613553,0.011783878241287583,0.09001179037771032,0.19455615938904539,0.06677333625121243,0.010552222606280099,0.08998906200140758,0.20326030234786124,485.0,2.2667369530838144,0.8060079224838411,20.061325551847087,4.136355783885998,55.73961108937402,462.98458267991305,482.17394866633987,-2.803879779188412,0.5473121172174578,0.763251683587916,487.67999267578125,476.3599853515625,484.9800109863281,2892745400.886383,2514,0.5525758094394373,,,,overnight quote fetched separately,,,Historical daily-only source; not a live bid/ask,8140,429,0.07432432432432433,"[0.06547818597471831, 0.08404519177605525]",0.0008988028498461975,1.097405914837963
DDOG,True,0.06680234215622362,0.009367888129979431,0.08358401523794687,0.21847945569819932,0.06446430235022754,0.009652069703992435,0.08730707486762308,0.21891955682407885,0.06563332225322557,0.009509978916985934,0.08544554505278498,0.2186995062611391,268.1300048828125,4.363222352948859,1.4590183490903794,12.566522523650011,4.686727443704881,66.97638167192083,239.6143947454299,237.3549264184322,7.022172021924145,10.373363918330014,0.3619289576007312,280.70001220703125,261.0,258.3900146484375,833880380.8620453,1764,4.688027111964788,,,,overnight quote fetched separately,,,Historical daily-only source; not a live bid/ask,8220,429,0.0718978102189781,"[0.06321754507172907, 0.08122874051378766]",0.0023380398059960755,2.269172723298481
UPST,True,0.06105729031979898,0.009069749754045392,0.08652074890559187,0.21937239356241514,0.0664024861299965,0.013200353584106988,0.0966293848641307,0.23121278532217865,0.06372988822489774,0.01113505166907619,0.09157506688486128,0.2252925894422969,23.809999465942383,-3.3685062673124433,1.0605149274234964,1.25957757106773,5.290120114741787,34.011104852818455,26.092697837600728,27.853064737061047,-25.183102002799107,-21.831910106393238,0.0,24.878000259399414,23.809999465942383,31.799999237060547,113660758.6988926,1450,4.485513722857037,,,,overnight quote fetched separately,,,Historical daily-only source; not a live bid/ask,8365,428,0.06814106395696354,"[0.060038816830073574, 0.07659824864158951]",0.005345195810197517,-1.8122729588804338
NET,True,0.05733842923067942,0.007747110610477119,0.0745521730467122,0.24754061085721762,0.06459757083232238,0.009338641190899003,0.0865912740748484,0.2851110750126971,0.06096800003150091,0.00854287590068806,0.0805717235607803,0.26632584293495737,349.0199890136719,-2.731179452234911,0.96472333395205,17.87557881390507,5.121649010539865,62.19244712981029,325.3959584596121,301.6033754074278,9.882424744886409,13.23361664129228,0.2408462793557018,364.0,344.2674865722656,367.42999267578125,1034442297.6846313,1768,4.292020932285712,,,,overnight quote fetched separately,,,Historical daily-only source; not a live bid/ask,8543,428,0.06274142572866674,"[0.0552127279012791, 0.07061966114600995]",0.007259141601642961,1.3215812925555799
RDDT,True,0.05740364040219061,0.009323756389041824,0.08092256490871692,0.18846769560132234,0.0637150544683768,0.010926264976860672,0.09875727707738642,0.21180240858645755,0.06055934743528371,0.010125010682951248,0.08983992099305167,0.20013505209388993,149.83999633789062,-1.8858072680673077,0.5972298777173196,7.695018636288393,5.135490406003516,44.727782458897366,154.73638821462396,159.10538890468777,-6.020890299669457,-2.6696984032635873,0.004079395626638765,154.72000122070312,149.82000732421875,166.17999267578125,728450275.4566193,631,3.2568105993596275,,,,overnight quote fetched separately,,,Historical daily-only source; not a live bid/ask,8553,428,0.06184964339997662,"[0.0544709229914496, 0.06977773051827746]",0.00631141406618619,-0.6363066950407092
KLAC,True,0.057793180249583166,0.00822172813388126,0.0824948454147747,0.19830466561652077,0.05934882955935221,0.010583596839927769,0.08513075202941611,0.1869798503575156,0.05857100490446769,0.009402662486904514,0.0838127987220954,0.19264225798701817,187.9199981689453,0.43289912669099984,0.7387678037262061,7.8909173891414985,4.1990833684701,54.163948715010115,182.08947997435973,189.0653178087587,-1.0929376655731238,2.258254230832746,0.5373765199612611,189.55999755859375,186.01499938964844,190.8699951171875,1717499499.1991425,2514,0.8727114759622401,,,,overnight quote fetched separately,,,Historical daily-only source; not a live bid/ask,8668,428,0.05802953391785879,"[0.0507892133081812, 0.06591866014371896]",0.001555649309769043,0.7388897775826186
MDB,True,0.054856408601027765,0.008208973599605072,0.07711505078039482,0.22880589611191024,0.06158540275673741,0.009309618881029436,0.09442689940400205,0.25903509966327204,0.05822090567888259,0.008759296240317254,0.08577097509219844,0.24392049788759113,410.44000244140625,-2.600852305130885,0.6593936558526684,21.440093022622317,5.223685044121174,53.677987025596096,400.52933924489014,387.0673463980931,-10.192170844485183,-6.840978948079313,0.05320988831697051,432.8599853515625,409.17999267578125,457.8500061035156,810284912.071228,2245,5.462426366045281,,,,overnight quote fetched separately,,,Historical daily-only source; not a live bid/ask,8682,428,0.05736005528680028,"[0.05031406139677179, 0.06519845792693081]",0.006728994155709649,0.4622490763477083
ORCL,True,0.05173239715447339,0.007841713223746837,0.07683364020192697,0.1922170165961512,0.05866785297639684,0.010215527513063616,0.09138869357159632,0.2098449939362464,0.05520012506543512,0.009028620368405228,0.08411116688676165,0.2010310052661988,137.10000610351562,-1.7485934499178901,0.6920016785913252,7.094461698079795,5.1746618397107955,40.60913504252526,146.34293895394742,148.07149442927792,-13.118202623955044,-9.767010727549174,0.045484163244848,140.87759399414062,136.9199981689453,170.6999969482422,5024978488.644485,2514,2.7553520951507426,,,,overnight quote fetched separately,,,Historical daily-only source; not a live bid/ask,8708,428,0.054317868626550296,"[0.047217461170631095, 0.06230260537985219]",0.006935455821923446,-1.3028377971134182
TEAM,True,0.04712527840087714,0.007714218801860036,0.06367151510782412,0.20856752767636844,0.0583971277550151,0.013598513772778004,0.0823789516359592,0.21142739559022888,0.052761203077946114,0.01065636628731902,0.07302523337189165,0.20999746163329866,187.74000549316406,-2.5284227723146424,0.5182317896510236,8.759822647958078,4.665932881458789,57.17873639830956,184.63606454195528,160.615873093903,-2.209067970242562,1.1421239261633076,0.06728359398747491,194.80999755859375,187.22999572753906,200.0,679899667.5788879,2514,3.765842046748591,,,,overnight quote fetched separately,,,Historical daily-only source; not a live bid/ask,8709,428,0.04983350556895166,"[0.04282444872061577, 0.05749714889234264]",0.011271849354137962,0.35433833262963554
AFRM,True,0.048666892823376794,0.006953172125807832,0.07435195638952906,0.17144320826432863,0.05439189937865772,0.009111570668744795,0.08427465943987156,0.17709530115763333,0.051529396101017255,0.008032371397276312,0.07931330791470032,0.17426925471098098,71.5199966430664,-0.06986593820179632,0.38938969922349176,3.549179511357721,4.962499549700134,47.92924682953661,71.94562041077685,73.06386790098404,-11.055413583440398,-7.704221687034529,0.6186037103802643,72.33999633789062,70.19000244140625,90.44000244140625,476100226.9391632,1432,1.1465320655935862,,,,overnight quote fetched separately,,,Historical daily-only source; not a live bid/ask,8717,428,0.04875530572444648,"[0.04179500306262446, 0.0567954853221327]",0.005725006555280923,-0.11992173581201242
RNG,True,0.0426354954781073,0.006465503801446442,0.05975104615601144,0.21586724773896968,0.05890780455526676,0.01221474059941848,0.06734177559043708,0.2490743743070275,0.05077165001668703,0.009340122200432462,0.06354641087322427,0.2324708110229986,76.16000366210938,-4.585312010408549,0.9597806124981387,3.328280405355703,4.370115868326261,60.19997556658075,73.20922658355902,65.22200059473992,7.782625437204738,11.133817333610608,0.13488429035022506,79.87999725341797,75.58000183105469,81.9000015258789,118337120.98339081,2514,4.884445131873516,,,,overnight quote fetched separately,,,Historical daily-only source; not a live bid/ask,8731,428,0.04730271446569694,"[0.04037664440884947, 0.0551266351195051]",0.016272309077159458,0.8865770665843287
AMPL,False,0.043562016841121515,0.006097917829837619,0.06415075537470884,0.19506701490203723,0.05138227042554247,0.009209471459109744,0.07350095060959243,0.2206184997088478,0.04747214363333199,0.007653694644473682,0.06882585299215063,0.20784275730544252,13.300000190734863,-2.8487903696306605,0.6775079341945194,0.6768758849212453,5.0892922948435375,53.68893308057356,13.196482150303085,12.05505270409595,-10.213933917146957,-6.862742020741086,0.1111118960282994,13.779999732971191,13.239999771118164,14.760000228881836,22537723.5600996,1254,3.6090190628020435,,,,overnight quote fetched separately,,,Historical daily-only source; not a live bid/ask,8505,428,0.042445620223398,"[0.03617212168872075, 0.04966102887403357]",0.007820253584420955,0.15293503984681403
SNOW,True,0.04139178686386994,0.006143201598940085,0.06393781339546292,0.16362807451268654,0.05151733570002248,0.008429276639772344,0.07681870037011167,0.19768365667378804,0.04645456128194621,0.007286239119356214,0.07037825688278729,0.1806558655932373,335.94000244140625,0.5808390543132536,0.5410998404989337,14.944760273317868,4.448639687059743,54.9514667740211,331.2254157556778,312.6777490073391,-1.2758926366317258,2.0752992597741438,0.21829490612086067,347.2200012207031,332.7900085449219,384.55999755859375,1865085884.6089172,1514,3.357742066238245,,,,overnight quote fetched separately,,,Historical daily-only source; not a live bid/ask,8423,428,0.041909058530214885,"[0.03568444169858193, 0.04916932249341034]",0.010125548836152541,0.31546753507621156
SOFI,True,0.043634044706148525,0.006255082241104114,0.07207506174765609,0.16867031816047448,0.04821780266994784,0.009514536178740618,0.07849408597675674,0.1723053905418453,0.04592592368804818,0.007884809209922366,0.07528457386220641,0.17048785435115987,16.579999923706055,-1.3095197818174698,0.6991077011151076,0.6981484084553219,4.210786560120006,41.692077640319646,17.25127592166632,17.513876854881374,-16.906980948026007,-13.555789051620138,0.0810827529679824,16.920000076293945,16.549999237060547,19.4950008392334,775746488.5090065,1439,2.050664379688927,,,,overnight quote fetched separately,,,Historical daily-only source; not a live bid/ask,8380,428,0.04152744630071599,"[0.03536256457400641, 0.048612517900586724]",0.004583757963799312,-0.9615090284965156
PLTR,True,0.043632971080081163,0.006274125894884129,0.0664720604420455,0.1824165553828129,0.04755847765442171,0.009111850502440408,0.07552138778362433,0.19196035723952462,0.04559572436725144,0.0076929881986622685,0.07099672411283492,0.18718845631116876,189.6699981689453,-1.5161733342692996,0.6426212345327161,6.881510771965282,3.6281493322078773,63.69582459518595,179.0221548880933,167.2247247082946,-1.3396791547871656,2.011512741618704,0.06578786386294692,194.21400451660156,189.35000610351562,194.67999267578125,4915561360.725632,1504,2.395743339233203,,,,overnight quote fetched separately,,,Historical daily-only source; not a live bid/ask,8347,428,0.04121241164490236,"[0.034972297708917834, 0.048258460727898383]",0.0039255065743405496,1.5473118670729205
GEV,True,0.03951007920627545,0.005775519975069072,0.06332500264630041,0.1434817479202292,0.04155289544914274,0.008241413431770058,0.06857205216738535,0.14287880113033546,0.0405314873277091,0.007008466703419565,0.06594852740684287,0.14318027452528231,957.6300048828125,0.27119564783231187,0.594540572726327,37.01159346450388,3.8649158104682697,51.79747461006823,944.3323934953673,966.315677623608,-2.9527993395682683,0.3983925568376012,0.6485590048987717,965.3452758789062,943.3920288085938,983.3400268554688,2093236634.2764282,627,0.8056630386218844,,,,overnight quote fetched separately,,,Historical daily-only source; not a live bid/ask,7733,427,0.03607914134229924,"[0.029926654617880768, 0.042633792305542456]",0.0020428162428672916,0.35928232596087184
WDAY,True,0.03049974480867714,0.0051370103900403394,0.05177011458232938,0.12125456464359638,0.044235429034515134,0.009855357391313454,0.058773512855640024,0.12755113484619227,0.03736758692159614,0.007496183890676897,0.0552718137189847,0.12440284974489432,189.4499969482422,-0.8063293893025181,0.3217024645115252,7.986639479416158,4.215697866491975,50.23294462141561,190.9392622241625,180.45702432868697,-5.47962616828962,-2.12843427188375,0.21114767680022092,192.06520080566406,188.75,211.8300018310547,675874315.6153107,2514,1.3804190549215667,,,,overnight quote fetched separately,,,Historical daily-only source; not a live bid/ask,7299,427,0.03342923688176463,"[0.027356444308864598, 0.0397003151847325]",0.013735684225837992,-0.18646957581578127
NOW,True,0.03040068932495944,0.004888509734326037,0.05183070121056038,0.12827513326609621,0.039980259353722535,0.009021437811301597,0.0600200320169539,0.13571994390885467,0.035190474339340985,0.006954973772813817,0.05592536661375714,0.13199753858747543,135.6199951171875,-1.5677193215608787,0.480137281187177,5.868735089464654,4.3273376351278845,51.60870147367481,136.05725223864542,128.12043145611767,-5.381097052274142,-2.0299051558682724,0.004725539919990477,139.8300018310547,135.60000610351562,149.60000610351562,2170166937.500305,2514,3.104266970537317,,,,overnight quote fetched separately,,,Historical daily-only source; not a live bid/ask,6889,426,0.030918856147481494,"[0.025013369289649052, 0.03739753597664791]",0.009579570028763095,-0.07450619508160569
VST,True,0.03349353998222772,0.005288973173526561,0.056228682865575044,0.12462685934123627,0.03478429176720823,0.008195340892224316,0.05491987358790246,0.11818416845732477,0.03413891587471797,0.006742157032875439,0.05557427822673875,0.12140551389928052,138.4600067138672,0.37697858725340705,1.1102123278798801,4.492227069126926,3.2444221084072913,42.75337046724413,141.64097143928282,144.8657987634024,-4.154593266840778,-0.8034013704349086,0.5975473676327417,140.10000610351562,136.02499389648438,154.89999389648438,628706358.4786224,2507,1.184457106836323,,,,overnight quote fetched separately,,,Historical daily-only source; not a live bid/ask,6707,425,0.02877590577009095,"[0.02268062934459755, 0.03463835667233388]",0.0012907517849805109,-0.7081041711530984
CRM,True,0.029485059711468795,0.004688089153110142,0.051246758316755577,0.12732200657462542,0.037355009427270484,0.009193758102977932,0.0534804685974638,0.12444006648389455,0.033420034569369636,0.006940923628044037,0.05236361345710969,0.12588103652925997,234.02000427246094,-1.7630748579969269,0.5003567024824075,8.894029467648018,3.8005423917918675,50.29825666492663,237.7726190625187,220.0641911148197,-10.341192709052105,-6.990000812646235,0.10684481353168943,239.3699951171875,233.3800048828125,268.2699890136719,4239323896.2900543,2514,2.2861254367373407,,,,overnight quote fetched separately,,,Historical daily-only source; not a live bid/ask,6580,425,0.02872340425531915,"[0.0225773516701384, 0.034635179936667884]",0.00786994971580169,-0.4219251581870584
ETN,True,0.031582930798130834,0.004403734900246074,0.05474752772157423,0.13093306866173063,0.03387869418601657,0.007437204749704822,0.05735043515360852,0.13084032458194766,0.0327308124920737,0.0059204698249754485,0.05604898143759138,0.13088669662183916,439.9800109863281,-0.004542957652697854,0.6760732167381306,14.209988769469561,3.229689625584177,59.18730816271982,422.20641312447657,417.4771016487662,2.403062970844805,5.754254867250674,0.3410975506329287,447.3299865722656,436.17510986328125,443.6400146484375,860400172.4165344,2514,1.670524888042224,,,,overnight quote fetched separately,,,Historical daily-only source; not a live bid/ask,6424,425,0.028798256537982566,"[0.022642088779592114, 0.0348038311335638]",0.0022957633878857367,1.2507819780996927
CEG,True,0.0286954916450155,0.004547632486452086,0.05222149937019553,0.1151417297284695,0.03394137174563465,0.007970185140183146,0.054808617089573776,0.11458520134124935,0.031318431695325076,0.006258908813317616,0.05351505822988466,0.11486346553485943,263.2699890136719,0.6306834061919897,0.6661487294261565,9.178290780597838,3.486265493071905,43.8638036786676,269.43057370930103,271.1496231706738,-10.128577399837846,-6.777385503431976,0.4773093296404575,266.3800048828125,260.42999267578125,305.79998779296875,787407327.5147247,1176,1.1813028445787355,,,,overnight quote fetched separately,,,Historical daily-only source; not a live bid/ask,6160,424,0.028409090909090908,"[0.022583685206543497, 0.0344658894177099]",0.00524588010061915,-0.6712126302047579
AVGO,True,0.03099685020602784,0.004525933303594857,0.05594636169724113,0.12357508135244251,0.031150697338028093,0.007743116439451668,0.054357252952294585,0.10764902883103417,0.03107377377202797,0.006134524871523262,0.05515180732476786,0.11561205509173833,352.80999755859375,0.6992842531868604,0.5696484286930554,10.929637090921954,3.0978819099667914,44.040684059395716,358.71907324663255,370.15588189402905,-8.219460088926677,-4.868268192520809,0.6760009765625,354.42999267578125,349.42999267578125,376.5899963378906,9917047755.143738,2514,0.4591692776275247,,,,overnight quote fetched separately,,,Historical daily-only source; not a live bid/ask,6116,424,0.02828646173969915,"[0.022473038148455353, 0.03441844687750337]",0.0001538471320002531,-0.5406470168114562
NVDA,True,0.023811825765934932,0.00343278680327085,0.04610171291406136,0.10640545926277631,0.02591877176211005,0.00691219048517318,0.045621961409091416,0.10222292766538302,0.024865298764022492,0.005172488644222015,0.04586183716157639,0.10431419346407966,225.07000732421875,0.21818750074313886,0.6950283526277904,5.86018082522292,2.603714681886151,55.301377653032134,221.42263411402593,216.9804990015376,-4.517144074603463,-1.1659521781975934,0.5088135566047567,226.94000244140625,223.13290405273438,234.75999450683594,28135603734.92271,2514,0.8308504271267614,,,,overnight quote fetched separately,,,Historical daily-only source; not a live bid/ask,4979,420,0.02450291223137176,"[0.018371661874930088, 0.03123119261058054]",0.002106945996175117,0.6223994308322525
TSM,True,0.023318440764705982,0.003183178771488867,0.045939629827045275,0.10515522170382807,0.02327584238168285,0.006786273076255909,0.043165426930309274,0.09352840052294815,0.023297141573194416,0.004984725923872388,0.04455252837867728,0.0993418111133881,450.6099853515625,-0.11969601068990698,0.7706918407960199,10.535201881009355,2.3379867786972963,62.47379881985138,433.2223029614017,424.8422948472556,2.386895730446148,5.738087626852018,0.26377114326472384,455.0199890136719,449.0299987792969,452.8800048828125,4318394530.401611,2514,0.9786741984132208,,,,overnight quote fetched separately,,,Historical daily-only source; not a live bid/ask,4706,419,0.024224394390140246,"[0.018149778908149228, 0.030917435282062495]",4.25983830231319e-05,1.650436563679304
COST,True,0.018941241636661534,0.003466014352748951,0.03590865223171334,0.07747088249995884,0.019336047166029616,0.008321164244150974,0.028077495086360864,0.05868481295951102,0.019138644401345575,0.005893589298449963,0.0319930736590371,0.06807784772973494,922.7650146484375,2.9320268999139865,2.0888238911365806,15.730338852975615,1.7046960605640957,52.3178095184893,912.9814652789186,929.6785642209875,-4.623842789550981,-1.2726508931451108,0.9435062370786778,925.1400146484375,883.0999755859375,953.72998046875,2007523234.8452759,2514,0.2573786351127483,,,,overnight quote fetched separately,,,Historical daily-only source; not a live bid/ask,3921,416,0.019127773527161437,"[0.013067196939252618, 0.02521467052322111]",0.00039480552936808216,0.6219541397652881
