rv20,rs20,ma20_dist,intraday,rel_intraday_qqq,log_rvol20,vwap_dist,signal_price,vwap,rvol,pre_low,pre_high,eligible,symbol,signal_day,atr,ma200,rsi2,ret3,adv20,previous_close,rank_firstwin_unverified,rank_hit5_unverified,rank_close5_unverified,rank_down3_unverified
0.08129847659063939,-0.0771834733408534,-0.06192160040277883,-0.023496240545343938,-0.023199905498829665,-0.4597452597597293,-0.010390915251026978,31.170000076293945,31.49728570266775,0.6314444793390162,31.010000228881836,32.47999954223633,True,VKTX,2026-10-01,2.74045715651954,33.2297749042511,36.830820594259606,-0.08323967336495008,278486766.2338829,32.599998474121094,0.27846474374691454,0.29416174909967036,0.13746669598963412,0.43453138025180066
0.06814684037950162,-0.10270499246260312,0.17879983245261388,0.054075930296138,0.05437226534265227,-0.15701605556027476,0.018690726794593493,207.7899932861328,203.9775054593494,0.8546903361753143,195.02999877929688,211.04800415039062,True,CRDO,2026-10-01,13.51099459697085,176.65372543334962,49.86456671405812,-0.07669340589159801,1750624187.4793243,194.7899932861328,0.24174216844252536,0.2529215783079548,0.11573609977951621,0.4624357980660316
0.06471232879257129,-0.18764114133529575,-0.11378984006790427,0.002525250092658027,0.0028215851391723,-0.07938673626326968,0.00445073212892666,7.940000057220459,7.904817830528812,0.9236826337906744,7.78000020980835,8.079899787902832,True,SMR,2026-10-01,0.6142168862666353,12.046750028133392,38.81383891756108,-0.061757716890115666,337062959.0179324,7.900000095367432,0.24045589874787526,0.2471715748212435,0.12079426529694011,0.3794417308697788
0.060117548880339454,0.03775778116011974,-0.10529698940285315,-0.02606483530474535,-0.025768500258231075,0.21146954488585773,0.00680095255857549,15.319999694824219,15.216512912400034,1.2354923379955505,14.880000114440918,15.850000381469727,True,CIFR,2026-10-01,1.4600240918627976,18.323025031089784,1.303791301210893,-0.10744499617346914,594767521.7908049,15.824999809265137,0.222945570644533,0.23093032963326374,0.11534003918138011,0.3696604859118341
0.04476664209518009,0.03539025108177518,-0.08133446753395235,-0.11538462726470611,-0.11508829221819183,0.8747566779348678,-0.043524062369543426,21.850000381469727,22.84427607828821,2.3982916656842743,21.75,24.799999237060547,True,UMAC,2026-10-01,1.814165485509759,18.528599996566772,52.79357247454045,0.017879431135829682,58279841.65669441,24.479999542236328,0.21089224027832554,0.23438666662900431,0.11642793018006212,0.32011086324247984
0.050186985355241194,-0.33757641225941404,-0.038986193253275236,0.024101036068299164,0.024397371114813438,-0.13476594956199547,0.014445674104712536,13.385000228881836,13.194398251729563,0.873920429212631,12.9399995803833,13.420000076293945,True,PATH,2026-10-01,0.7752352183290585,12.713949990272521,82.2504732448926,0.030497601386639372,780326905.8220816,12.84000015258789,0.2051685535010372,0.2073663710047137,0.10468159534305174,0.3342439102995804
0.05023930650071227,0.012603854782805124,0.08415261189193046,0.09184822871767251,0.09214456376418678,0.7517690139430325,0.014064266948991433,316.635986328125,312.24449637771545,2.1207483335944626,286.4165954589844,323.2300109863281,True,COHR,2026-10-01,20.182635706971528,287.5259005737305,39.07852157160739,-0.027110128714800674,1866220656.1209106,287.80999755859375,0.20319502866385808,0.21154923857750127,0.10020260510125227,0.4431228978268339
0.05195301396474481,0.08725426844669504,-0.11039131469845809,-0.036941881724598225,-0.03664554667808395,0.3896942278535115,0.011232068138890883,19.5,19.283407453531932,1.4765292433342831,18.760000228881836,20.24799919128418,True,RIOT,2026-10-01,1.5025353948755187,19.28660002231598,1.3953053865892429,-0.12391306006390113,355774467.651701,20.149999618530273,0.20252065722079804,0.20868527159561268,0.10758124194258135,0.340420433102985
0.05054044416477742,-0.0351655017225585,-0.07731910889675231,-0.0016778267899539845,-0.0013814917434397112,0.2910841411518039,0.012936402487519594,14.875,14.685028560007028,1.3378771497386124,14.359999656677246,15.180000305175781,True,WULF,2026-10-01,1.06345786726891,18.047600002288817,1.5033593090584105,-0.059720431642453775,448451483.5601187,14.800000190734863,0.2007249933130196,0.20540914155738796,0.10473241471716553,0.3478133070585488
0.06054124507535114,0.18049240972628144,0.09598155590199675,0.034044354977553315,0.03434069002406759,-0.21337921149735847,0.010677894375189734,159.0050048828125,157.32510403931497,0.8078497332172265,152.83999633789062,161.41000366210938,True,MSTR,2026-10-01,8.950636019675986,136.08145008087158,5.316009816618134,-0.034802372178420415,3444552249.103279,153.08999633789062,0.20018198609974489,0.20841661311231766,0.10135878135071909,0.42167092237310566
0.028178016703102788,-0.0704988255925394,0.16734368122684384,-0.006690397694296468,-0.006394062647782195,2.1291031204216755,-0.026634147008992137,214.53500366210938,220.40531112004325,8.407323072660933,213.58999633789062,227.6300048828125,True,ACN,2026-10-01,6.913202403436846,196.58964965820311,88.00921432543149,0.041224203518679614,978138511.6918182,183.3699951171875,0.19956125228089266,0.22559831666469138,0.10441537070770948,0.3909805457523667
0.06585336371782521,0.7444506444320265,0.42602322515926483,-0.02108839931732487,-0.020792064270810595,-0.040207887390757424,-0.011633197310458865,14.390000343322754,14.559372395111534,0.9605897239026109,14.279999732971191,15.029999732971191,True,IOVA,2026-10-01,0.8511784519559779,4.61164999961853,99.22076772979347,0.34727269952947437,204217091.22148037,14.819999694824219,0.19632887310281572,0.22298477894031535,0.1007538799635153,0.5124537823866498
0.05844158753002366,0.25113632091759364,0.03149724125258979,-0.03411563355230962,-0.03381929850579535,-0.27512973485997755,-0.011459556016018113,274.9100036621094,278.09687032548356,0.7594735866338727,272.3778991699219,287.1499938964844,True,BE,2026-10-01,21.47262457019168,205.51305084228517,44.445759172265774,-0.04059577667180192,4766327808.650589,276.9800109863281,0.1951770886966103,0.20765901958535304,0.10355091032562451,0.3774036880730721
0.04554631328905286,-0.07801317764754812,-0.048862835193837495,-0.019492916906382662,-0.01919658185986839,0.32661210798551427,-0.0078549014153102,14.114399909973145,14.22614487549004,1.3862636522773628,13.920000076293945,14.529999732971191,True,LUNR,2026-10-01,1.0588304252496272,20.18915003299713,6.307068706688739,-0.08776424828254614,110511584.468894,14.239999771118164,0.19432794196132322,0.20379886012144813,0.10323298728318284,0.33321003513425673
0.04716125239872951,0.07233534754819426,0.13001913508047336,0.06377081459953104,0.06406714964604532,0.6521278690956402,0.001240009295747857,1040.8199462890625,1039.530918287169,1.9196211888415833,966.0001220703125,1078.0400390625,True,LITE,2026-10-01,63.69276766041657,738.0672254943847,77.18976414189501,0.03144478796141614,4250490550.387268,971.260009765625,0.19275827730740397,0.20460920382448883,0.09736516481572144,0.4272652350554634
0.05926398423390676,0.18813611250028472,0.0641050146477542,-0.0012771609775769077,-0.0009808259310626344,-0.60754450468507,0.004832649166900405,293.2449951171875,291.8346605878251,0.5446867039848607,287.5000915527344,297.1199951171875,True,ARM,2026-10-01,19.16544211339256,214.06617488861085,33.59742164512929,-0.06657644745581626,1659035193.819275,289.6600036621094,0.188958278975825,0.19609322511499086,0.09873071981311703,0.3786971638157022
0.05520180112883943,0.30297387077169247,0.12329033488496743,0.03756320284945436,0.03785953789596863,0.046432920369971625,0.01754691138532971,185.89500427246094,182.68937008454571,1.0475278089338451,175.00999450683594,188.14999389648438,True,SMTC,2026-10-01,11.215202715178876,115.71345039367675,50.79775161711908,-0.021667563807559187,550021732.2187805,178.35000610351562,0.18539954587374805,0.1928354642430855,0.0951749803893385,0.4207127099638442
0.044936803894370596,0.009434286140833414,-0.05524054049132365,-0.023263683455702067,-0.022967348409187793,0.2014536815389021,-0.010586696478889546,57.72999954223633,58.34770902795384,1.223179579954895,57.380001068115234,60.089900970458984,True,ASTS,2026-10-01,4.1743651741260654,81.23737489700318,11.745783419380373,-0.04772691631445569,629025885.7380295,58.86000061035156,0.18464488917764357,0.1935719402869569,0.09948784681971556,0.32802899591782597
0.05244162548583111,0.008831474305104337,0.02104305444673993,0.018623069628360245,0.018919404674874518,-0.458994327361993,0.005095403881911764,189.5352020263672,188.5743396043184,0.6319188295360985,185.8800048828125,192.3000030517578,True,COIN,2026-10-01,11.273866189750109,186.13689964294434,3.6148097917581197,-0.0445902153709522,1795497779.929123,186.41000366210938,0.18342319338438726,0.188020311163422,0.09591429740033225,0.3545153779674436
0.0413927568060119,-0.08535025872225699,0.04510545393882448,0.07029057289718077,0.07058690794369504,0.5747650879470024,0.024301535672217156,106.81500244140625,104.28081841281912,1.7767131065639716,97.7699966430664,108.09940338134766,True,AAOI,2026-10-01,8.115432664187043,107.98600020408631,42.28676328469682,-0.021104530152322276,708720912.4606705,99.26000213623047,0.182098877624021,0.18500193443652926,0.09297375231213631,0.373603188170787
0.04761869850261822,0.2698356494455256,0.07682393096989815,-0.05338855685689037,-0.053092221810376095,0.17133821876511546,-0.014278289593863347,77.66000366210938,78.78491753023471,1.1868921103278034,75.91999816894531,82.69999694824219,True,TEM,2026-10-01,4.900747727049143,56.37829986572265,27.38850142068526,-0.03658393756263778,503782562.1438217,81.9000015258789,0.18050642114038845,0.1949777742538057,0.09837490646030682,0.35420079699242896
0.048542148745659985,0.041447040603534546,-0.04066493333436072,-0.0025916077888549216,-0.0022952727423406483,-0.2338446847217187,-0.003823557889045315,111.61000061035156,112.03838586449967,0.7914847360216806,110.66000366210938,113.80999755859375,True,HOOD,2026-10-01,6.337783624770103,94.37992496490479,1.836408544998946,-0.05778895676465623,2735494518.5814667,112.5,0.17884745413406286,0.18453966190963025,0.09572299535148532,0.3345380878867004
0.049126988217631534,0.14880459274348312,0.017319563267598426,0.024078519262407116,0.02437485430892139,0.037387369517243925,0.01030272379019248,17.225000381469727,17.049345682103503,1.0380950693483277,16.59000015258789,17.489999771118164,True,SMMT,2026-10-01,1.1691879932085283,16.363700008392335,85.80632174554242,0.08327996280120242,130784623.72416496,16.90999984741211,0.17876200273284182,0.18387622906728637,0.09395843543328589,0.36880150812279033
0.04672879518641699,0.08669522132608787,0.04825052692518739,0.022469895629934067,0.02276623067644834,0.030388574813456536,0.013001473629685956,1775.199951171875,1752.41596126327,1.0308550204362643,1708.0,1802.0,True,SNDK,2026-10-01,102.96127657489318,1130.3546231079101,51.84752447077148,-0.021324127088800937,16072465657.982178,1739.8900146484375,0.1767090870198321,0.18163809334524106,0.09294242988028178,0.3594780954628106
0.04959212693498334,0.06212247492394285,-0.07097687356452898,-0.005965134170730413,-0.0056687991242161395,-0.3557026999235371,0.004930239899339162,11.164999961853027,11.110223892726516,0.7006809017583308,10.90999984741211,11.389900207519531,True,MARA,2026-10-01,0.8560745503816465,10.97049999475479,1.4353277006169236,-0.09721117517826683,555443362.625041,11.329999923706055,0.17660209030652524,0.1795188144303691,0.09494631946765533,0.3246052180793075
0.044224466009372854,-0.08459464794671734,-0.06268948384748207,-0.011564605090082947,-0.011268270043568673,-0.21343811834732546,-0.008855556053664504,36.32500076293945,36.649552933281875,0.8078021467357946,36.09000015258789,37.52560043334961,True,OKLO,2026-10-01,2.327164605177837,59.94509994506836,6.146477701047218,-0.026813891514585242,383041322.37600327,37.02000045776367,0.17659887074304786,0.18219937249642248,0.09544800975587284,0.30919678706621323
0.0513521434955102,0.21054209584699768,0.10022210929737763,-0.009531445959482854,-0.00923511091296858,-0.33921915651374607,0.018096239320234186,64.90540313720703,63.75173645719709,0.7123263210284098,61.7599983215332,66.11000061035156,True,HPE,2026-10-01,3.5567187604712815,36.47300012588501,77.52947966898586,0.015093752520933812,1620789708.3589935,63.88999938964844,0.17524089990173325,0.18057403221234777,0.0932019477242541,0.3564619858153241
0.05254935849708217,0.22036028570744692,-0.0015735328987422914,0.00278652000779811,0.0030828550543123834,-0.3747221481317217,0.013472915171046651,542.5075073242188,535.2955162424427,0.6874802699335261,520.1799926757812,550.2849731445312,True,DELL,2026-10-01,29.093070583722483,288.92799995422365,26.472011292755028,-0.04430706140165397,5793005137.001038,537.9500122070312,0.17431244968350915,0.17757967069580904,0.09301226243108497,0.3525589908095854
0.042831869737122,-0.06902163193835631,0.08522471844790713,0.05412597756516835,0.05442231261168262,-0.06327613992652613,0.016468484446445775,374.4150085449219,368.3488610557591,0.9386842297027516,350.67999267578125,378.3500061035156,True,CIEN,2026-10-01,21.640811591372557,389.64449981689455,45.498093142574,-0.014261287959609459,987910165.570221,351.82000732421875,0.1713596326373317,0.17437527077625137,0.08906502541790873,0.35442496731599954
0.04481919746718248,0.018981676584724605,0.011004269521381227,-0.00034268653167845997,-4.6351485164186634e-05,-0.37783912741764325,0.010758959971389093,87.51000213623047,86.5785074402977,0.685340744333376,84.5,88.87999725341797,True,CRWV,2026-10-01,5.298854721804121,92.14272499084473,66.34609613362184,-0.005365836407796198,2609320156.9973755,87.12000274658203,0.16749272607162585,0.17019265218742963,0.09031612410444621,0.3172025044420251
0.02982557583874251,-0.11376269046451881,-0.10678055035458989,-0.028151154927781308,-0.027854819881267034,0.7469424220349332,0.00517349638805964,282.8080139160156,281.3524380937657,2.1105370096188234,275.1300048828125,291.3450012207031,True,APP,2026-10-01,15.691251174450551,460.19767532348635,0.9713804235584576,-0.06539020860569189,1530546024.5500183,290.42999267578125,0.16699390788907326,0.17118772471558874,0.09265839428840933,0.27606567546208094
0.04144250049718184,0.06486174900982644,-0.08521383191289023,-0.01190185546875,-0.011605520422235727,0.010779870083179504,0.003610689555137103,40.26499938964844,40.120138026326124,1.0108381822267658,39.33000183105469,40.974998474121094,True,IREN,2026-10-01,2.7725224400828092,45.54000005722046,2.4096251931358097,-0.07354105228067453,1593522030.9961128,40.880001068115234,0.16616470118095045,0.1693405470098589,0.09118945061813478,0.3058606251888013
0.03725841002734161,0.2480353115613172,0.16832577974254148,-0.022618226199779823,-0.02232189115326555,0.638252302115113,0.008816384680215394,14.260000228881836,14.135377304961311,1.8931692983478994,13.789999961853027,14.649999618530273,True,ABCL,2026-10-01,0.784837571406606,5.8791999804973605,76.50107338310053,0.1488189269061191,57638358.23931694,14.59000015258789,0.16571833529568852,0.17677371642612372,0.0900451937601792,0.35345263519526765
0.0386175210658696,0.01583870484970551,0.04544859914639021,0.044588691008123016,0.04488502605463729,0.30534625897498574,0.022609309077173734,12.0649995803833,11.798249315049786,1.3570948279250583,11.430000305175781,12.210000038146973,True,NVTS,2026-10-01,0.8158733907525325,13.166475002765656,18.35491929655511,-0.04836066900098002,151846135.15577793,11.609999656677246,0.1654743209397634,0.16762588950360777,0.08743157878230493,0.34410321434748375
0.03749372330274059,-0.26237414124315395,-0.14343573041493063,-0.01780189586319414,-0.017505560816679866,-0.41248214903555996,-0.007656438613211414,6.34499979019165,6.3939547119392675,0.6620050140133227,6.309999942779541,6.539999961853027,True,RCAT,2026-10-01,0.4533980222451647,10.960349950790405,20.53552944315058,-0.03003000207918194,63198019.92240667,6.460000038146973,0.16480666279854156,0.16608225101692936,0.09124246556186018,0.25849769954427715
0.04309959725053787,0.18987357564043195,0.10672291020872149,0.029009253442899174,0.029305588489413448,0.10922763427788493,0.013383107981761677,372.9849853515625,368.0592092110097,1.1154162284123716,354.489990234375,377.6449890136719,True,CLS,2026-10-01,19.759696029131323,329.94374870300294,42.745479403274416,-0.01097310020478115,806047588.8380432,361.42999267578125,0.16458703288301163,0.17024036515037252,0.08745433581432727,0.3657971170497283
0.04189103924247124,0.05186419032747769,0.07500771100868953,-0.004553377156632066,-0.004257042110117792,-0.22661883414185188,-0.0020787220005701323,391.32000732421875,392.1351472820708,0.7972245991826322,387.0199890136719,398.5,True,PANW,2026-10-01,18.02157093517477,248.23049995422363,77.7246804803326,0.06022844615570033,2454738906.9914246,397.30999755859375,0.16437584371929104,0.17124388628840315,0.08911354162868831,0.3266057890757314
0.03781226881671748,-0.04643770656497792,-0.02286731243864415,-0.007698810651762145,-0.007402475605247871,-0.007443906150709591,0.0067676678570984805,106.33499908447266,105.62019667437903,0.9925837310997958,104.0,108.09989929199219,True,AKAM,2026-10-01,6.549326165992908,111.46180015563965,12.054677341418,-0.06661404076402688,622119571.1059189,106.3499984741211,0.1637083278981977,0.16695774134706326,0.08951603254365498,0.29768129419109707
0.041097395962008516,-0.1026767995329414,-0.02181638125739216,0.017289630248231713,0.017585965294745987,-0.37051298491048884,0.012286969867918884,247.1199951171875,244.12049396371387,0.690380085217627,238.3000030517578,249.52999877929688,True,VRT,2026-10-01,12.22684005641137,263.7346001434326,25.01958894380023,-0.04725995451039755,1342319901.469345,241.30999755859375,0.1635231224860604,0.164015787985565,0.08810817485226181,0.30255724756201113
0.04638430592960698,0.305949959412559,0.11153103587477675,0.02046263396765413,0.020758969014168405,-0.07982969752334412,0.01123514645172774,120.88400268554688,119.5409426874755,0.9232735687739679,117.36000061035156,122.1500015258789,True,INTC,2026-10-01,6.172378252161578,80.35884998321534,66.61041601625257,-0.02252029791110899,12003545750.352896,120.2300033569336,0.16245216431674558,0.16853186239746887,0.08689758394089252,0.3727918286292672
0.030062175699329632,-0.16542678908129116,-0.09394171708999566,-0.01892060385240968,-0.018624268805895405,0.343584940092051,0.007591099332369788,45.630001068115234,45.28622880685398,1.409993282355786,44.4900016784668,46.8942985534668,True,MP,2026-10-01,2.6572782931090044,56.80149997711182,60.80173547868713,-0.03153800650787486,258257199.02284622,47.290000915527344,0.16022136858830618,0.16216812722868912,0.08911831607177595,0.2653507254254863
0.0273057022994471,-0.1391934450626845,-0.04476554710859615,-0.004335814672350002,-0.004039479625835729,0.6276048927566199,-0.010860601520433333,259.4700927734375,262.31903528691316,1.873118881761545,257.6163024902344,271.0,True,CEG,2026-10-01,9.596801351429548,288.75522499084474,17.206243563019243,-0.03513497598364912,802618701.3404846,254.02000427246094,0.15949480856406228,0.16624571146091466,0.08832746434954843,0.2875009750306183
0.04156874221110044,0.01638420188403411,0.02100709771572684,-0.00445009660876694,-0.004153761562252667,-0.4502291928244247,-0.0005291121042118041,340.04998779296875,340.2300076082103,0.6374820285705874,336.3140869140625,344.4200134277344,True,SNOW,2026-10-01,15.051321563336646,226.73689979553222,83.33098298569615,0.010775719148894414,1927060501.4097595,339.55999755859375,0.15948529231428135,0.16358374431603928,0.0873144603009923,0.30688605842045674
0.04302069382633938,0.14970082110263938,0.11809653180964652,0.03114921444692631,0.03144554949344058,-0.2145028266106762,0.012222412971786278,415.45001220703125,410.4335241770734,0.8069425308163043,401.239990234375,419.1449890136719,True,TER,2026-10-01,19.328864526853142,332.6771990966797,57.358571816817246,0.006350717275685369,908568418.2899475,400.9100036621094,0.15910843677503597,0.16358509154646655,0.08497555416675011,0.35362099704857275
0.0429022351404309,0.07336429855806381,0.05233282755137236,0.01993158360409697,0.020227918650611243,-0.37942996284567015,0.01659156140528384,41.70500183105469,41.02434390996109,0.6842513467529033,40.130001068115234,42.02000045776367,True,SMCI,2026-10-01,2.288532690799612,31.893549909591673,28.536644645453492,-0.05062410336754186,1525783512.6983452,41.06999969482422,0.1588205456464264,0.16053366088037158,0.0855720530134403,0.3259966147803562
0.03583533303065063,0.08660794237459846,0.1260675477859372,0.01790763482710256,0.018203969873616832,0.26089971128669076,0.0057108608270111105,337.92498779296875,336.00610369772477,1.298097474379997,331.0450134277344,340.54998779296875,True,LRCX,2026-10-01,14.0075867646109,273.25254920959475,97.10932369762892,0.042194152060824885,2790844536.07193,328.510009765625,0.15850356878295233,0.1655891719316113,0.08552311553093889,0.3410200332526687
0.04116096622410516,0.1063164040083604,0.10558924871542352,0.009950238920712673,0.010246573967226946,-0.27584978274909605,0.012727350605139298,24.360000610351562,24.053858717053142,0.7589269261154707,23.40999984741211,24.360000610351562,True,S,2026-10-01,1.1180236999227984,16.58594994068146,80.05594584461932,0.0616622484300382,199479871.22833252,23.760000228881836,0.1572943552750572,0.16136362792547912,0.08515250950000192,0.3297849203052069
0.040129368879504766,0.13671448875628123,0.030284211899579416,-0.011500874793259452,-0.011204539746745179,-0.16639092970226563,0.0010554576279477867,233.35499572753906,233.10895909851556,0.8467151633741867,228.4700927734375,239.6300048828125,True,NBIS,2026-10-01,16.452437376145536,166.20825035095214,50.29795890893508,-0.006109623465449521,3518213136.245575,235.8800048828125,0.15706740955044143,0.1623091860064785,0.08665718882208347,0.31507764380447445
0.029239832401027586,-0.09467523954180646,0.02728996966491648,0.04006682088913016,0.040363155935644435,0.555070628266059,0.008457665913963242,12.460000038146973,12.355501335650514,1.7420640193902168,11.819999694824219,12.654999732971191,True,NTLA,2026-10-01,0.6520582501178512,12.822774991989135,68.78450119238362,0.02638301443546376,51166084.08876419,12.0600004196167,0.15646095508340432,0.1602294606643017,0.08442792385253033,0.31644276736377874
0.03646578465587423,-0.19441799018118,-0.04785623947350848,-0.014857424820215903,-0.01456108977370163,-0.5673982348427237,-0.006576862206235212,16.2450008392334,16.352549302718042,0.5669987188148594,16.106300354003906,16.6200008392334,True,PL,2026-10-01,1.0408054089741066,27.351950006484984,18.904085919419387,-0.05966729187139019,228952907.3262787,16.389999389648438,0.1564503264089117,0.15883475352141815,0.08695327201703888,0.26556082319292146
0.03324358160179329,0.06876247283476711,0.05683894648932353,-0.019001319641903103,-0.01870498459538883,0.26014671911449844,-0.004435512415027487,70.7300033569336,71.0451248904122,1.2971203850595183,69.43000030517578,72.63999938964844,True,RKLB,2026-10-01,3.9869921766903724,81.27655014038086,15.785578928072468,-0.05774167436484123,1377112162.519226,69.68000030517578,0.15604899349024084,0.16379728934558774,0.08664553224756814,0.30710221039451746
0.031220164415040025,0.09565441141053332,0.06291923848977166,0.02033505716524875,0.020631392211763022,0.6974157468749663,0.017842836878028123,1075.780029296875,1056.921550478809,2.0085553792414803,1022.9000244140625,1095.1300048828125,True,MU,2026-10-01,45.0835952091843,673.146100769043,49.27745351611963,-0.015864696271322143,25308117761.680298,1065.1099853515625,0.15591793145543267,0.16042905058700993,0.08472159623724802,0.3288843645064683
0.028208012234678073,-0.26973640910510466,-0.1375934155303562,-0.014611858465671257,-0.014315523419156984,0.05278814242988472,-0.0032509549192517584,10.789999961853027,10.825192173601643,1.0542062798785274,10.640000343322754,11.029999732971191,True,UUUU,2026-10-01,0.6579112783987026,17.161250038146974,26.088663695896187,-0.02819388878796658,85566477.2616005,11.029999732971191,0.154446591911403,0.15551443974965642,0.08684293127316059,0.24593655455626937
0.038859658520241244,0.23366836659323842,0.18449780924724601,0.026847897694084466,0.02714423274059874,0.11591660917118597,0.017498278714568105,302.1499938964844,296.95381330590385,1.122902228481288,287.510009765625,302.3999938964844,True,TWLO,2026-10-01,13.800494052537742,174.46505012512208,71.75594116865885,0.06040610732229368,666633832.2533417,292.4599914550781,0.1539969112152454,0.1599175188430758,0.08274539836535899,0.3610940492160155
0.03211581721771944,-0.10761578388233095,0.005499337104182489,-0.011183084505158147,-0.010886749458643874,-0.08363988309729965,-0.000736049621201551,137.4949951171875,137.5962728016619,0.9197624184563186,134.76499938964844,140.8000030517578,True,NOW,2026-10-01,5.9766620488207005,116.03296997070312,64.83334771288494,-0.011871410325301812,1714275246.8854523,134.00999450683594,0.15339631679395016,0.1572896384751971,0.08530719135842997,0.27854103547327635
0.03444638374413788,-0.06061460485367731,-0.032996947050677905,0.026640740628214532,0.026937075674728805,-0.10820410424911373,0.014797613333615622,147.97999572753906,145.82217555816274,0.8974444055195393,143.02000427246094,148.5800018310547,True,RDDT,2026-10-01,7.669200716640495,169.28025009155274,19.5175203045614,-0.04938597221930863,754161346.7771149,142.44000244140625,0.1513885535219522,0.15106370975806693,0.08290003077563989,0.29316369587282115
0.034800390812467906,-0.01913426251485073,0.08612957716673852,0.04867033716782809,0.048966672214342366,-0.08555914289696989,0.010900613840088669,81.2300033569336,80.3540944033724,0.9179988483372956,77.17500305175781,81.5999984741211,True,PBF,2026-10-01,4.483084893740961,47.73680006980896,96.87467779547148,0.04437503778978025,289661998.669014,76.95999908447266,0.15069156037445153,0.153249217117872,0.081119211866944,0.32593294954451346
0.025986479095825507,-0.2060470088308377,-0.09137442578914712,0.0015190905391206933,0.0018154255856349666,0.26536243283599625,0.007467142786847347,23.075000762939453,22.90397352226255,1.3039034675815455,22.55500030517578,23.3700008392334,True,UPST,2026-10-01,1.1762343127659165,32.50075002670288,13.64524798821546,-0.034439299169121695,109351992.78303146,22.989999771118164,0.14998798257014043,0.15044691576833627,0.08393645566532877,0.2573704212593693
0.033561930622566134,-0.05555599393148469,-0.01499981521837368,0.006772351734428472,0.007068686780942746,-0.14778189754216714,0.019812666692220038,69.87000274658203,68.51258572146058,0.862619233801773,67.1500015258789,70.0999984741211,True,AFRM,2026-10-01,3.4394817520151504,66.74190008163453,50.087526079427704,-0.03201892328884526,298056797.1648407,69.2300033569336,0.1499231975448376,0.14941010245149022,0.08289284547349367,0.2804860641605044
0.025658419120626056,-0.23004640878936233,-0.10082504583671048,-0.007603902000471452,-0.007307566953957179,0.16799530529540363,-0.0002745492661745397,9.318599700927734,9.321158818241178,1.1829310571229037,9.109999656677246,9.520000457763672,True,UEC,2026-10-01,0.6073641291902412,13.062300019264221,67.13691247479369,0.004250793039494827,95601466.79048538,9.449999809265137,0.14928041032032663,0.15057792505567155,0.08415680889074416,0.24988210606448405
0.030127993560153915,-0.036479866285034745,0.009302042437133284,0.005456208717140365,0.005752543763654638,0.12251455993878149,0.0118719772012299,454.2601013183594,448.93040972911655,1.1303355775710127,440.04998779296875,456.8891906738281,True,WDC,2026-10-01,26.334473263194536,397.376598739624,52.28496786621963,-0.005144384133611735,2992115101.6011047,454.4599914550781,0.14825686657953344,0.15020486021463403,0.08235101816814719,0.28543662417348886
0.0399727196590041,0.1855900690918193,0.1258204471845379,0.011054984388769062,0.011351319435283336,-0.43357258535745674,0.005732448149606606,266.1400146484375,264.62307658273755,0.6481892418602277,259.30999755859375,269.29998779296875,True,CRWD,2026-10-01,11.885219913960317,152.101224899292,83.99652817369636,0.05005352347116787,2651670300.4854584,264.75,0.14776385328775113,0.1524251951604827,0.08115628934053905,0.3289509000870416
0.03390257898149982,-0.04359073803660851,-0.02120349857864312,-0.001539829404982429,-0.0012434943584681557,-0.3332850969930877,-0.0018227833603836618,16.599899291992188,16.630212566738482,0.7165658742554888,16.399999618530273,16.889999389648438,True,QBTS,2026-10-01,1.051378957891774,20.89174993991852,33.87429866258674,-0.04824814244399611,273754700.31903267,16.56999969482422,0.14757047118111224,0.1499540329988806,0.08257268532706917,0.27892433735852407
0.028647388608464597,0.012423291126181457,0.058483849065646076,0.049128205848415485,0.04942454089492976,0.4362897228061134,0.018652724501328377,993.9650268554688,975.7643630139552,1.5469569185297762,942.0,1003.780029296875,True,GEV,2026-10-01,34.32031791858944,914.386298828125,33.83383624097917,-0.0074559220283738625,1965536396.399231,950.489990234375,0.1464984699641279,0.14834943572799664,0.07963903461305608,0.318853324414406
0.031084558314751248,0.11195664156060814,0.15080625417447635,0.022195310611097696,0.02249164565761197,0.21192302265388277,0.00152386921625558,528.4749755859375,527.6708741844532,1.2360527333572122,516.5300903320312,533.8800048828125,True,AMAT,2026-10-01,19.4324559123362,424.9057497406006,95.7835800968183,0.05439176264497414,2908906131.9561768,511.3800048828125,0.1460303313534444,0.15290738192263584,0.08016981098835839,0.3303404041164147
0.03696088644927803,0.015244923748424899,0.08737227641514678,-0.006399179829985946,-0.006102844783471673,-0.6627648539959774,-0.002273710483255531,149.8350067138672,150.1764645155745,0.5154242897085163,148.05999755859375,152.63999938964844,True,SHOP,2026-10-01,6.787711830109757,129.6666000366211,84.83775415862853,0.042530777165256994,1455872355.2162552,148.3000030517578,0.1459841571027581,0.15007057980776936,0.08135849093641766,0.29206011382922586
0.03234003799350379,-0.0867882137675744,0.018666295768242636,0.03548881030448303,0.035785145350997305,-0.23751687466679253,0.01845607619171097,190.24000549316406,186.7925479953186,0.7885835837835853,182.57000732421875,190.83990478515625,True,TEAM,2026-10-01,9.242926869035434,112.07422492980957,44.40636959504177,-0.04500911878016822,600512400.2471161,179.2899932861328,0.1452847697873506,0.14446003949034775,0.07963973587246279,0.28995881750294006
0.03520367254983669,0.21040615151886644,0.1145172520550517,0.007308078444410393,0.007604413490924666,-0.053980494494714266,0.011594110133298141,267.3999938964844,264.33526175953017,0.947450586823993,257.5799865722656,270.2799072265625,True,MRVL,2026-10-01,13.119089569389484,165.05470008850097,72.92693784416126,0.00866606471907505,4215974112.6277924,264.2099914550781,0.144463825943565,0.1487881183618889,0.08006266389781498,0.3220169737686144
0.020885803409679476,-0.14503050078244517,-0.08848250053629736,-0.01809380840802044,-0.017797473361506166,0.5280089794703109,-0.0015739105345132787,85.19999694824219,85.33430551064076,1.6955530647018682,83.80000305175781,87.2300033569336,True,CCJ,2026-10-01,3.3043879409355355,105.7107498550415,4.248977569983623,-0.015896463389691418,262033108.2113266,86.66999816894531,0.14375580852154127,0.14653696540631522,0.08234331288698471,0.2481134474131514
0.01872247648481691,-0.18113459278032917,-0.1036133918449107,-0.025207471646392476,-0.024911136599878203,0.5583154411573971,-0.010925162401592359,93.97000122070312,95.00797881874496,1.7477258720363842,93.69999694824219,96.91000366210938,True,SE,2026-10-01,3.448522811909055,103.16675006866456,1.362424137628338,-0.021999019329689284,369560350.6354904,97.36000061035156,0.14236930590193414,0.14627038375724855,0.0822861703861681,0.23977990904448598
0.030168737677047537,0.09527080051453596,0.10638699658477968,0.0191765981926022,0.019472933239116474,0.08623317729410925,0.012643203733871955,200.6300048828125,198.1250692672788,1.0900604760254533,194.89999389648438,201.97999572753906,True,KLAC,2026-10-01,7.622930422338337,176.98403511047363,71.84778355990014,0.037303078837483516,1706138787.4917603,194.92999267578125,0.1414602069083565,0.144860671882516,0.07843446909976355,0.30903507729872476
0.03430859769915015,0.11552731466816768,0.09922813162932287,0.007738323750009712,0.008034658796523986,-0.37181969178248503,0.001962301828676294,44.29010009765625,44.2033597639578,0.6894785499654181,43.54999923706055,45.089900970458984,True,IONQ,2026-10-01,2.8277116486519307,43.502650032043455,32.232752023730114,-0.03562002964358668,1001870246.1566353,43.86000061035156,0.14070875855638618,0.14471261381501244,0.0786023083036671,0.3045189375506348
0.03224110625298057,-0.07385055747442992,-0.061886496962493265,-0.012464222185447627,-0.012167887138933353,-0.5680698474191672,0.0043822730945921595,137.86000061035156,137.25849639459733,0.566618043192053,135.3300018310547,140.25,True,ORCL,2026-10-01,7.027509811998661,163.36109981536865,52.33876728521329,0.0014587668806607113,5230032859.568329,137.3000030517578,0.1406541969549345,0.14024785500472617,0.0801430797903053,0.2519776526748945
0.0355447471780528,0.05921107605272469,0.003420872928936891,-0.0032415239531654594,-0.002945188906651186,-0.6162863359718841,0.0025093354351926056,184.5,184.03818645729413,0.5399458965745773,182.63999938964844,186.36000061035156,True,QCOM,2026-10-01,8.759852560503912,169.211849899292,17.1629044545448,-0.08877559947616809,2714752894.531021,184.0399932861328,0.1403830687880091,0.14173304162823894,0.07932440307731776,0.2789160929353174
0.03352753278396957,0.08402836153448923,0.0788419255865076,0.023285716968578285,0.02358205201509256,-0.3086883672279147,0.014398706515537762,931.1900024414062,917.9723874452151,0.734409600468519,893.7449951171875,938.719970703125,True,STX,2026-10-01,47.90164265853441,644.5999992370605,70.91166071645077,0.006009848786489913,3252673120.993347,922.3400268554688,0.13997980696880397,0.14132454656265614,0.07764698721270895,0.30244273110355485
0.029126444055438138,0.0020639180548083225,0.04191891500909617,0.001011486405928741,0.0013078214524430143,-0.1193501169586844,0.015890695147988465,29.690000534057617,29.225585661784773,0.8874970186030778,28.639999389648438,29.88409996032715,True,HIMS,2026-10-01,1.7465230778422995,27.617299995422364,81.83510601665509,0.012576507079330002,277333378.6831379,29.790000915527344,0.13984718481872346,0.14082216917369136,0.078686621782961,0.2756967452577051
0.031777205086312404,0.053505803989635226,0.0831870600761766,0.00837748435250929,0.008673819399023563,-0.3160947538527476,0.009493720742445255,1358.93994140625,1346.1598754738168,0.7289903722485895,1331.0,1362.1500244140625,True,MPWR,2026-10-01,52.68249942117491,1278.786199951172,36.88739325628627,-0.01477961008167572,902619155.2612305,1347.219970703125,0.1390548342688923,0.14132815010456581,0.07787686745884333,0.29061104424107026
0.029523592434243105,0.004628907437005614,-0.00023941783999803512,-0.006345201777755438,-0.006048866731241165,-0.2626612361516587,-0.0054619153011463695,15.65999984741211,15.746003183129947,0.7690023633904294,15.510000228881836,15.979999542236328,True,RGTI,2026-10-01,0.9509028856449201,18.41932503223419,16.506792622055727,-0.05522209392077837,266769390.85250854,15.739999771118164,0.13848942790763868,0.14156345996141428,0.07892097488564445,0.27104098387855236
0.031014045523503276,0.17801411160931613,0.1614379905067962,-0.009901708765414852,-0.009605373718900578,-0.11118297880791794,0.0066368011359971835,275.9898986816406,274.1702850225463,0.89477500908451,271.1300964355469,279.5,True,DDOG,2026-10-01,12.440109538651125,183.50525047302247,98.75521962598688,0.021332939680521967,856891481.3392639,273.8500061035156,0.13832783406372992,0.14388335104167352,0.07796618162540597,0.30426967623304124
0.02044016265539698,-0.13777526099974258,-0.027440266467799845,0.031149023098505202,0.031445358145019475,0.4029534257690004,0.008256011397926644,57.435001373291016,56.964700159494754,1.4962372039436025,55.5,57.75,True,OXY,2026-10-01,1.4942753545861598,53.84779998779297,32.43504508479376,-0.027084081938032578,530590722.35406876,55.31999969482422,0.13675131043871352,0.13745278619438514,0.07693301993967869,0.267813949152818
0.029517785333139382,-0.005775697477952146,0.06034899378102465,-0.002832560257696848,-0.0025362252111825745,-0.3996095689601009,0.0015506096232167366,189.64129638671875,189.347692033318,0.6705818108855143,186.60000610351562,191.8000030517578,True,PLTR,2026-10-01,6.335390729450872,152.04467472076416,26.784589188742743,-0.013813439882325418,4477976528.367767,187.0500030517578,0.1364289450282138,0.13903399577215148,0.07741887348274656,0.2726959843022911
0.03450775022416099,0.2856371499871668,0.12083013146204169,0.008314198818744734,0.008610533865259007,-0.244342682726113,0.008482207622986015,616.0850219726562,610.9032140733367,0.7832191925822679,601.5,619.280029296875,True,AMD,2026-10-01,24.243434183626153,370.56720069885256,49.36097834128752,-0.029922450519451638,12339587096.264801,611.760009765625,0.13576462297600064,0.1396683440701701,0.07636802571277898,0.31784916591855106
0.024427590648454286,-0.07948753402356112,-0.0399256292214647,0.008456070302110152,0.008752405348624426,0.005928481638384204,0.002853423988609549,69.16999816894531,68.97318841854096,1.0059460898651378,68.19999694824219,69.80999755859375,True,FCX,2026-10-01,2.803447217488987,63.38045003890991,4.541161351304737,-0.03194575627971674,815575850.3306961,70.0,0.1357111154683092,0.13658683992063905,0.07736628953104437,0.2593112657198645
0.023507250620511,-0.12341025708181608,-0.07122553527832354,0.004436036101589602,0.0047323711481038755,-0.09062160818162576,0.006428369618033836,15.850000381469727,15.748761521384003,0.9133632547024519,15.529999732971191,16.030000686645508,True,SOFI,2026-10-01,0.6587762256409445,19.05097496032715,4.579511815317289,-0.05186970208893793,763722302.2848034,15.720000267028809,0.1337287656481326,0.13303688449114048,0.07675748212214896,0.24473435347959405
0.027523087075979173,-0.004211272274545097,-0.03390857158902505,-0.02149081394517749,-0.021194478898663216,-0.38899615811908467,-0.01065916574893111,7.193999767303467,7.271507976065019,0.6777368737933305,7.159999847412109,7.425000190734863,True,ONDS,2026-10-01,0.4316130630705374,9.452500014305114,11.315068201062815,-0.04057590944987033,475779159.93285894,7.329999923706055,0.13327392409072805,0.13596883682129413,0.07750262774933299,0.25107602858059336
0.03511555282427495,0.20806120640351322,0.06607607623056144,3.426564369068963e-05,0.00033060069020496297,-0.6337638080655718,0.0008846636519925788,728.5499877929688,727.9060357810473,0.5305909953767866,721.510009765625,735.8800048828125,True,META,2026-10-01,27.073167815006535,627.5711972045898,35.85273900917426,-0.03522866909883782,16801213729.01764,725.1799926757812,0.1329708558973922,0.13563103738012697,0.07577314320618617,0.29327808153630125
0.026842339153439282,0.05441383282808898,0.0478880795523875,0.021879277028261424,0.022175612074775697,-0.06122833078909171,0.015482343289185962,439.0299987792969,432.33641794032775,0.9406084453862953,423.0,439.510009765625,True,ETN,2026-10-01,13.407784862671436,388.0749008178711,18.130999068892734,-0.023342013897920344,871572537.8111267,429.7099914550781,0.13269830557512316,0.13325497168076095,0.07491927069320144,0.28254647273964384
0.02429089229467729,-0.14106960002014135,-0.05807363634713658,-0.004159749486745468,-0.0038634144402311943,-0.3487166257986163,0.0027487482469534807,5.985000133514404,5.968593971299019,0.7055930488094466,5.900000095367432,6.070000171661377,True,JOBY,2026-10-01,0.2925481646342716,9.662700018882752,36.58484693706527,-0.042721514808999994,162033512.09393978,6.050000190734863,0.13189322869218345,0.13136657055656475,0.07618830199329635,0.2373267027579128
0.018620851986037606,-0.18018356331389596,-0.0800415298584235,-0.0012780366067338678,-0.0009817015602195944,0.14227538432812667,0.005681583650220423,42.97999954223633,42.73718465265734,1.1528940937906946,41.83000183105469,43.5,True,KTOS,2026-10-01,2.329571637920765,69.26834997177124,4.070690987581074,-0.064226224764945,190490299.83400345,42.689998626708984,0.13167502354025468,0.13124654125943624,0.07623630850748771,0.23276473811156653
0.022380994913118797,-0.10485157503941633,-0.06919882280038714,0.0030049754206036283,0.0033013104671179017,-0.09417681740806376,0.0020966211591584294,115.15499877929688,114.91406751386236,0.910121822631024,114.18000030517578,115.79000091552734,True,NEM,2026-10-01,4.091566165298902,111.33925003051758,15.313254640904603,-0.050152383694143654,847623348.0474854,115.33999633789062,0.1309488576093243,0.1308209743284211,0.07568562045387428,0.2430279950008729
0.024018391128778533,-0.16657232265813882,-0.012613486343137859,0.015702444164735097,0.01599877921124937,-0.3704540628735205,0.014369201913482454,6.144999980926514,6.05795204481241,0.6904207650169869,5.980000019073486,6.179999828338623,True,SOUN,2026-10-01,0.27385060008836887,7.84710000038147,74.44809873968875,-0.004958712208686045,124065046.5819335,6.019999980926514,0.1308119838301542,0.12891972951950492,0.07456524291114819,0.24453096269061877
0.01751136160777417,-0.16788046449353544,-0.049359085437885364,0.0004868550722223475,0.0007831901187366208,0.14632627093758221,0.004721540685951986,287.7300109863281,286.37786623932305,1.157573809136081,283.989990234375,288.30999755859375,True,FDX,2026-10-01,7.049999936126897,298.4317037963867,28.28847916170048,-0.002658771206566879,507276554.9006653,285.0899963378906,0.12938044366826779,0.12953124416226383,0.07504233632695603,0.23475727559545773
0.02205728098723221,-0.15597738155032703,-0.03684853591689374,-0.0026564093983453274,-0.002360074351831054,-0.3051470264586558,0.002748613947704426,234.65499877929688,234.01179070743115,0.7370150057190248,230.75,239.4499969482422,True,CRM,2026-10-01,8.971011709430309,200.7324504852295,57.39097871318634,-0.019015455375606338,3105900098.99704,229.57000732421875,0.12927846034421966,0.12900329662654872,0.07491726184935801,0.2348003087940865
0.015978499603286456,-0.01836129369555728,-0.010316348027223476,-0.03365307111917559,-0.03335673607266132,0.4247127404112641,-0.008946750677178095,338.9800109863281,342.0401590105781,1.529151093251875,335.51080322265625,353.2200012207031,True,GOOGL,2026-10-01,8.456547163002098,338.59699951171876,68.67818363161953,0.0004651463662637134,9148181843.383484,344.0799865722656,0.12857228878016363,0.13313810733958797,0.0760678720169415,0.24013346551375775
0.02391741219872204,0.03031150929232651,0.03789431667789622,0.00460682053944228,0.004903155585956553,-0.18403656476459881,0.007855558142649155,205.63800048828125,204.03519018860817,0.8319053848459783,200.7707977294922,206.10000610351562,True,ANET,2026-10-01,7.18374730799266,158.11199985504152,40.851576576279676,-0.014330702832889619,950146773.9839172,203.58999633789062,0.12718426419701695,0.12819557291966774,0.07334901194267462,0.2617013359899223
0.02134226869222258,-0.043449029800573635,-0.020375675874199972,0.004850553564203386,0.005146888610717659,-0.1134743722460646,0.002901461463141297,139.8350067138672,139.4304546229903,0.8927270747078262,137.25,141.67999267578125,True,VST,2026-10-01,4.692878561159172,155.20609992980957,35.46917866304224,-0.000794457641323687,683315098.7812805,138.35000610351562,0.12637203601321487,0.12685243712114005,0.07339275027705626,0.24792168447802537
0.019743618094987238,-0.09542065372503372,-0.02263604855793766,-0.013070426980750671,-0.012774091934236398,-0.17164965026855505,-0.004360049766271024,347.3399963378906,348.86104786810904,0.8422742120260761,346.0899963378906,354.45001220703125,True,AVGO,2026-10-01,10.619438855890625,367.5020001220703,37.551886599341536,-0.004591692776275247,9801352564.43161,351.19000244140625,0.12598556196669122,0.12742973104215333,0.0739691157687824,0.23435147220648628
0.013445387652440575,-0.11675800299543515,-0.01135343801271771,0.02186171211572585,0.022158047162240124,0.5389923254078214,0.01052486742666181,36.224998474121094,35.84770611966172,1.7142785566008876,35.45000076293945,36.23500061035156,True,NKE,2026-10-01,0.9718130377855523,49.047099838256834,18.017495764452704,-0.009790167108282288,1232584676.7098618,35.400001525878906,0.12577121154518828,0.1262285845217756,0.07258727060286053,0.2486774805162926
0.018534564803638312,-0.09245803888751258,-0.027296089366704357,-0.004119985982992125,-0.0038236509364778515,-0.04872383166640959,-0.002318803449842477,107.56500244140625,107.81500424519479,0.9524441282886396,106.69999694824219,109.5999984741211,True,BABA,2026-10-01,2.839706306825211,131.39704971313478,3.7947164515731373,-0.02004735730880225,907356268.1075287,107.54000091552734,0.12519303489310762,0.1263307013423606,0.07334221303371448,0.2372090058012355
0.012332145392968707,-0.11335775163083728,-0.045040704136944165,0.01073763887238588,0.011033973918900153,0.39979919942937486,0.008716679637448932,332.2799987792969,329.40864911515524,1.4915251684645325,325.8699951171875,332.75,True,JPM,2026-10-01,6.497275530138299,321.6320007324219,8.663800703119506,-0.03564977284837556,2845242505.702057,330.8299865722656,0.1214347436571623,0.12114073291758153,0.07128227490461793,0.23287884372782788
0.015213876377186249,-0.02169274944243016,0.030044762325928787,-0.008348131904874934,-0.00805179685836066,-0.005615652677519399,-0.002396713090164204,515.5399780273438,516.7785479379025,0.9944000856259145,512.1699829101562,522.8499755859375,True,MSFT,2026-10-01,11.811602148577363,432.4460493469238,75.0873652127592,-0.0063350419519898615,10710936228.71231,512.9000244140625,0.1179938145051019,0.11999389411834076,0.07010805733240048,0.23649108734539315
0.013582446077647721,-0.068039017836239,-0.012298487778199751,-0.008966222198061646,-0.008669887151547373,0.07732631696488912,0.0036763638692189904,249.2449951171875,248.3320361917625,1.080394569954108,246.11669921875,251.8300018310547,True,AMZN,2026-10-01,5.653887983559971,241.10779991149903,71.74922850270278,-0.0020827663566892474,8673599762.116241,249.14999389648438,0.11782466457271681,0.1183164134042101,0.07020753025222547,0.2255569016890526
0.017115623357541385,0.004908291714203594,0.035133972217064935,0.004696681214993781,0.004993016261508054,-0.09817629968857776,0.0034695206889925334,231.02999877929688,230.23120684390025,0.906489075923752,228.16000366210938,231.91000366210938,True,NVDA,2026-10-01,5.955066909171665,200.14710006713867,69.58965374796506,0.01470652441853626,25214969116.279373,228.3800048828125,0.11763891782046547,0.11858829960681319,0.0693696435073122,0.24393598038590594
0.013291051512176372,-0.10828765008383767,-0.030540574999319614,-0.020945074402671016,-0.020648739356156742,-0.04928164225250212,-0.0033725697570685664,76.66000366210938,76.91941977096018,0.9519129930214278,76.30999755859375,78.73999786376953,True,PDD,2026-10-01,1.7662346991403353,94.85649997711181,50.73693982828442,0.004769920691474638,502913071.998291,77.94000244140625,0.11750745239116402,0.11839580751136669,0.07063099624274283,0.2151096079836185
0.015752016479408684,-0.05634339157964663,0.005881896769228012,0.0133746356786959,0.013670970725210174,-0.16735047386886762,0.0028854761049346145,163.66000366210938,163.1891253403546,0.8459030924496647,160.8052978515625,163.9199981689453,True,XOM,2026-10-01,3.586326521505876,148.6396000289917,71.06013840697429,0.013450424754756218,2313234514.5292664,162.75,0.1156767050708474,0.11558251692146902,0.06835433387377325,0.23560554921496754
0.012251326643165136,-0.04792172816053286,-0.004993151526713313,-0.007090858360389585,-0.006794523313875311,0.09480467029905341,-0.00020023241574129713,1146.81005859375,1147.039733130466,1.0994440800674448,1139.8499755859375,1158.719970703125,True,LLY,2026-10-01,33.23499447037858,1072.7996032714843,8.643800262865213,-0.02229057657507494,2645524587.6098633,1157.0799560546875,0.11512106783789815,0.11611098560685372,0.06899005467472624,0.22581639071211404
0.014359612630764627,-0.021137281879932246,-0.005124443059814632,-0.0015598468288829936,-0.0012635117823687203,-0.10770065704087005,0.001462685808640174,329.6549987792969,329.17352134105124,0.8978963351518624,325.80999755859375,332.4815979003906,True,AAPL,2026-10-01,7.254706066618413,288.60049926757813,44.726284574808005,-0.023602246276948624,13992428249.498596,333.0199890136719,0.11377579749727945,0.11402529863137503,0.06812938744510691,0.2279377331489833
0.016233539521931503,0.05650376956017067,0.05168670358452543,0.003116328053359485,0.0034126630998737584,-0.1445200702713679,0.0055026919709122435,458.69000244140625,456.17978559790424,0.8654375426624665,453.46099853515625,460.4150085449219,True,TSM,2026-10-01,10.479141036891766,385.4051499938965,75.84233710137377,0.012383252194223537,4340782708.90152,456.19000244140625,0.1134689452920215,0.11421663974231454,0.06750022592820046,0.2422419686775498
0.010842090127132708,-0.07691642219915984,0.010230287175163388,0.007319597157921853,0.007615932204436127,-0.08251435096647154,0.002512538491071359,917.9199829101562,915.6194537893368,0.9207982234175535,903.9500122070312,923.5,True,COST,2026-10-01,15.682408457550766,960.9671475219726,22.83123450643768,-0.013470303989823407,2191712592.197571,910.3400268554688,0.11006821862080311,0.10993004821243428,0.0661306013485093,0.2217209064859789
