symbol,signal_date,close,change_pct_daily,liquid,close20_raw,touch20_raw,down10_raw,close30_raw,ret20_pct,rs20_pp,ret3_pct,rsi2,rsi14,atr,atr_pct,volume_ratio,sma20,sma200,ema20,day_high,day_low,high20,rv20_scale_pct,pullback,pullback_cap,target_net20,target_net30,rank,url,retrieved_at,sha256,quote_at,price,previous,change_pct_live,high,low,volume,vwap_5m_proxy,bid_ask,from_signal_pct
CIFR,2026-09-28,16.739999771118164,-5.5837551984126765,True,0.1399632962479589,0.3512837284519486,0.7833781529935983,0.0580071406919712,10.349371700252297,7.543788904085091,-8.773845105623979,4.299798243208372,46.852327364412865,1.5306196807614645,9.143486867916636,0.6516195101969161,17.01175003051758,18.348150024414064,17.37733379922202,17.940000534057617,16.68000030517578,19.7450008392334,27.708034394991543,False,17.505309611498895,20.121479724884033,21.795479701995852,1,https://query1.finance.yahoo.com/v8/finance/chart/CIFR?range=1d&interval=5m&includePrePost=false,2026-09-29T19:14:25.328749+00:00,52e3bd64d9098d031a67e3a2e7fbb29c23284328e112dde871fd86972af5a772,2026-09-29T15:14:14-04:00,16.715,16.74,-0.14934289127837008,17.37,16.52,22046895,16.7927993190348,unavailable,-0.14934152604527684
VKTX,2026-09-28,33.029998779296875,-7.114742677975306,True,0.1212435671168333,0.3048837630123865,0.6932398775480303,0.0475924569590157,2.7052205721785016,-0.1003622239887036,-20.696284347615357,15.59875205419779,48.19625635096551,2.833837928193607,8.579588352785073,1.2701360038353586,33.32950000762939,33.28142490386963,33.912706804284404,35.189998626708984,32.90999984741211,43.099998474121094,40.53370353340103,False,34.446917743393676,39.70205853271485,43.00505841064453,2,https://query1.finance.yahoo.com/v8/finance/chart/VKTX?range=1d&interval=5m&includePrePost=false,2026-09-29T19:14:25.359182+00:00,f8333c172870bca26f2f261340d2000a4e553d36d78b51161c7df9c47c913eb1,2026-09-29T15:14:24-04:00,31.45,33.03,-4.783530124129587,33.647,31.43,5932247,32.400573358959576,unavailable,-4.7835266051757035
ALAB,2026-09-28,351.30999755859375,-3.6503751129490225,True,0.1174202893336657,0.2657737236156752,0.682820565436372,0.0458088346432109,21.36317963074226,18.55759683457505,-2.538421492923071,26.97079482439186,59.92387704055651,23.28283302023303,6.627432518868118,1.008291553467698,306.30250015258787,237.13234966278077,319.67851351618134,367.6799926757813,342.0,377.8699951171875,27.356881024494633,False,362.9514140687103,422.27461706542965,457.4056168212891,3,https://query1.finance.yahoo.com/v8/finance/chart/ALAB?range=1d&interval=5m&includePrePost=false,2026-09-29T19:14:25.353962+00:00,94ceb42d076fd129b61ac0f4145274d67e5a192c21d302b2c22f028e54a6a595,2026-09-29T15:14:20-04:00,360.21,351.31,2.533375081836553,366.7,349.21,1758695,361.0561221818348,unavailable,2.5333757943856394
CRDO,2026-09-28,192.6699981689453,-8.674220479628069,True,0.1163066160929262,0.2580475782988414,0.6977228461840719,0.0452373219391408,-17.220194127198575,-20.02577692336578,-0.6189699171946783,33.17555897370707,49.63393431777491,14.147010687092257,7.342612145917632,0.9299862053138996,178.55650024414064,176.2802754211426,189.7426133580168,208.10499572753903,189.43899536132812,238.39500427246097,30.01884965703672,False,199.74350351249143,231.58933779907227,250.8563376159668,4,https://query1.finance.yahoo.com/v8/finance/chart/CRDO?range=1d&interval=5m&includePrePost=false,2026-09-29T19:14:25.329323+00:00,eff3dc10b41356390d54b56167f6d43a616bc4fad9a8509f8d2d034c73ea004c,2026-09-29T15:14:23-04:00,192.2,192.67,-0.24394041625577234,199.38,189.01,5335189,194.36414636822036,unavailable,-0.24393946821611445
AAOI,2026-09-28,96.81999969482422,-4.516767023801083,True,0.1111431585535965,0.2684427628885094,0.7410299924759506,0.0446390811526129,-8.858141169864876,-11.66372396603208,-4.19552539699124,7.206750905335384,41.271285458954445,8.22328299218459,8.493372255840018,1.232075943042718,102.76249961853028,107.34285019874572,104.4997918337554,102.43000030517578,93.62000274658205,116.9000015258789,18.31818865175663,False,100.93164119091652,116.3776396331787,126.05963960266114,5,https://query1.finance.yahoo.com/v8/finance/chart/AAOI?range=1d&interval=5m&includePrePost=false,2026-09-29T19:14:25.346907+00:00,f7eb5c84f5f7da3f323ea126080e39c3a3cbed47768b6a156b10625791b7aa42,2026-09-29T15:14:22-04:00,101.751,96.82,5.0929560008262875,103.83,97.43,6018608,101.33103892678419,unavailable,5.092956332078358
VICR,2026-09-28,285.1000061035156,1.1136383684200002,True,0.1103456689850077,0.27384176481758,0.6577951619631462,0.041743584043759,51.85086876352363,49.04528596735642,0.6851258709973829,86.1195046416232,71.07390615868927,17.695759156285806,6.206860321799059,0.7727161672922729,213.7979995727539,212.4242501068115,231.7554976960446,287.5400085449219,271.70001220703125,291.5299987792969,31.444951102030615,False,293.94788568165853,342.6902073364258,371.20020794677737,6,https://query1.finance.yahoo.com/v8/finance/chart/VICR?range=1d&interval=5m&includePrePost=false,2026-09-29T19:14:25.384179+00:00,12fa0c55687ec37c6449af07f8c7bffcf60114bb4a378b86c11a9a543045a57c,2026-09-29T15:14:22-04:00,291.22,285.1,2.146615222728876,297.0,283.59,338856,288.68516043454474,unavailable,2.1466130359402147
WULF,2026-09-28,15.119999885559082,-3.9390082247443226,True,0.0966890059413681,0.2231738283832282,0.6652711062681063,0.0368002035855173,-1.4983745289563477,-4.3039573251235534,-7.522938637387833,3.2046904848924527,42.746538651189375,1.1178564925975656,7.39323082710613,0.6807653596304208,16.11599998474121,18.056100001335142,16.245181115108593,15.760000228881836,15.09000015258789,18.079999923706055,22.945147438103675,False,15.678928131857864,18.174239862442015,19.686239850997925,7,https://query1.finance.yahoo.com/v8/finance/chart/WULF?range=1d&interval=5m&includePrePost=false,2026-09-29T19:14:25.346445+00:00,9c6ddf4f52b677851c92c06aad586990affccb6ffddb71ccf95c06813ac31604,2026-09-29T15:14:16-04:00,15.215,15.12,0.6283068783068835,15.565,14.93,16164213,15.226964311511582,unavailable,0.6283076399468124
BE,2026-09-28,262.8699951171875,-8.947009351465018,True,0.094512363520433,0.2333805873045261,0.6497036783792655,0.0363657613992187,24.71888304247376,21.913300246306555,-4.476909486143832,29.042581261976736,52.717765087822045,19.914215004020384,7.575689646565643,0.929655637512162,259.1005004882812,203.72330078125,260.029914476373,286.260009765625,259.4599914550781,292.7200012207031,24.09116916703172,False,272.8271026191977,315.96973413085936,342.2567336425781,8,https://query1.finance.yahoo.com/v8/finance/chart/BE?range=1d&interval=5m&includePrePost=false,2026-09-29T19:14:25.364538+00:00,2d8f9a32f2f985aff316bd5a67b07d84b64f12febb787fcf72e0452bc764e33f,2026-09-29T15:14:24-04:00,293.84,262.87,11.781488948910091,302.354,271.23,20794193,292.58342938805015,unavailable,11.781491025252254
MDB,2026-09-28,334.67999267578125,-18.45824220713973,True,0.0943497439634339,0.2131813670727341,0.6546696841127762,0.0433983371803618,-25.063813457799753,-27.86939625396696,-21.869454636127237,2.642795014779651,36.99865085600543,27.797229409678312,8.30561432353283,8.776300468466516,390.48899841308594,344.30484992980956,394.257972904975,344.302001953125,300.0,455.9700012207031,27.31408255347953,False,348.5786073806204,402.285351196289,435.7533504638672,9,https://query1.finance.yahoo.com/v8/finance/chart/MDB?range=1d&interval=5m&includePrePost=false,2026-09-29T19:14:25.721295+00:00,edad6ca95dbfa9007b023dc14fbfb090fce0da4091ab50ba0bceb100dec2fd55,2026-09-29T15:14:19-04:00,332.972,334.68,-0.5103382335365225,349.0,321.0,7787878,330.8773439189501,unavailable,-0.5103360562804471
NBIS,2026-09-28,231.8800048828125,-2.2963792635546376,True,0.0926626159888658,0.2197756255465642,0.6671821288797188,0.035764171017054,10.85190410261423,8.046321306447023,2.3255832744656812,33.36854456561316,53.15298316792755,16.642383050237576,7.177153139464656,0.8389954945841608,223.1270004272461,164.78142532348633,226.14192567906633,245.3500061035156,228.3800048828125,254.7400054931641,18.62191969881292,False,240.2011964079313,278.7197658691406,301.9077663574219,10,https://query1.finance.yahoo.com/v8/finance/chart/NBIS?range=1d&interval=5m&includePrePost=false,2026-09-29T19:14:25.670097+00:00,92dc4eb7d10f27b57b419454370d41e5be59d7b300de90bb06cfc594e770d257,2026-09-29T15:14:22-04:00,238.66,231.88,2.9239261687079576,246.975,233.61,10299445,240.86449677509324,unavailable,2.923924001387679
ABCL,2026-09-28,13.920000076293944,9.606301459459644,True,0.0926551157766107,0.1956224579588843,0.6370173746149123,0.0393864941760382,22.64316835636464,19.837585560197436,13.078794490629075,96.7617083623984,72.85483704220029,0.7894566038794751,5.671383617475236,1.8235395271412411,11.872999906539915,5.769699981212616,11.996091829051274,14.229999542236328,12.380000114440918,14.229999542236328,16.22373574414899,False,14.314728378233683,16.731840091705322,18.12384009933472,11,https://query1.finance.yahoo.com/v8/finance/chart/ABCL?range=1d&interval=5m&includePrePost=false,2026-09-29T19:14:25.750786+00:00,58fe45f1c3f8aec77cb3f4caf26c8fee60114f00d4c597509208391a32bd609a,2026-09-29T15:14:21-04:00,14.89,13.92,6.968390804597702,14.92,14.1,7019863,14.512765174854147,unavailable,6.968390218316078
COHR,2026-09-28,282.45001220703125,-4.522859403222091,True,0.0887884518526455,0.2072424405182858,0.6413437885975001,0.0337046256324181,1.1640400637196402,-1.641542732447565,-6.037921998655637,15.25785317999987,45.71053286644449,20.418856457921212,7.229192981218397,1.0987580489046764,290.5505004882813,286.6055506134033,295.19803643645514,299.3699951171875,275.7900085449219,332.8599853515625,21.98155379533362,False,292.6594404359919,339.50491467285156,367.7499158935547,12,https://query1.finance.yahoo.com/v8/finance/chart/COHR?range=1d&interval=5m&includePrePost=false,2026-09-29T19:14:25.766432+00:00,8d4bdf9dc0ad1ef921ad61691d98f65a70e308333bb9b1b71c983e4ff38920f9,2026-09-29T15:14:24-04:00,291.515,282.45,3.2094175960347027,302.72,285.85,4288220,295.1285830633284,unavailable,3.2094131354911237
SMTC,2026-09-28,174.77999877929688,-4.125070842881939,True,0.0884611738161041,0.2128403707380399,0.6367561718983511,0.0348047262333797,33.246932392407615,30.441349596240407,3.218565457573086,38.849263909512736,58.42269978124421,11.609525233868004,6.642364867233985,0.8405512716346523,160.83050155639648,114.71725032806395,163.32019381602512,180.9900054931641,167.11000061035156,190.63999938964844,24.655888351957984,False,180.58476139623087,210.08555853271483,227.56355841064453,13,https://query1.finance.yahoo.com/v8/finance/chart/SMTC?range=1d&interval=5m&includePrePost=false,2026-09-29T19:14:25.714062+00:00,d13551395bfae17b83560a6c6332ea5b96cb4bae0948f19a9fbdb2f99add209c,2026-09-29T15:14:16-04:00,179.565,174.78,2.737727428767589,184.45,177.18,2061519,180.7809988070225,unavailable,2.737728146311169
PL,2026-09-28,16.770000457763672,-3.786573929181891,True,0.0879933730692205,0.182760888457856,0.6406370681765934,0.0328904955284404,-16.066061851938194,-18.8716446481054,2.380960421116507,28.65905605331072,38.30061963642908,1.0604606730783046,6.323557806388516,0.6486294900601802,17.378500175476074,27.3401500082016,17.786392631394094,17.4950008392334,16.739999771118164,20.3799991607666,16.400159852593053,False,17.300230794302824,20.157540550231932,21.834540596008303,14,https://query1.finance.yahoo.com/v8/finance/chart/PL?range=1d&interval=5m&includePrePost=false,2026-09-29T19:14:25.783979+00:00,2be35e6dde808f5a4f103433812241ee4b96b8aa4335859a8c281e21897aa2c7,2026-09-29T15:14:13-04:00,16.262,16.77,-3.029218843172321,17.22,16.1,6104781,16.374332210729296,unavailable,-3.029221490143086
SNDK,2026-09-28,1712.8900146484375,-3.651143683029723,True,0.085401184598159,0.1938533316172049,0.591938469508603,0.0314212030720015,15.34768395380961,12.542101157642405,-5.70745606864328,20.36686922257428,53.32535751730862,112.1195815440514,6.5456381078304915,0.6223063807985827,1675.1842468261718,1115.3787229919433,1680.8778893785525,1762.0,1659.02001953125,1909.47998046875,22.243106224093463,False,1768.9498054204632,2058.8937976074217,2230.182799072266,15,https://query1.finance.yahoo.com/v8/finance/chart/SNDK?range=1d&interval=5m&includePrePost=false,2026-09-29T19:14:25.773445+00:00,f398793ddd6d10b082823989bcc876f748c381a5e75b200324e6acd064303c80,2026-09-29T15:14:25-04:00,1717.52,1712.89,0.27030340535585395,1749.78,1693.0,4955418,1720.1803855878966,unavailable,0.2703025478558052
SMR,2026-09-28,7.909999847412109,-6.0570097893195225,True,0.0817892871187157,0.2096039026006966,0.6501913969071276,0.0300509849713397,-14.85468374712089,-17.660266543288095,-8.870972703820412,4.3265220164764315,39.95684671335281,0.645186434434569,8.15659224880583,0.8835982008350539,9.10050015449524,12.17615002155304,8.862900263291452,8.279999732971191,7.894999980926514,11.369999885559082,28.61493589079775,False,8.232593064629395,9.507819816589356,10.298819801330566,16,https://query1.finance.yahoo.com/v8/finance/chart/SMR?range=1d&interval=5m&includePrePost=false,2026-09-29T19:14:25.810425+00:00,ef39bfa8b7a702a3af208bb500ec2f392ae8ee1019bba800a2c21c3123052296,2026-09-29T15:14:24-04:00,7.86,7.91,-0.6321112515802807,8.16,7.76,23698926,7.91507297533408,unavailable,-0.6321093347235296
LUNR,2026-09-28,15.199999809265137,-2.626520540868371,True,0.0814462050461686,0.1948774199906642,0.6381722630219887,0.029813770960116,-1.106051252828366,-3.911634048995571,-0.262466945234685,26.198412464075503,48.670740824603726,1.0429098632031752,6.86124918611822,1.096593809606196,14.903999948501587,20.16710003376007,15.259058501443334,15.979999542236328,15.125,16.260000228881836,20.684889833214896,False,15.721454740866724,18.270399770736695,19.79039975166321,17,https://query1.finance.yahoo.com/v8/finance/chart/LUNR?range=1d&interval=5m&includePrePost=false,2026-09-29T19:14:25.865083+00:00,4e46fc26e8db8d80ca72fe006f828c1615d77da2f731d77f0db0f7c7822774ad,2026-09-29T15:13:44-04:00,14.69,15.2,-3.355263157894739,15.545,14.62,4697986,14.907552277293934,unavailable,-3.3552619451631016
RCAT,2026-09-28,6.5,-2.4024001663345507,True,0.081124170475618,0.1812181048376225,0.6412690704525728,0.0302558149141302,-23.439338336472936,-26.244921132640144,-1.3657078983912885,17.25120442260139,32.118930998072656,0.4845030422123462,7.453892957113019,0.7172330577318015,7.603999972343445,10.981649951934816,7.495018318705145,6.670000076293945,6.460000038146973,8.979999542236328,16.632162536890032,False,6.742251521106173,7.813,8.463000000000001,18,https://query1.finance.yahoo.com/v8/finance/chart/RCAT?range=1d&interval=5m&includePrePost=false,2026-09-29T19:14:25.874768+00:00,debe608037bec1e0cf006f1599dd1b60731678160b21273eca2d12be9a2c9955,2026-09-29T15:14:07-04:00,6.455,6.5,-0.6923076923076921,6.645,6.42,3745508,6.4936667075069865,unavailable,-0.6923076923076921
BKSY,2026-09-28,22.950000762939453,-1.2903192991851498,False,0.0792552282094857,0.1794416080813665,0.6217238474815906,0.028943399671134,-3.164556860153367,-5.970139656320573,3.146070844671689,43.12649682939713,48.7778178292583,1.4562215046308076,6.345191530374023,0.6249737140934517,21.93000011444092,27.505000009536744,22.840315616364276,23.690000534057617,22.700000762939453,24.0,18.22082551611465,False,23.678111515254855,27.585900917053223,29.88090099334717,19,https://query1.finance.yahoo.com/v8/finance/chart/BKSY?range=1d&interval=5m&includePrePost=false,2026-09-29T19:14:25.965146+00:00,e88a281516151d6ee39bc1f14a1d3d6f5ee8d0a1946d165880817f456672d8ec,2026-09-29T15:12:21-04:00,22.1,22.95,-3.703703703703698,23.625,21.95,462530,22.37595008728345,unavailable,-3.7037069049342453
IOVA,2026-09-28,10.989999771118164,-0.0909111716530519,True,0.0788718533682656,0.1781254452651385,0.6468337917457276,0.0349760983463293,37.20348885248814,34.397906056320934,7.850836346204937,80.86994423279032,74.17911377395171,0.5719584690854987,5.204353785234934,0.8896049282929014,9.45,4.4878500020504,9.585479916865062,11.170000076293944,10.68000030517578,11.170000076293944,14.487018837649174,False,11.275979005660911,13.209979724884032,14.30897970199585,20,https://query1.finance.yahoo.com/v8/finance/chart/IOVA?range=1d&interval=5m&includePrePost=false,2026-09-29T19:14:26.062175+00:00,fbf5c32ea665e66f4f65a9feef5f2d15a4c1d6edeadca9296466a390cfc1359e,2026-09-29T15:14:25-04:00,14.94,10.99,35.94176524112829,15.3,12.78,67473320,14.17962522066153,unavailable,35.941768072302224
DELL,2026-09-28,543.4299926757812,-3.4571624058405637,True,0.0787140818315902,0.1656621473269726,0.5524148048769147,0.0306847242335233,19.11055679196729,16.304973995800086,-1.164000548376154,36.13338111772159,54.4396406501727,31.29214142205666,5.7582654332305205,0.606465170133958,533.5360046386719,284.9364498138428,532.9877330302304,557.0,535.5,595.510009765625,25.65058818601613,False,559.0760633868096,653.2028511962891,707.5458504638672,21,https://query1.finance.yahoo.com/v8/finance/chart/DELL?range=1d&interval=5m&includePrePost=false,2026-09-29T19:14:26.060468+00:00,e12bd99799c1a613419fa4c442ff994fa50b553b86c8c70b9d61d6a0ac475701,2026-09-29T15:14:25-04:00,540.595,543.43,-0.5216863257457072,551.39,538.057,4021913,544.0525385406085,unavailable,-0.5216849850009364
RIOT,2026-09-28,21.6200008392334,-5.999996351159142,True,0.0776143926524098,0.1936834523332253,0.5975548190820329,0.0279024769957284,13.849400209657702,11.043817413490498,-12.434182375125635,5.066232308141949,48.98580795158865,1.524922650955304,7.053295984096616,0.7269998976194224,21.682000160217285,19.235500025749207,22.10965215329574,22.850000381469727,21.56999969482422,25.38999938964844,23.798731818607504,True,22.38246216471105,25.987241008758545,28.149241092681887,22,https://query1.finance.yahoo.com/v8/finance/chart/RIOT?range=1d&interval=5m&includePrePost=false,2026-09-29T19:14:26.065444+00:00,5cc49c5b7a474604cfb9d8eddc1d0ed634be22bd1820a4c78c3e184a876a0dc0,2026-09-29T15:14:23-04:00,21.675,21.62,0.25439407955596405,22.36,21.55,7472161,21.83505579130232,unavailable,0.25439018793558255
ASTS,2026-09-28,61.0,-1.310469754561483,True,0.0775430303469905,0.1779301564565275,0.6012457783164719,0.02825073060479,5.081827393127858,2.2762445969606526,1.700567631791028,39.91715286262293,48.01841138899459,3.959618917259719,6.491178552884786,0.7624346680598726,60.937500190734866,81.4650749015808,61.569137283712934,62.279998779296875,60.27000045776367,67.19999694824219,21.085107898480803,False,62.97980945862986,73.322,79.422,23,https://query1.finance.yahoo.com/v8/finance/chart/ASTS?range=1d&interval=5m&includePrePost=false,2026-09-29T19:14:26.061407+00:00,df1c2962eeb201a26e60fbd9b35d1f04a578d66db2945101709d7c0e4d96a299,2026-09-29T15:14:25-04:00,59.5,61.0,-2.4590163934426257,65.47,58.58,13388827,60.95414854769696,unavailable,-2.4590163934426257
INTC,2026-09-28,116.02999877929688,-5.666667659108226,True,0.0769527013248606,0.1715469154628753,0.5563282868945899,0.0281105120176583,29.68592511033501,26.880342314167805,-5.358890519245019,16.29913472755709,58.52241396970127,6.408083519767227,5.5227816833439585,1.0520903935028074,105.8705005645752,79.57949995040893,109.5889934056571,121.70999908447266,114.70999908447266,127.44000244140624,21.14866458705748,True,119.23404053918048,139.46805853271485,151.07105841064453,24,https://query1.finance.yahoo.com/v8/finance/chart/INTC?range=1d&interval=5m&includePrePost=false,2026-09-29T19:14:26.042102+00:00,11467473857f86754862a4b18f644e792ab4c17986e806ca6939433be9296ba9,2026-09-29T15:14:24-04:00,115.81,116.03,-0.18960613634404488,118.75,113.97,65750999,116.64609050005569,unavailable,-0.18960508628060868
CIEN,2026-09-28,344.19000244140625,-3.563923983690098,True,0.0756031574982762,0.1732297955029101,0.6032638089754739,0.0268411212992922,-9.050311747977258,-11.855894544144462,-3.292967632297783,8.988756474806394,44.25169907681711,22.561531994757985,6.554964361173966,0.6481417540057335,346.8309982299805,388.4318997192383,356.07206303840746,356.989990234375,339.3299865722656,382.94000244140625,19.38328354363061,False,355.4707684387852,413.7163829345703,448.135383178711,25,https://query1.finance.yahoo.com/v8/finance/chart/CIEN?range=1d&interval=5m&includePrePost=false,2026-09-29T19:14:26.096214+00:00,f4e01109fdd73b0eadfd4f268a1398943c6255fe85474e6c81f8d16b79a655b7,2026-09-29T15:14:22-04:00,350.046,344.19,1.7013858624596923,356.21,344.8,1529581,348.60671461850313,unavailable,1.7013851410720982
APP,2026-09-28,308.239990234375,-0.8077263927996792,True,0.0754196439940594,0.1542046805514623,0.593892047287008,0.0274275726749539,-2.9959778570852302,-5.8015606532524355,-2.2236351358049133,10.37696907523474,41.55305291858079,16.273756584382646,5.279573416807029,0.84236833400713,318.00199737548826,464.318525390625,319.8866144500887,322.7380065917969,306.8800048828125,338.3399963378906,12.577559382597451,False,316.37686852656634,370.5044682617187,401.32846728515625,26,https://query1.finance.yahoo.com/v8/finance/chart/APP?range=1d&interval=5m&includePrePost=false,2026-09-29T19:14:26.114697+00:00,81e206ba10324386579d5c1428a95e994c144a72519a58fd2dea64360eac0660,2026-09-29T15:14:22-04:00,306.42,308.24,-0.5904490007786145,313.38,304.84,2586157,307.8161133776574,unavailable,-0.5904458512962951
WDC,2026-09-28,453.2300109863281,-0.7836926931106492,True,0.0751408635611623,0.164210917558206,0.5805399027417847,0.0271997248244336,-1.353792807801768,-4.159375603968973,-4.319278715959163,38.64421836961102,48.68957114914036,27.62808568796341,6.095820007117053,1.1287519857630688,449.7259979248047,394.68264869689943,453.6275313081002,459.989990234375,432.0400085449219,495.489990234375,13.598171215002823,False,467.04405383030985,544.7824732055664,590.1054743041992,27,https://query1.finance.yahoo.com/v8/finance/chart/WDC?range=1d&interval=5m&includePrePost=false,2026-09-29T19:14:26.145160+00:00,ed3133100c20ae473c8f82e27013fe49658d687049819344c50699fa2aedbdd8,2026-09-29T15:14:25-04:00,450.785,453.23,-0.5394612007148636,465.66,447.03,4708270,452.8301747451926,unavailable,-0.5394636116454854
MARA,2026-09-28,12.109999656677246,-3.505980297772837,True,0.0747474785852869,0.1965357751015681,0.6124544377408528,0.0261946567900342,13.495778538770754,10.690195742603548,-9.288394676854429,6.460948947367839,51.50714363658816,0.8697077262315983,7.181732046970425,0.6147431514688885,11.902000045776369,10.97269999742508,12.09181161445714,12.739999771118164,12.09000015258789,13.979999542236328,22.702671199045177,True,12.544853519793046,14.55621958732605,15.767219552993774,28,https://query1.finance.yahoo.com/v8/finance/chart/MARA?range=1d&interval=5m&includePrePost=false,2026-09-29T19:14:26.355301+00:00,c4afb77ad8c77eb2a1d939df1c6e414aafeaab57de0dd1f447a0a16e961b3570,2026-09-29T15:14:09-04:00,12.165,12.11,0.4541701073492943,12.41,11.935,20992518,12.164692447200794,unavailable,0.45417295526037904
CDNA,2026-09-28,64.5999984741211,1.4447207357669134,True,0.0743685005264725,0.155261518170204,0.6080512419397806,0.0315157445129735,29.74492325019249,26.939340454025285,18.9467811464475,93.47048050973704,80.2195711356452,2.8774942627734132,4.454325589382396,0.8508160800619977,53.57450008392334,27.84507493019104,54.72039171391664,65.49500274658203,62.29999923706055,65.49500274658203,15.100784413158276,False,66.0387456055078,77.64919816589355,84.10919801330567,29,https://query1.finance.yahoo.com/v8/finance/chart/CDNA?range=1d&interval=5m&includePrePost=false,2026-09-29T19:14:26.515621+00:00,50421794ef89a00710991c4e479d2e566f8081e9f66f2e943bcb91fb4f4a7255,2026-09-29T15:13:48-04:00,63.6,64.6,-1.5479876160990558,65.48,62.895,489481,63.72909440334023,unavailable,-1.5479852906214786
NTLA,2026-09-28,11.420000076293944,-2.808509988987695,False,0.0729985911509553,0.1535000356611566,0.5795213187535946,0.0258619111952928,-11.266509884682474,-14.072092680849678,-7.380371881937442,5.801286491318308,40.47750164664558,0.6675172490250453,5.845159759768321,0.8309694475381323,12.19524998664856,12.796924991607666,12.126420251892432,11.800999641418455,11.329999923706056,13.130000114440918,11.802336285952675,False,11.753758700806468,13.726840091705322,14.868840099334715,30,https://query1.finance.yahoo.com/v8/finance/chart/NTLA?range=1d&interval=5m&includePrePost=false,2026-09-29T19:14:26.615007+00:00,dfa2415ba115939d5ac54f7b029bcc9cd46ae3c76f0ef227b01f386117b15d84,2026-09-29T15:14:09-04:00,11.965,11.42,4.772329246935203,11.97,11.419,2831057,11.630032682501524,unavailable,4.772328546979487
ONTO,2026-09-28,288.739990234375,0.3824139653455072,True,0.0717185702482002,0.1497137777812097,0.5358019488794148,0.0259122752312402,6.628745937084823,3.823163140917618,2.277635482762763,87.58416988564221,55.253682877301834,15.479965933180583,5.361213014039116,0.4494739292629331,267.89450149536134,250.5379502105713,275.42538982336407,292.3599853515625,279.6600036621094,292.3599853515625,18.22112251052338,False,296.4799732009653,347.06546826171876,375.93946728515624,31,https://query1.finance.yahoo.com/v8/finance/chart/ONTO?range=1d&interval=5m&includePrePost=false,2026-09-29T19:14:26.535092+00:00,3af0b79b4706bcc723555171293a7a6d6a1b548e40f48567f33cb91e407e9c2b,2026-09-29T15:14:20-04:00,301.32,288.74,4.356860843665578,303.37,296.315,384926,300.3618446057245,unavailable,4.356864373173108
QBTS,2026-09-28,16.780000686645508,-3.6186052055609097,True,0.0708788317695181,0.1641472487206717,0.5974285541121422,0.0252950462324687,-1.2360158169609892,-4.041598613128194,-0.1784579431882371,20.219106772665,44.728863673368075,1.0872500914029888,6.479440088868918,0.8548820792874606,16.996500110626222,21.000649933815,17.358539075074457,17.545000076293945,16.75,18.93000030517578,15.79563938829559,False,17.323625732347,20.1695608253479,21.847560894012453,32,https://query1.finance.yahoo.com/v8/finance/chart/QBTS?range=1d&interval=5m&includePrePost=false,2026-09-29T19:14:26.563833+00:00,e78dfb3d1b849821ee361031cee4a048a3a1c176bad8ca71aa85e3783e70b338,2026-09-29T15:14:22-04:00,16.475,16.78,-1.817640047675806,17.21,16.365,11202965,16.623437037545386,unavailable,-1.8176440653440706
RKLB,2026-09-28,72.19000244140625,-2.379979147352451,True,0.0708371568022193,0.1551826249916581,0.568272719814674,0.0249345331686021,12.113687103112111,9.308104306944909,2.673879886350128,39.64487310844151,55.724656654344834,3.840830901661685,5.320447114237369,0.7432509837591216,66.28000011444092,81.18490015029907,68.84935706042782,73.77999877929688,71.68000030517578,75.45999908447266,14.79275092976586,False,74.1104178922371,86.7723829345703,93.99138317871096,33,https://query1.finance.yahoo.com/v8/finance/chart/RKLB?range=1d&interval=5m&includePrePost=false,2026-09-29T19:14:26.572234+00:00,62294d9ccfd79bd4c27aee4fc842aaa979fd430780f11d02e9541ce80fd1f283,2026-09-29T15:14:25-04:00,70.08,72.19,-2.9228424989610757,74.25,69.88,12734348,71.15103729771808,unavailable,-2.922845782030359
LITE,2026-09-28,921.3200073242188,-2.158978023973823,True,0.0701864582212224,0.1708084139582975,0.5900840326845106,0.0256532756035275,2.9407829412534836,0.1352001450862783,-1.6734250454409016,24.690099439972116,51.986639240473345,62.171494649224805,6.748089062972691,1.010602342067736,913.0120025634766,732.0339254760743,913.6300419534576,950.969970703125,881.22998046875,1026.760009765625,21.421919130231956,False,952.4057546488312,1107.4266488037108,1199.5586495361329,34,https://query1.finance.yahoo.com/v8/finance/chart/LITE?range=1d&interval=5m&includePrePost=false,2026-09-29T19:14:26.578404+00:00,d179c44b5e99c8e3d2641dffad59f08442c8dbcc9e0bd752b7c3e2ce813ad7ec,2026-09-29T15:14:23-04:00,972.0,921.32,5.50080319541526,998.88,934.505,4879679,974.6468004679285,unavailable,5.500802356715417
IONQ,2026-09-28,44.58000183105469,-1.978886807916147,True,0.0701339342432509,0.1750083988767619,0.6031343302891214,0.0249037232980538,13.724492253585897,10.91890945741869,4.7954886497962645,55.96128681843749,60.27861860748025,2.8206770838256814,6.327225141253318,1.4547465532972454,39.758000183105466,43.584900016784665,41.09697643883281,47.90999984741211,44.540000915527344,47.90999984741211,16.111605030751296,False,45.99034037296753,53.58516220092773,58.0431623840332,35,https://query1.finance.yahoo.com/v8/finance/chart/IONQ?range=1d&interval=5m&includePrePost=false,2026-09-29T19:14:26.577152+00:00,ebc2d8c3f0b13b54f62eb8765d445b95de60a787f160c0d0dc846ead909970c5,2026-09-29T15:14:21-04:00,44.155,44.58,-0.9533423059667978,45.904,43.82,14065196,44.493084728976605,unavailable,-0.9533463741552062
RDW,2026-09-28,11.199999809265137,-3.6144585234971105,True,0.0700738158448738,0.1677907568305876,0.5987595736660456,0.0251962918432404,3.0358778949433507,0.2302950987761454,-0.6211237413953574,21.587963935029464,49.910393893998986,0.7248064821954668,6.471486558382571,0.9292170630438424,10.948999977111816,10.987050018310548,11.213371465634411,11.720000267028809,11.170000076293944,12.06999969482422,17.983484930942854,False,11.562403050362873,13.462399770736694,14.582399751663209,36,https://query1.finance.yahoo.com/v8/finance/chart/RDW?range=1d&interval=5m&includePrePost=false,2026-09-29T19:14:26.587297+00:00,90283aea61d3484c797ea9d28b0faf3d17f143b155ba6885a8b185495fc8bdf9,2026-09-29T15:14:21-04:00,10.815,11.2,-3.4374999999999933,11.61,10.77,10123606,10.98932108995159,unavailable,-3.4374983555504057
CRWV,2026-09-28,85.06999969482422,-2.8770370458119032,True,0.0695854326052,0.1648744650210357,0.5928134727371102,0.0251348713397065,0.9972649939607114,-1.808317802206494,-2.105870884835037,21.82112553601185,47.83425147473424,5.4160680048508825,6.366601650734935,0.6706777136345852,86.24199981689453,92.15517498016358,86.53811512710402,88.21600341796875,83.52999877929688,104.58999633789062,20.635610135812424,False,87.77803369724965,102.25413963317872,110.76113960266112,37,https://query1.finance.yahoo.com/v8/finance/chart/CRWV?range=1d&interval=5m&includePrePost=false,2026-09-29T19:14:26.643252+00:00,125ad68b739ce6c72dd225e5960da2c4874e9864f482ebc37c74ec075b919ad1,2026-09-29T15:14:22-04:00,86.065,85.07,1.169625014693798,90.47,85.141,20839393,87.56013989329995,unavailable,1.169625377624528
HIMS,2026-09-28,28.780000686645508,-2.1753888102948538,True,0.0695659946221898,0.1550363702995791,0.5819076796050939,0.0245898158256315,-0.2080425299061494,-3.0136253260733548,1.3737277399846315,31.136462877791015,48.73054532580318,1.7141510655489316,5.9560494254759755,0.6582059496707391,28.47200002670288,27.703099994659425,28.924916571353407,29.440000534057617,28.459999084472656,31.809999465942383,13.32277809365446,False,29.637076219419978,34.5935608253479,37.471560894012455,38,https://query1.finance.yahoo.com/v8/finance/chart/HIMS?range=1d&interval=5m&includePrePost=false,2026-09-29T19:14:26.726972+00:00,1311e245c1d160ba94fe11d7233746cfdd96be72e7ba77d1645a487876ab91dc,2026-09-29T15:14:17-04:00,28.555,28.78,-0.7817929117442723,29.834,28.295,4823921,28.97757584124071,unavailable,-0.781795278934494
OKLO,2026-09-28,37.11000061035156,-2.444795696090974,True,0.0694920970113594,0.1651753391410712,0.5922995367961055,0.024178626473946,-7.548577043771132,-10.354159839938337,-4.404943580410814,7.5850859955004495,42.85736633198188,2.4461200804153713,6.591538777105393,0.6364931252574961,39.003000259399414,60.59244993209839,39.19189045755933,38.08000183105469,36.90999984741211,44.779998779296875,20.544420827324824,False,38.33306065055925,44.60622073364258,48.31722079467774,39,https://query1.finance.yahoo.com/v8/finance/chart/OKLO?range=1d&interval=5m&includePrePost=false,2026-09-29T19:14:26.862648+00:00,e378a211725da9c904dbcb03a64d0b588c25f20f9d0618294cb40bbb1895257e,2026-09-29T15:14:25-04:00,37.14,37.11,0.08084074373484462,38.2,36.83,4870244,37.385286946844595,unavailable,0.08083909769613928
FN,2026-09-28,409.9599914550781,-1.7801152237955642,True,0.0691672759647695,0.1454421525505198,0.5709851118212925,0.0254237724005612,-1.061877124247701,-3.8674599204149063,2.2726668860795662,54.49880531252451,46.98157732971526,22.138395068087817,5.400135508226455,1.0396602029486948,400.8699981689453,532.9496006774903,410.91927699149824,420.489990234375,400.2999877929687,428.5,13.799782220457711,False,421.029188989122,492.7719097290039,533.7679088745117,40,https://query1.finance.yahoo.com/v8/finance/chart/FN?range=1d&interval=5m&includePrePost=false,2026-09-29T19:14:26.886719+00:00,4b043f1ea8ac01bba93cffc9a7438b5a06a0d1f93cc9f32343cccaf6cdc8bd9b,2026-09-29T15:14:15-04:00,417.34,409.96,1.8001756268904323,424.44,411.43,340577,416.82633926225753,unavailable,1.800177748742704
HPE,2026-09-28,62.630001068115234,-0.4925287025065228,True,0.0673637255877984,0.1509015823480249,0.538609612142739,0.0251008403105475,19.72854028654931,16.922957490382107,0.4813079227459216,44.79644603008822,60.52752204534112,3.428058886511465,5.473509225687497,0.533244256951756,57.879500198364255,36.09510012626648,58.96320078532401,63.380001068115234,61.0,65.6500015258789,23.078139013998808,False,64.34403051137096,75.28126128387451,81.54426139068603,41,https://query1.finance.yahoo.com/v8/finance/chart/HPE?range=1d&interval=5m&includePrePost=false,2026-09-29T19:14:27.013839+00:00,c5e490696e5dc9c60a8aaf49e9e32b9d0c0e22c5ad75daa6f8db05206c5a75dd,2026-09-29T15:14:25-04:00,61.52,62.63,-1.7723135877375062,63.696,60.68,8125093,61.41242868182922,unavailable,-1.7723152629488426
IREN,2026-09-28,41.720001220703125,-5.450422162712465,True,0.0666450005218911,0.1718126326515011,0.5860204692464127,0.0238852753031783,17.686883844353908,14.8813010481867,-11.328370037802394,4.026007362346647,45.97696005563578,2.9225110616397587,7.005059866080475,0.6568334902812235,43.59950008392334,45.56800003051758,43.89983642733805,43.9900016784668,41.69499969482422,49.369998931884766,19.082672954197584,False,43.181256751523,50.147441467285155,54.31944158935547,42,https://query1.finance.yahoo.com/v8/finance/chart/IREN?range=1d&interval=5m&includePrePost=false,2026-09-29T19:14:27.013457+00:00,c71adb501cb30d0e3a1188f08bbd79a3dc95e2ef95ab1ae7c8032c6a2c65fb79,2026-09-29T15:14:23-04:00,41.39,41.72,-0.7909875359539797,42.85,40.98,26103259,41.72143790815258,unavailable,-0.7909904387523481
LEU,2026-09-28,140.3699951171875,-4.555661843587822,True,0.0663982585231043,0.1561480064210743,0.5822193416351098,0.0234483670819444,-20.144501028566353,-22.950083824733557,-7.230191406995301,6.14222652518248,38.01329278058133,9.82572041729561,6.999872308246954,0.7531863332706974,158.09800033569337,202.78775024414065,156.80861374111282,144.8000030517578,140.11000061035156,191.2100067138672,19.952884080953968,False,145.2828553258353,168.72473413085936,182.76173364257812,43,https://query1.finance.yahoo.com/v8/finance/chart/LEU?range=1d&interval=5m&includePrePost=false,2026-09-29T19:14:27.026543+00:00,f3b3aba5ae1a84cab6f6d1b09bb705e54baf66d4d79d1d714bfb45ac88b64b3f,2026-09-29T15:12:58-04:00,138.775,140.37,-1.136282681484646,143.13,137.25,429196,139.18677365753558,unavailable,-1.136279242480498
STX,2026-09-28,921.510009765625,0.5104536924561254,True,0.0663099594821707,0.1438327005799064,0.5242451661804334,0.0238578501451007,11.057414061918426,8.25183126575122,-0.2543649062842879,76.47309591713653,59.08818580740262,50.3311975640168,5.461817780668268,0.9063374090945416,853.6,638.4548991394043,868.790480729319,932.8699951171876,870.3800048828125,936.9400024414062,15.291719670068506,False,946.6756085476334,1107.6550317382812,1199.8060327148437,44,https://query1.finance.yahoo.com/v8/finance/chart/STX?range=1d&interval=5m&includePrePost=false,2026-09-29T19:14:27.102737+00:00,2afcab052d32d5296bb0eccf0c4fe5beb2eb72c5094bc8519860eb01325f1930,2026-09-29T15:14:15-04:00,909.51,921.51,-1.3022105023277053,944.43,900.1,2045003,911.0138765749024,unavailable,-1.3022115482692498
MSTR,2026-09-28,157.13999938964844,-0.9268023548618444,True,0.0651883185211134,0.1687851116741527,0.587267807327516,0.02363541016262,23.43099709614367,20.625414299976462,-3.119603978912766,18.023316941513173,62.32773787067006,8.712512577969266,5.544427015279218,0.6538734266616626,142.58300094604493,136.38235012054443,143.905143123451,161.72000122070312,155.05999755859375,171.19000244140625,29.550595205859697,True,161.49625567863308,188.8822792663574,204.59627920532228,45,https://query1.finance.yahoo.com/v8/finance/chart/MSTR?range=1d&interval=5m&includePrePost=false,2026-09-29T19:14:27.096030+00:00,76c838781d79e6f11a231b25d28ef1c52b6b06d4f6f504683d614cab9bd5efa9,2026-09-29T15:14:14-04:00,154.28,157.14,-1.820033091510742,161.62,152.34,12022052,155.4149340233113,unavailable,-1.8200327101673852
DDOG,2026-09-28,268.70001220703125,0.2125861760484015,True,0.0650187575535957,0.1349121661149694,0.5063938477159368,0.023215587972416,13.385102983950324,10.57952018778312,6.84321696208916,98.90447170188072,67.19283690935832,12.903914382312289,4.802349756638613,0.9418134965723076,233.5512512207031,182.29870040893556,242.3844535512967,272.7900085449219,255.5,280.70001220703125,15.411902006098565,False,275.1519693981874,322.9774146728515,349.8474158935547,46,https://query1.finance.yahoo.com/v8/finance/chart/DDOG?range=1d&interval=5m&includePrePost=false,2026-09-29T19:14:27.117104+00:00,c44f3451e929bf8831c19d71ac140d64b1e25ccb63ac679e7dac9466e78a98b3,2026-09-29T15:14:16-04:00,267.445,268.7,-0.467063639746923,269.44,259.26,1926468,265.1146484803313,unavailable,-0.4670681615244088
RXRX,2026-09-28,3.700000047683716,-1.0695176938778084,False,0.0648665510382037,0.1589843857718466,0.5584046697353966,0.0224218099146512,10.778447388192202,7.972864592024997,0.0,28.775909888844993,54.33234237597763,0.22869467213338,6.180937005029178,0.6626190184711398,3.5227500438690185,3.58037500500679,3.5822589229156487,3.839999914169311,3.6649999618530273,4.159999847412109,22.992718338527975,False,3.814347383750406,4.447400057315826,4.817400062084198,47,https://query1.finance.yahoo.com/v8/finance/chart/RXRX?range=1d&interval=5m&includePrePost=false,2026-09-29T19:14:27.204090+00:00,8d352aee6789c035c8f63edadc338b785b1cde50a16a15e92f1cc9380c2817f1,2026-09-29T15:14:26-04:00,3.97,3.7,7.297297297297289,4.0,3.723,15829172,3.866798840343947,unavailable,7.297295914504387
TER,2026-09-28,401.2999877929687,0.7329642236977296,True,0.0645623702193767,0.1365102281045764,0.5066499529598709,0.0233100706855447,13.051803367310445,10.24622057114324,3.1248323705586944,86.24606093390855,58.828995661452694,20.266082336050367,5.050107887495294,0.8034022501971668,365.63700103759766,330.69744911193845,375.3096718031152,401.9700012207031,383.5,401.9700012207031,19.319370871231104,False,411.4330289609939,482.3625853271484,522.4925841064453,48,https://query1.finance.yahoo.com/v8/finance/chart/TER?range=1d&interval=5m&includePrePost=false,2026-09-29T19:14:27.107831+00:00,512552aaf435d83ebfb0d65a0c16c3b4b0a35e20489ef324b938734b1c444574,2026-09-29T15:14:24-04:00,401.71,401.3,0.10216795414901281,415.61,401.38,1124865,406.91107607987067,unavailable,0.10217099912865901
ONDS,2026-09-28,7.679999828338623,0.523559719267741,True,0.0626887540221768,0.1375341309841866,0.5497135780412955,0.0227018301130941,-2.7848134730759977,-5.590396269243203,3.78378012652294,76.6101839860141,49.62806993564694,0.4348589538684899,5.662226088389911,0.8188258639078309,7.440749955177307,9.46517501592636,7.614402210253368,7.800000190734863,7.440000057220459,7.980000019073486,14.950788771036835,False,7.897429305272868,9.231359793663025,9.999359776496888,49,https://query1.finance.yahoo.com/v8/finance/chart/ONDS?range=1d&interval=5m&includePrePost=false,2026-09-29T19:14:27.191567+00:00,977c13460b49ff55928a9d558fa06f5c011567cc4e98056eeb06f97553bb089f,2026-09-29T15:14:23-04:00,7.54,7.68,-1.822916666666663,7.91,7.48,41260456,7.5896414305166005,unavailable,-1.8229144722378021
AKAM,2026-09-28,108.98999786376952,-4.344395709647508,True,0.0626392119137189,0.1451624600262354,0.5429565890718292,0.0223035287563996,1.4143450505270885,-1.391237745640117,-7.978727104731154,24.391535345941847,47.52505724236094,6.570579561713783,6.028607845214002,1.6188688016735933,108.83750038146972,111.24730014801024,110.72283617989432,115.0999984741211,108.8000030517578,128.4600067138672,17.351176748053458,False,112.27528764462642,131.00597743225097,141.90497721862795,50,https://query1.finance.yahoo.com/v8/finance/chart/AKAM?range=1d&interval=5m&includePrePost=false,2026-09-29T19:14:27.210658+00:00,8ae078627d67df087e0ee4a6076baa0e86067c425964314eb91f0c8c7dce0892,2026-09-29T15:14:06-04:00,107.516,108.99,-1.3524176529956744,111.43,105.752,4224389,107.48434983873854,unavailable,-1.352415719479061
MRVL,2026-09-28,251.8999938964844,-3.8329420673987142,True,0.0621152776752984,0.1383873601004308,0.5106866870404879,0.0214184591448819,16.286584606472275,13.48100181030507,-3.4495976276530227,18.283787425271314,57.127454172943686,13.52781904663662,5.370313368167738,0.8395872910487986,234.65300064086915,163.32680019378662,241.5487751160089,261.7799987792969,248.13999938964844,267.4800109863281,15.781870877268853,True,258.6639034198027,302.7837926635742,327.97379205322267,51,https://query1.finance.yahoo.com/v8/finance/chart/MRVL?range=1d&interval=5m&includePrePost=false,2026-09-29T19:14:27.210518+00:00,a115dc12c030d7abf6339f03198cae758cf21235d40bf78de23bc2ac8e31e251,2026-09-29T15:14:26-04:00,263.14,251.9,4.462088130210384,264.395,256.88,11931369,261.64967210411186,unavailable,4.4620906613179745
RDDT,2026-09-28,143.0800018310547,-4.511475355079487,True,0.0613478990070329,0.1263287109898577,0.5157565422565406,0.0215336065686777,-6.483658933951187,-9.289241730118391,-5.856029837268695,4.685478838424288,39.934684772547094,7.630883814387332,5.3332986558091395,0.9089146429105838,153.26200180053712,170.19950004577638,153.62625617809354,149.2899932861328,143.0800018310547,166.17999267578125,15.981418290771185,False,146.89544373824836,171.98216220092772,186.2901623840332,52,https://query1.finance.yahoo.com/v8/finance/chart/RDDT?range=1d&interval=5m&includePrePost=false,2026-09-29T19:14:27.452085+00:00,f50cf20e7bc39022c1b9530caedc9c5435d04452c6a9892230fa83354e0dc432,2026-09-29T15:14:13-04:00,143.99,143.08,0.6360078277886538,147.53,141.322,3779883,144.4637665669421,unavailable,0.636006539907541
VRT,2026-09-28,244.0399932861328,-3.648138636172227,True,0.0612652647380617,0.1245282187703609,0.5036260752858152,0.0215719594848283,-5.072348672488847,-7.877931468656052,-1.905300070914917,28.911055694694767,43.7177129074949,12.61296128742712,5.168399292913697,0.7969269803629869,253.8835006713867,263.08875022888185,253.13478825342344,254.1999969482422,242.52000427246097,295.3399963378906,17.732288644078277,False,250.3464739298464,293.3360719299316,317.74007125854496,53,https://query1.finance.yahoo.com/v8/finance/chart/VRT?range=1d&interval=5m&includePrePost=false,2026-09-29T19:14:27.310429+00:00,e2b460255570f3a09de5f11edbc90e0e8b386ec23167a019692e5cd304c17db1,2026-09-29T15:14:23-04:00,248.75,244.04,1.9300114735289364,254.13,246.84,2389265,250.66630898725293,unavailable,1.930014277760117
PBF,2026-09-28,74.38999938964844,0.9499211901896398,True,0.0612576487423,0.1367669645653862,0.5418799066438416,0.0231745016083162,4.363076127401477,1.557493331234272,5.562648078674459,85.27874240281857,53.52308367158355,4.51020501608373,6.062918474376727,0.6150267782719155,74.57800102233887,47.28865005493165,73.34997251052599,75.83999633789062,73.12000274658203,82.61000061035156,15.385931762257044,False,76.6451018976903,89.41677926635742,96.85577920532226,54,https://query1.finance.yahoo.com/v8/finance/chart/PBF?range=1d&interval=5m&includePrePost=false,2026-09-29T19:14:27.272846+00:00,cde87142b9d8c2bf4f93c5b2f1fda643eebf55e45c4247d6209dc01517866669,2026-09-29T15:13:48-04:00,75.39,74.39,1.3442667025137744,75.91,72.52,1353363,74.82038542012104,unavailable,1.3442675340184396
AMD,2026-09-28,607.8699951171875,-3.609090843981389,True,0.06113630553134,0.1272191038957115,0.4875995926100829,0.0217493209445837,30.561882522593375,27.75629972642617,-1.0966288207178487,23.009922423193288,65.61886640780139,25.41593452056273,4.181146416951037,1.01702477886745,535.2185028076171,366.68480056762695,555.6862435225494,629.75,596.0700073242188,639.0,16.144195253754106,False,620.5779623774689,730.6597341308593,791.4467336425781,55,https://query1.finance.yahoo.com/v8/finance/chart/AMD?range=1d&interval=5m&includePrePost=false,2026-09-29T19:14:27.284926+00:00,ac3a9708e64a7602bb04a5566520851c8912e5d6cb0fce226d7f1daca4c24596,2026-09-29T15:14:25-04:00,609.34,607.87,0.2418280224390168,624.13,607.695,12059898,614.5103683876882,unavailable,0.24182882764745006
AVAV,2026-09-28,147.22999572753906,-3.1700146185317912,True,0.0606359956839777,0.1417582325952472,0.5557969392717828,0.0205851747347825,-0.4799288239490162,-3.2855116201162216,-5.585485813455682,8.169032975275854,42.33018818771169,8.940753450805506,6.072643965398932,0.4739629341142785,151.70600051879882,203.2585999298096,154.66047652790655,151.3000030517578,147.02000427246094,168.0,12.94887966295945,False,151.70037245294182,176.97045486450196,191.69345443725587,56,https://query1.finance.yahoo.com/v8/finance/chart/AVAV?range=1d&interval=5m&includePrePost=false,2026-09-29T19:14:27.299618+00:00,45551c4f9770443c7b1a96a9e74f86c2e0e19551e064a3a0ce1a2300030a061a,2026-09-29T15:14:01-04:00,143.5,147.23,-2.5334510629626994,149.24,143.03,900290,144.7771345792837,unavailable,-2.5334482345851006
NET,2026-09-28,353.989990234375,1.423987558634776,True,0.0601673103758683,0.1343140998388131,0.5123689774114183,0.0218918397476564,18.05962998860986,15.254047192442656,0.4711502640632803,59.705238124428426,63.637524786832614,17.908002100804467,5.058900701951393,0.8803897313343432,320.0789993286133,232.31060005187987,328.11919958101805,357.0,338.6700134277344,367.4299926757813,19.3382450591959,False,362.9439912847772,425.4959682617187,460.8949672851562,57,https://query1.finance.yahoo.com/v8/finance/chart/NET?range=1d&interval=5m&includePrePost=false,2026-09-29T19:14:27.369569+00:00,f5bd1fb6df96e2bffc2d7662857778cb80cd4a06245d6063cb7eb9afae963183,2026-09-29T15:14:16-04:00,351.0,353.99,-0.8446566287183321,356.719,348.011,1394489,352.3144949887878,unavailable,-0.8446538932909808
AMAT,2026-09-28,486.760009765625,0.3628886114690699,True,0.0595944791513319,0.1096890329882539,0.447934971162665,0.0211400570626987,5.434616849295981,2.629034053128776,2.609723166108302,98.92918981873552,56.237384967131376,19.781309627690025,4.063873208732724,0.9346316551877292,453.0640014648437,422.51509956359865,465.286749324335,487.4500122070313,471.3800048828125,487.6799926757813,13.807313426858771,False,496.65066457947,585.0855317382812,633.7615327148437,58,https://query1.finance.yahoo.com/v8/finance/chart/AMAT?range=1d&interval=5m&includePrePost=false,2026-09-29T19:14:27.377577+00:00,81f9f2f6b4c737ba984093ed8e9c103f553c8905477116d9d3df15211a20e658,2026-09-29T15:14:23-04:00,509.8,486.76,4.733338811734744,511.79,499.17,4590177,505.36345654799527,unavailable,4.7333367105216295
UEC,2026-09-28,9.210000038146973,-2.1253965197474467,True,0.059108393201137,0.12887683703172,0.5501164483284716,0.0207204406385836,-25.725803859027863,-28.531386655195067,-7.437183771894129,5.701302919263313,32.52797912665007,0.5733926707015975,6.225761871082061,1.0605994826845564,10.618000078201296,13.10395001888275,10.388723521669268,9.31999969482422,9.010000228881836,12.399999618530272,11.51464619757338,False,9.496696373497771,11.07042004585266,11.991420049667358,59,https://query1.finance.yahoo.com/v8/finance/chart/UEC?range=1d&interval=5m&includePrePost=false,2026-09-29T19:14:27.369077+00:00,02d50c28661d2f39d86926793a9f32db96a0cd83fc20c541de0c059f7b8aec77,2026-09-29T15:14:25-04:00,9.275,9.21,0.7057546145494031,9.935,8.98,12644544,9.232638830959155,unavailable,0.7057541974354375
RGTI,2026-09-28,15.949999809265137,-4.2617049498788635,True,0.058979035953262,0.1429059337574615,0.5574065903967119,0.0200522911454147,2.309170321704501,-0.4964124744627041,-0.3436385778531337,23.32043818408215,49.223526001243336,0.9807690449253595,6.14902229876921,0.7684302738836999,15.622250032424926,18.52692503452301,15.993841647050916,16.700000762939453,15.890000343322754,17.65999984741211,14.082571100471103,False,16.440384331727817,19.171899770736697,20.76689975166321,60,https://query1.finance.yahoo.com/v8/finance/chart/RGTI?range=1d&interval=5m&includePrePost=false,2026-09-29T19:14:27.427687+00:00,9dcef68b2a53366dea71cf5d24df8b485d05406d819bfd9538d7241620a27ef7,2026-09-29T15:14:25-04:00,15.91,15.95,-0.25078369905955356,16.42,15.785,9244468,15.986394727513066,unavailable,-0.25078250622863063
CLS,2026-09-28,356.5299987792969,-2.4381577283778544,True,0.0589168249599983,0.1400498828531843,0.5221846766122523,0.0204188225783792,19.360557150624835,16.55497435445763,-1.467498787401933,27.283193627104826,57.74063033004937,19.549054030665065,5.483144222813782,1.0703670483124923,330.2219970703125,329.8045987701416,338.63152301569806,372.9700012207031,349.5199890136719,381.2999877929687,19.53009707233625,False,366.3045257946294,428.5490585327148,464.20205841064455,61,https://query1.finance.yahoo.com/v8/finance/chart/CLS?range=1d&interval=5m&includePrePost=false,2026-09-29T19:14:27.541972+00:00,647ac2a2dbdaef74e7f0c51f928fa37481bb40fccbc869750aab91d4b0b939fa,2026-09-29T15:14:25-04:00,365.565,356.53,2.534148598995878,375.28,361.7,1462262,367.2727571812931,unavailable,2.5341489500568137
HOOD,2026-09-28,116.45999908447266,-2.462313571050523,True,0.0576946000376649,0.1284440955370404,0.4838874637662686,0.0195886250830313,11.701512275341376,8.89592947917417,-5.085572957594864,7.818824473289794,53.88487415744366,6.066660058382021,5.209222141571247,0.5572719197521503,115.32099952697754,94.5315249633789,114.85873790410386,120.16999816894533,116.05999755859376,126.73999786376952,22.448689158376553,True,119.49332911366366,139.98491889953613,151.6309188079834,62,https://query1.finance.yahoo.com/v8/finance/chart/HOOD?range=1d&interval=5m&includePrePost=false,2026-09-29T19:14:27.569417+00:00,0be6f830c1ffd652c3926417a6749e5262733a00d83f79d0de8d36f4480b917a,2026-09-29T15:14:23-04:00,116.51,116.46,0.042933195947125746,119.19,114.93,10766613,116.48057960054877,unavailable,0.04293398241492774
KLAC,2026-09-28,189.1699981689453,0.6651766774051548,True,0.0575323417898956,0.1089172612554289,0.4472378617634126,0.0202112691045424,7.764615132800756,4.959032336633551,0.697326495442141,89.67464064639532,55.20692836403222,7.899965650483044,4.176119747819464,0.901495155877237,179.0819999694824,176.269280128479,182.77521369132972,190.6999969482422,182.6999969482422,190.8699951171875,13.446126675745202,False,193.11998099418685,227.38233779907225,246.2993376159668,63,https://query1.finance.yahoo.com/v8/finance/chart/KLAC?range=1d&interval=5m&includePrePost=false,2026-09-29T19:14:27.575438+00:00,35de5a29fc7aacb5c537872d15e3b14cc8b134dcdd0b7482b92efd4146769edb,2026-09-29T15:14:25-04:00,196.025,189.17,3.6237246920759247,197.47,192.57,4774918,195.57083807970545,unavailable,3.6237256950928165
ACHR,2026-09-28,5.199999809265137,-7.308383502522686,True,0.0570040109802761,0.1306190095326161,0.5421937444655303,0.0197816600197513,-9.56522070843241,-12.370803504599614,-8.931702722848723,5.224296284924819,41.00338446073394,0.3056897669484321,5.8786495800205065,0.7277025113062504,5.551500010490417,6.2692000102996825,5.5710662793343495,5.53000020980835,5.179999828338623,5.960000038146973,14.23027782265714,False,5.352844692739353,6.250399770736694,6.770399751663208,64,https://query1.finance.yahoo.com/v8/finance/chart/ACHR?range=1d&interval=5m&includePrePost=false,2026-09-29T19:14:27.544839+00:00,68726a64434aa1f940a77b35d9a139c1ef34b45ff3d5e7d172f7395ab6a85c53,2026-09-29T15:14:25-04:00,5.095,5.2,-2.019230769230773,5.29,5.08,13301277,5.169688207825918,unavailable,-2.0192271753174507
SMCI,2026-09-28,41.779998779296875,-3.4211733695321045,True,0.0566845415914525,0.1385406497874883,0.5466745305220586,0.0203025675535989,12.67528779975926,9.869705003592056,0.8204637158669037,40.02579569384728,58.83998556919019,2.330310331369588,5.577573957528022,0.7750415275609717,39.225999450683595,31.827699918746948,39.47373028231364,43.060001373291016,40.959999084472656,43.7599983215332,19.26597403674731,False,42.94515394498167,50.21955853271484,54.397558410644535,65,https://query1.finance.yahoo.com/v8/finance/chart/SMCI?range=1d&interval=5m&includePrePost=false,2026-09-29T19:14:27.547480+00:00,89cdeb3a5438835b01ffbcee28fcdcbd76d68ae3641ef09fc637c46aca2a1713,2026-09-29T15:14:24-04:00,41.255,41.78,-1.2565820966969787,42.69,41.1,18867958,41.738994192305,unavailable,-1.2565792116705943
COIN,2026-09-28,191.7899932861328,-1.7016079718276678,True,0.0566338737886049,0.1409553975405418,0.5254436785143219,0.0190981580790966,7.361169917943,4.555587121775795,-3.1999250191456885,13.317118914394072,54.961284035394755,11.15460092613146,5.816049489865633,0.6631572361894378,185.054500579834,186.9752995300293,185.8584101628055,198.77999877929688,191.1000061035156,208.3300018310547,25.09545983573878,True,197.36729374919855,230.53157192993163,249.71057125854492,66,https://query1.finance.yahoo.com/v8/finance/chart/COIN?range=1d&interval=5m&includePrePost=false,2026-09-29T19:14:27.672188+00:00,740e5bcd35813da4ed34a952b99b793c81c70a7cff11fa44acdd32422cb38d37,2026-09-29T15:14:08-04:00,189.51,191.79,-1.188800250273736,197.63,188.24,4476149,191.75486003944326,unavailable,-1.1887967912545316
LRCX,2026-09-28,314.4700012207031,-0.2347610337346983,True,0.0564399448967293,0.1123945960860562,0.4528854762985413,0.0195672781000453,4.163632851390098,1.3580500552228925,2.3398862503154483,80.67965096994897,55.78553972243877,14.48092835703163,4.604867968588374,0.9594332958109866,297.0589996337891,271.67554924011233,301.64654769300904,316.30999755859375,305.5,322.2099914550781,16.29396331084458,False,321.71046539921895,377.9929414672851,409.4399415893555,67,https://query1.finance.yahoo.com/v8/finance/chart/LRCX?range=1d&interval=5m&includePrePost=false,2026-09-29T19:14:27.730324+00:00,56dbf91bf1e6ba54918ba5c2bac055f70850307809ed4c2b7130e78eeb3e525a,2026-09-29T15:14:23-04:00,322.53,314.47,2.563042579578312,328.324,319.154,4681142,323.17860349718416,unavailable,2.563042181451247
UUUU,2026-09-28,11.029999732971191,-2.819388878796658,True,0.0563279912554734,0.1224590648636376,0.5334561143976271,0.0194897497265697,-24.812544815216665,-27.61812761138387,-4.913798532361047,7.0007576510259355,32.062593686891674,0.6819562540957591,6.182740440665977,0.8853593088365311,12.85900001525879,17.204550037384035,12.523494718353527,11.220000267028809,10.970000267028809,15.140000343322754,12.678705182279636,False,11.370977860019073,13.258059679031373,14.361059652328493,68,https://query1.finance.yahoo.com/v8/finance/chart/UUUU?range=1d&interval=5m&includePrePost=false,2026-09-29T19:14:27.687218+00:00,f88ba6579fec5967ce6816001c548c41978e955a7fda790f4c889db05d50e990,2026-09-29T15:14:26-04:00,10.97,11.03,-0.5439709882139487,11.28,10.85,4246341,10.986696897947395,unavailable,-0.543968580450982
AFRM,2026-09-28,67.20999908447266,-6.026283222723816,True,0.0560685745700215,0.114872887012331,0.4864029826754554,0.0190619661473594,-13.56739038313668,-16.372973179303884,-1.2924031439964567,16.233062745754367,40.20391496308657,3.6063808658408183,5.365839778257029,0.5993276194013076,71.22699928283691,66.74870004653931,71.49460885589075,70.23999786376953,67.16999816894531,76.9489974975586,16.21165803482785,True,69.01318951739306,80.78641889953613,87.5074188079834,69,https://query1.finance.yahoo.com/v8/finance/chart/AFRM?range=1d&interval=5m&includePrePost=false,2026-09-29T19:14:27.863604+00:00,599c1bcc3d4382dbfc72cdf885409c53d9abf370dc3d0a343781c48c1df4b4e8,2026-09-29T15:14:22-04:00,69.25,67.21,3.0352626097307045,70.31,67.92,2477974,68.98358548068977,unavailable,3.0352640132659037
MU,2026-09-28,1053.97998046875,-2.6148545720196537,True,0.0560396996840582,0.1153527441486081,0.4640079727481324,0.019243154968106,12.983727142240053,10.178144346072848,-1.6699653256447733,20.682875303828567,58.35031409651843,48.32889797443675,4.5853715317194945,0.8853009119707939,1000.198501586914,665.1060009765625,1010.3146180871606,1084.81005859375,1032.0,1108.719970703125,14.569080185236787,False,1078.1444294559683,1266.8839365234371,1372.2819345703126,70,https://query1.finance.yahoo.com/v8/finance/chart/MU?range=1d&interval=5m&includePrePost=false,2026-09-29T19:14:27.937748+00:00,706678db84985bf40d5d8f78ad96583632b926469e6dda11ae23d6d7aefe95f3,2026-09-29T15:14:26-04:00,1071.16,1053.98,1.6300119546860614,1082.66,1057.7,13742463,1070.8384446953448,unavailable,1.630013837986688
MIRM,2026-09-28,87.95999908447266,-1.9397970155712765,True,0.0559692139506066,0.1046458547478276,0.4845045061077663,0.0201633721490845,-9.747588845928425,-12.553171642095627,-1.522616004252375,8.911914395541615,32.33434531118078,4.020420094581789,4.57073685360179,1.826775375162472,95.64050025939942,97.8516249847412,94.43735127012133,91.25,84.70999908447266,103.2750015258789,10.239904055368276,False,89.97020913176355,105.72791889953614,114.5239188079834,71,https://query1.finance.yahoo.com/v8/finance/chart/MIRM?range=1d&interval=5m&includePrePost=false,2026-09-29T19:14:27.929951+00:00,ffec3889ecf2077b12442b8c52094eac0322af87be5917c4e8a380bdcc43fd3f,2026-09-29T15:13:29-04:00,87.47,87.96,-0.557071396089126,90.31,86.51,325552,87.776556964778,unavailable,-0.5570703610422778
CAMT,2026-09-28,142.61000061035156,-3.0193827604637846,True,0.0555850066581903,0.1211920245400728,0.5036828620799536,0.0193301065759776,5.192884049417001,2.387301253249796,-3.025973767250445,18.32678527924577,47.38974131114883,7.324344744430944,5.135926451920438,0.7660083782166367,142.4904998779297,154.8648998641968,145.00093808874502,145.4600067138672,139.22999572753906,152.7100067138672,16.126712323463423,False,146.27217298256704,171.41722073364258,185.67822079467777,72,https://query1.finance.yahoo.com/v8/finance/chart/CAMT?range=1d&interval=5m&includePrePost=false,2026-09-29T19:14:27.910384+00:00,18075e9313bb604a48f388ea4d77a211686b67abac4d06440b583a07d384d02b,2026-09-29T15:12:51-04:00,154.0,142.61,7.986817193745166,154.45,148.19,214642,151.50077370888778,unavailable,7.986816731576174
KTOS,2026-09-28,44.06999969482422,-3.3976310244435814,True,0.0541491774527707,0.1153626159511597,0.5252098829436187,0.0188040250368706,-15.2500005868765,-18.055583383043704,-4.527729981578554,9.301890316972006,32.01615665917187,2.417787418262003,5.486243328805738,1.2179965266666042,47.448499870300296,69.61809999465942,48.0777125368863,45.220001220703125,43.90999984741211,52.029998779296875,8.578487428255341,False,45.27889340395522,52.972139633178706,57.379139602661134,73,https://query1.finance.yahoo.com/v8/finance/chart/KTOS?range=1d&interval=5m&includePrePost=false,2026-09-29T19:14:28.203164+00:00,bba0a6210fa9c226bfb43470f0ba2858a5ece5bf2d6fd908d4ea7ca89217c9a9,2026-09-29T15:14:27-04:00,43.257,44.07,-1.8447923757658358,44.84,43.15,2912294,43.754738360544515,unavailable,-1.8447916960609878
LAC,2026-09-28,2.680000066757202,-2.545452117919922,False,0.0535430042927842,0.1139124311695892,0.4977674224174183,0.0180447466729566,-12.703578989125395,-15.5091617852926,-7.586207633636488,4.416766585180412,36.242666544303454,0.142653935842839,5.322907921246816,0.8822696647737774,2.925500011444092,4.288100017309189,2.914994116959309,2.7300000190734863,2.6600000858306885,3.319999933242798,13.18952091627173,False,2.7513270346786216,3.2213600802421567,3.489360086917878,74,https://query1.finance.yahoo.com/v8/finance/chart/LAC?range=1d&interval=5m&includePrePost=false,2026-09-29T19:14:27.942551+00:00,b5eae065b76b56695ba1cff2c6e61a5f3c374a0a04ccb973fa64574ccabc9c30,2026-09-29T15:14:14-04:00,2.648,2.68,-1.1940298507462699,2.73,2.63,5086566,2.6695849178513136,unavailable,-1.1940323119440044
UPST,2026-09-28,23.030000686645508,-3.275929427938784,True,0.0533877949446572,0.1091610636980632,0.494639114277994,0.0182652145324548,-20.80467418477735,-23.610256980944555,-5.80777109195979,6.3587425727324955,31.25561640116152,1.2428220030293402,5.3965348066620775,1.136479844015244,25.892500019073488,32.75982502937317,25.801012394652613,23.5049991607666,22.78499984741211,29.040000915527344,11.943460736012204,False,23.651411688160177,27.6820608253479,29.985060894012452,75,https://query1.finance.yahoo.com/v8/finance/chart/UPST?range=1d&interval=5m&includePrePost=false,2026-09-29T19:14:27.981645+00:00,da231e1fb689542d1e5b9b1a7aaece73dd19800f29b1ea7c1377d5cbeebb4337,2026-09-29T15:14:25-04:00,23.09,23.03,0.2605297438124099,23.68,22.905,2602975,23.226815113490726,unavailable,0.260526754518442
MP,2026-09-28,46.45000076293945,-4.874054841017051,True,0.0519459253243089,0.1126796208475055,0.5003655953676152,0.0176838784691326,-17.24567988771075,-20.05126268387796,-4.990792917100362,8.068023611416507,37.23212993775731,2.650133187791232,5.705345843407746,1.0790024895807009,51.14949989318848,56.928099956512455,50.63859738500757,47.83100128173828,46.310001373291016,58.52000045776367,12.523909006692993,False,47.775067356835066,55.83290091705322,60.47790099334717,76,https://query1.finance.yahoo.com/v8/finance/chart/MP?range=1d&interval=5m&includePrePost=false,2026-09-29T19:14:27.951933+00:00,9f4ac4f9ac8a482efa67437f1a73d7e7a0ba883d4ddad0c4394e9b39076f7d29,2026-09-29T15:14:23-04:00,45.33,46.45,-2.41119483315394,46.63,44.752,5346904,45.271820386363544,unavailable,-2.411196436046259
SNOW,2026-09-28,328.1199951171875,-2.327798793649971,True,0.0514345006066564,0.1048900883548365,0.4514037646127375,0.0179509483125806,0.0365838771913207,-2.768998918975885,-1.998148947220568,13.04808845745464,50.08494078547712,15.25656293655186,4.649690102275847,0.8183175781345399,332.1214996337891,225.5728498077393,330.9296614091549,333.7200012207031,316.6300048828125,384.55999755859375,19.789880145322226,True,335.74827658546343,394.40023413085936,427.21223364257816,77,https://query1.finance.yahoo.com/v8/finance/chart/SNOW?range=1d&interval=5m&includePrePost=false,2026-09-29T19:14:27.987513+00:00,2b6d013db50a667953d8afe0a4444e77092ceed1af9ab5454e18ba7e1fcfac55,2026-09-29T15:14:15-04:00,329.7,328.12,0.48153114714128975,333.41,324.17,4739163,328.9184323372405,unavailable,0.4815326424249644
JOBY,2026-09-28,6.110000133514404,-3.3227853234657267,True,0.0513894384696895,0.1059205484981497,0.4935369408521259,0.0173470584406825,-12.464181707474609,-15.269764503641811,-2.2399978637695273,12.725318276352697,35.75229793175073,0.2963280137123639,4.849885552161507,0.8762872675855242,6.428500032424926,9.755350022315978,6.497900996666047,6.21999979019165,6.03000020980835,7.184999942779541,10.796636068572331,False,6.258164140370586,7.344220160484314,7.955220173835754,78,https://query1.finance.yahoo.com/v8/finance/chart/JOBY?range=1d&interval=5m&includePrePost=false,2026-09-29T19:14:28.063908+00:00,87a380b11bee500e8f2a58150f2afa22649fdef564d3407b5fa657d12207cb31,2026-09-29T15:14:25-04:00,6.029,6.11,-1.3256955810147408,6.25,5.95,18602006,6.035602801540864,unavailable,-1.3256977372243406
RNG,2026-09-28,76.12999725341797,-0.0393991691814199,True,0.0512893150986719,0.1087512468048855,0.4916672483939445,0.0190117842340803,9.729028923631834,6.9234461274646275,-3.912666883970717,19.831878793636776,60.11264953918995,3.3214011808773343,4.362802181407165,0.856002383819823,73.69050064086915,43.26579998016357,73.48991731290118,76.87000274658203,73.69999694824219,81.9000015258789,14.534873778387952,True,77.79069784385663,91.5082566986084,99.1212564239502,79,https://query1.finance.yahoo.com/v8/finance/chart/RNG?range=1d&interval=5m&includePrePost=false,2026-09-29T19:14:28.188757+00:00,e6c65e6b85545309c9da72280bfb8c55d72d9524c199292435fe98d881573a87,2026-09-29T15:14:23-04:00,73.408,76.13,-3.575463023775116,76.12,72.29,974315,73.69069942104723,unavailable,-3.5754595450162796
AMPL,2026-09-28,13.300000190734863,0.0,False,0.0510379875833805,0.112488244177872,0.493331830532473,0.0176764357317703,-6.993006899733556,-9.79858969590076,-3.307887458527647,26.919754831866044,53.68893308057358,0.6849051545547306,5.149662742349837,0.5950053092687285,13.293250131607056,9.079625017642975,13.206341011296589,13.4399995803833,12.65999984741211,14.378000259399414,14.317316438569746,False,13.642452768012229,15.986600229263304,17.316600248336794,80,https://query1.finance.yahoo.com/v8/finance/chart/AMPL?range=1d&interval=5m&includePrePost=false,2026-09-29T19:14:28.219206+00:00,1bc332ab726419a0b892ff4f0eeb677c24105d37b8834064b7e0ac20ac625a2c,2026-09-29T15:14:22-04:00,13.37,13.3,0.5263157894736636,13.39,13.1,762472,13.23749688664656,unavailable,0.5263143478291044
CRSP,2026-09-28,54.09000015258789,-0.2581585669006014,True,0.050498456100175,0.1115433651144719,0.4799190524663534,0.0165926459012774,-6.288983006488946,-9.094565802656152,-2.9949752855361833,9.73725949493604,46.72819223642215,2.8776271198128747,5.320072308550728,0.78645491371728,55.16175003051758,53.31732511520386,55.31329844761731,55.630001068115234,52.900001525878906,60.720001220703125,13.57365504037196,True,55.528813712494326,65.01618018341064,70.42518019866944,81,https://query1.finance.yahoo.com/v8/finance/chart/CRSP?range=1d&interval=5m&includePrePost=false,2026-09-29T19:14:28.204087+00:00,7e0920b615d5649466bfdb17861fa8a823830ea43a8ecf4bb6d5552b1802229b,2026-09-29T15:14:10-04:00,56.325,54.09,4.132002218524677,56.43,54.0,1041854,55.1994353228485,unavailable,4.132001924768303
GEV,2026-09-28,949.77001953125,-0.8207747576293167,True,0.0483586833763786,0.0920898563658061,0.4223580950654009,0.0162113095564564,4.14944427306736,1.3438614769001545,-0.2153755728177775,28.507229519818083,50.042951335562826,35.94960244101663,3.785084989180772,0.7328732401881876,933.2500061035156,911.9573989868164,944.8506304577236,967.0,944.85498046875,983.3400268554688,12.565384983131976,False,967.7448207517584,1141.6235634765624,1236.6005654296875,82,https://query1.finance.yahoo.com/v8/finance/chart/GEV?range=1d&interval=5m&includePrePost=false,2026-09-29T19:14:28.253154+00:00,9ae4594cc435923cbdd5c6d2db239166672c0fa5775238a14d58f442833fd717,2026-09-29T15:14:18-04:00,961.88,949.77,1.2750455373406133,973.41,954.45,1036418,962.6172410133921,unavailable,1.2750434547014633
META,2026-09-28,715.6199951171875,-4.794718265570575,True,0.048060686734735,0.1025999465200067,0.449518128334088,0.0167035465961433,23.805399629155623,20.999816832988415,-3.8274400488084392,19.212269957487848,60.933656736803414,27.99958906737167,3.9126336964336152,1.2085322679009496,667.7394958496094,626.7655474853516,681.2786372071307,750.5800170898438,713.1900024414062,779.8200073242188,15.842483677416787,True,729.6197896508734,860.1752341308594,931.7372336425782,83,https://query1.finance.yahoo.com/v8/finance/chart/META?range=1d&interval=5m&includePrePost=false,2026-09-29T19:14:28.238795+00:00,0af60a336efde7803cf13fc278038de70b5bbac28521bd117711c6ee154522f7,2026-09-29T15:14:26-04:00,732.67,715.62,2.3825493977250423,735.37,715.1,17510781,724.8772646441055,unavailable,2.3825500963008173
TEAM,2026-09-28,178.5399932861328,-4.900400520850223,True,0.046500512143697,0.1064646405911507,0.5144525463504008,0.0174253303587011,-6.236378656462039,-9.041961452629243,-8.478577193804849,6.962157698501257,49.62854794868525,9.151264279758506,5.125610296787932,1.0780555219957508,188.05149993896484,111.92294990539553,184.05548632711503,182.11000061035156,173.5,200.0,14.838384030840812,True,183.1156254260121,214.60507192993165,232.45907125854492,84,https://query1.finance.yahoo.com/v8/finance/chart/TEAM?range=1d&interval=5m&includePrePost=false,2026-09-29T19:14:28.245953+00:00,40065066e49ac1cab8cdc0989df0b73ffe669cbbef2398779c4bd06b77210002,2026-09-29T15:14:24-04:00,174.105,178.54,-2.4840371905455405,179.5,168.05,3255800,173.81223543001056,unavailable,-2.4840335235283617
ATRC,2026-09-28,58.40999984741211,0.0513853695581101,True,0.0453374441427298,0.0936963991498947,0.4527755601404702,0.0164672151587596,20.33374278064233,17.528159984475124,-2.585055471526742,26.40684287186609,68.54958287938976,2.134275844420277,3.6539562574829167,0.7640656341455394,55.45699977874756,36.05320009231568,55.51426213431566,58.4900016784668,56.900001525878906,61.70000076293945,11.10412828215408,False,59.477137769622246,70.20881981658935,76.04981980133057,85,https://query1.finance.yahoo.com/v8/finance/chart/ATRC?range=1d&interval=5m&includePrePost=false,2026-09-29T19:14:28.238389+00:00,07099ac8e1fa10ba5976803a39f0b57f2b28ebc7f3859de95418c636771fcff4,2026-09-29T15:14:08-04:00,57.505,58.41,-1.549392227358315,59.05,56.585,494257,57.288968053482286,unavailable,-1.5493919701699888
ORCL,2026-09-28,132.60000610351562,-3.2822755650370516,True,0.04482501338503,0.0976292495289257,0.4513135052939935,0.0149087137698371,-12.0981102164998,-14.903693012667008,-8.273375523702843,1.7947877033584234,37.26970097003074,6.982674148439691,5.265968195347285,1.0497696152348812,147.7220001220703,164.09494983673096,145.03614179751557,135.69000244140625,131.5800018310547,170.6999969482422,14.68524153535794,False,136.09134317773547,159.38520733642576,172.64520794677736,86,https://query1.finance.yahoo.com/v8/finance/chart/ORCL?range=1d&interval=5m&includePrePost=false,2026-09-29T19:14:28.292979+00:00,7f123a57889b9bc476a69902eeb80e96963f6f90102b79df63e1793a3f217bbe,2026-09-29T15:14:26-04:00,138.15,132.6,4.185520361990958,143.67,132.545,37382159,139.04707988751426,unavailable,4.185515566380671
NOW,2026-09-28,131.4499969482422,-3.0747664939392405,True,0.0430894967756313,0.0920392472695015,0.4354822273786072,0.0142705859457859,-9.16316021727772,-11.968743013444929,-6.627363199286207,8.285667738110917,47.01464563082276,6.083110805730572,4.6276994651629915,0.8079411841528245,138.08999938964843,116.43427001953124,135.6184660205118,131.88999938964844,126.75,149.60000610351562,14.653585257862414,True,134.4915523511075,158.0028963317871,171.1478960266113,87,https://query1.finance.yahoo.com/v8/finance/chart/NOW?range=1d&interval=5m&includePrePost=false,2026-09-29T19:14:28.588505+00:00,371aff85f2aa004a4d3f0afb415d7413c9ec55dcc4c75ac3a2ab6a0cdd7659e4,2026-09-29T15:14:26-04:00,129.65,131.45,-1.369341955115999,132.44,128.12,7444211,130.24092594029295,unavailable,-1.3693396652956324
FCX,2026-09-28,71.95999908447266,-0.4840250116693534,True,0.040622824493506,0.079033362739095,0.3956129886930148,0.0134130902234619,-5.87311712623001,-8.678699922397215,-0.8542335780387766,29.648041468617382,50.51068396522607,2.726305989976711,3.7886409458904313,0.7544927789993872,72.41749992370606,63.14930004119873,72.11035798678891,72.5,69.45999908447266,78.63999938964844,11.545126550309222,False,73.32315207946101,86.49591889953614,93.6919188079834,88,https://query1.finance.yahoo.com/v8/finance/chart/FCX?range=1d&interval=5m&includePrePost=false,2026-09-29T19:14:28.511493+00:00,deb002b37d336ef40f05107533c8d7f1189942f8dfe13daa301a5adb5941d9b5,2026-09-29T15:14:24-04:00,70.91,71.96,-1.4591439688715901,72.25,70.285,6970970,70.84562673903125,unavailable,-1.4591427151632974
WDAY,2026-09-28,188.6000061035156,-0.4486623691837721,True,0.0403221261343683,0.0847708923222329,0.4270781362866097,0.0134533931628364,-7.874167165429514,-10.679749961596718,-1.9648605277868936,20.717170188992142,49.510996193378304,8.09291268920814,4.291045825717649,0.6859217968738692,192.49449920654297,157.91399951934815,190.71647592695803,190.94000244140625,181.47000122070312,211.8300018310547,12.82524205434838,False,192.6464624481197,226.69720733642575,245.55720794677737,89,https://query1.finance.yahoo.com/v8/finance/chart/WDAY?range=1d&interval=5m&includePrePost=false,2026-09-29T19:14:28.621626+00:00,8e58505e5e133b3b7f5dac3e83c0caba1fb0566dc10ee51f32ac795481ac6890,2026-09-29T15:14:26-04:00,187.22,188.6,-0.7317073170731714,188.71,185.0,1121340,187.0231370466742,unavailable,-0.7317105296158699
SOFI,2026-09-28,15.93000030517578,-3.9203837244951023,True,0.0398401931784578,0.0794610828405983,0.402318418447563,0.0131090748104597,-11.794015635401111,-14.599598431568316,-3.746217283783293,8.570574851659515,36.68144351861563,0.6989949534332969,4.387915505602269,1.3148310970668071,17.23049964904785,19.163624958992003,17.12544014866722,16.420000076293945,15.869999885559082,18.709999084472656,11.322177905639313,False,16.27949778189243,19.147860366821288,20.740860397338867,90,https://query1.finance.yahoo.com/v8/finance/chart/SOFI?range=1d&interval=5m&includePrePost=false,2026-09-29T19:14:28.658378+00:00,f9c43f9668ae4915135a2530daae6240bfa24af8d4fb964bdcde46b0ec162f74,2026-09-29T15:14:20-04:00,15.965,15.93,0.2197112366603804,16.21,15.86,28589162,16.02481711854412,unavailable,0.21970931672141703
ANET,2026-09-28,204.9199981689453,-0.7891575205661194,True,0.0390500694297577,0.0777334219389237,0.3851890433302595,0.0128859523221807,4.882788948569661,2.077206152402455,0.7126342652691076,39.428336147828915,58.26396428886952,7.481329694309119,3.650853875248024,0.7269373080511095,197.05499954223632,157.41349987030029,198.962928899356,208.3500061035156,203.52000427246097,212.0,11.229678556554749,False,208.66066301609987,246.31383779907225,266.8058376159668,91,https://query1.finance.yahoo.com/v8/finance/chart/ANET?range=1d&interval=5m&includePrePost=false,2026-09-29T19:14:28.689115+00:00,dc85bbfd611c7e78eed5966cffe2c699d2dc9f3d74fbe9865b9d64fd03e48299,2026-09-29T15:14:25-04:00,202.91,204.92,-0.9808705836423903,207.1,201.35,2727196,203.21836524167483,unavailable,-0.980869698860809
CRM,2026-09-28,227.27000427246097,-2.884368804703219,True,0.0389154740215131,0.0784442794999957,0.4169504842466876,0.0129992452880471,-11.222654581069946,-14.02823737723715,-4.339589813592681,7.13481147613949,45.32876291547061,9.204427394915522,4.049996577586571,0.7022467969979757,246.6709991455078,201.09080055236817,236.9612021670351,230.57000732421875,221.17999267578125,268.2699890136719,9.663696917654748,True,231.8722179699187,273.17854513549804,295.9055455627441,92,https://query1.finance.yahoo.com/v8/finance/chart/CRM?range=1d&interval=5m&includePrePost=false,2026-09-29T19:14:28.664660+00:00,0f2acfba4daf1ae4fa2c0132acf297b2d5733516945689ab4e57f291fcf3ffd3,2026-09-29T15:14:26-04:00,225.46,227.27,-0.796409556914679,228.95,223.5,4836169,226.0288444742022,unavailable,-0.7964114218482865
PLTR,2026-09-28,187.47999572753903,-1.154638299440247,True,0.0388668886438359,0.0799622605477014,0.3966683536852362,0.0127361213314902,0.6387903184785992,-2.166792477688606,-2.247248401622104,27.556119016709392,61.01008667808622,6.720688922740083,3.5847498804657145,0.6603341291679848,178.46199951171874,152.05182468414307,179.82766353946909,190.25,185.6199951171875,194.67999267578125,13.779401254018874,False,190.8403401889091,225.35095486450192,244.09895443725583,93,https://query1.finance.yahoo.com/v8/finance/chart/PLTR?range=1d&interval=5m&includePrePost=false,2026-09-29T19:14:28.658455+00:00,c769a86fd095d33c9fed145906881f31153303a3d6f728f3889fec1184e939a2,2026-09-29T15:14:27-04:00,185.76,187.48,-0.917431192660545,188.63,184.81,7475861,186.27372757255307,unavailable,-0.91742893467881
NEM,2026-09-28,116.0500030517578,-4.430533838340656,True,0.0379558798293781,0.0726530431737225,0.3819853364068818,0.0125825832274446,-9.321769020354886,-12.127351816522092,-6.070416685346491,5.170229209733904,40.97984455181056,4.390750999763953,3.783499254029055,0.8983158948260128,124.52900047302246,111.1462000656128,122.88757171985507,117.29000091552734,114.62999725341795,130.7100067138672,10.206128888046337,True,118.2453785516398,139.49210366821288,151.09710397338867,94,https://query1.finance.yahoo.com/v8/finance/chart/NEM?range=1d&interval=5m&includePrePost=false,2026-09-29T19:14:28.668261+00:00,5ae165ec66a6563c2baf8e2171e0e06d107f2c21c6f9f26aae4191c1443a9f8c,2026-09-29T15:14:25-04:00,117.24,116.05,1.0254200775527744,117.785,115.97,2699171,116.9150849179933,unavailable,1.0254174208952582
CCJ,2026-09-28,87.04000091552734,-1.169522860072647,True,0.0379166533860834,0.0721317829629318,0.3813260800459622,0.0123051540904188,-12.96870407325439,-15.774286869421594,-4.14097137649565,6.322228871940553,34.9429768908346,3.358816668000681,3.858934550403354,1.0102586551455055,94.54400100708008,105.79049987792968,93.35273498634598,87.77999877929688,85.68000030517578,104.12000274658205,9.53868275882331,False,88.71940924952769,104.62208110046386,113.3260811920166,95,https://query1.finance.yahoo.com/v8/finance/chart/CCJ?range=1d&interval=5m&includePrePost=false,2026-09-29T19:14:28.744878+00:00,6a10bd58021d1d6ee1dffe4c81e1a0ec20c35ba71f5aa77b8541785c5128c6ce,2026-09-29T15:14:02-04:00,86.98,87.04,-0.06893382352941568,88.6,86.04,1441909,86.9399497433767,unavailable,-0.06893487465099435
ETN,2026-09-28,431.4100036621094,-1.9478174258432457,True,0.0378878412269023,0.0748070286952826,0.3742544866034522,0.0123262314733015,7.108099947758406,4.302517151591201,-1.6751768483736271,13.726389142578896,54.69721507582061,14.4914553848327,3.359091180505576,1.1404265158558498,415.4469985961914,387.2790509033203,423.11074717892006,441.94000244140625,423.8299865722656,447.3299865722656,12.261866202225765,True,438.6557313545257,518.5548244018554,561.6958247680665,96,https://query1.finance.yahoo.com/v8/finance/chart/ETN?range=1d&interval=5m&includePrePost=false,2026-09-29T19:14:28.703121+00:00,0c0118e86f90ac9e3cb9a3d475394b8dec5a665083f3d93f7dfb7f7dc55f655a,2026-09-29T15:14:18-04:00,433.085,431.41,0.3882617463665472,437.016,430.56,954824,433.61975237006413,unavailable,0.38826089420089804
VST,2026-09-28,138.02000427246094,-0.3177830565294748,True,0.0376709387421071,0.0694669895469001,0.3702253846383932,0.0124077743426529,0.6783922674256093,-2.127190528741596,0.0362419738460628,25.857116233077175,41.74026010928778,4.408132150800265,3.1938356863823234,0.9489869010666828,142.55700149536133,155.50904991149903,141.42512946139166,139.00999450683594,135.77000427246094,154.89999389648438,9.11676726623246,False,140.22407034786107,165.90004513549803,179.70204556274416,97,https://query1.finance.yahoo.com/v8/finance/chart/VST?range=1d&interval=5m&includePrePost=false,2026-09-29T19:14:28.734901+00:00,9e2dd801bc594821b92f71ba0bde1d675f4d755b4e128426004fd9b8647d730c,2026-09-29T15:14:27-04:00,141.365,138.02,2.4235618026372974,143.51,138.85,3693979,140.87192823442555,unavailable,2.4235586320775715
AVGO,2026-09-28,349.57000732421875,-0.9183385552550604,True,0.0373291861869834,0.0676136441522089,0.3635532802297755,0.0121462359417723,-5.211638269848073,-8.017221066015278,-1.5267987997570898,23.478752919757852,41.94629419344101,10.773375272355027,3.081893482458566,0.7814753557518817,357.07099609375,368.0672500610352,358.208188067117,355.8599853515625,347.32000732421875,372.75,8.56468134209575,False,354.95669496039625,420.18314880371094,455.1401495361328,98,https://query1.finance.yahoo.com/v8/finance/chart/AVGO?range=1d&interval=5m&includePrePost=false,2026-09-29T19:14:29.003765+00:00,604523241d013065c987dedf2abdba4146e48c1916c98c1a9a9194124b45273a,2026-09-29T15:14:23-04:00,355.79,349.57,1.779328889778875,361.86,354.0,12905148,358.3682188031394,unavailable,1.779326757290245
CEG,2026-09-28,260.42999267578125,-1.0787391105725797,True,0.0349408912794288,0.0668992983948274,0.3590674506882206,0.0112902629086628,-5.897021616700537,-8.702604412867743,-1.307417061995042,25.48435609655961,41.804580201278505,8.945255869125116,3.4348024884604555,0.7142683852453618,273.4537467956543,289.86557510375974,268.59618493897307,262.6600036621094,257.3800048828125,305.79998779296875,11.599600106418867,False,264.90262061034383,313.03685119628904,339.0798504638672,99,https://query1.finance.yahoo.com/v8/finance/chart/CEG?range=1d&interval=5m&includePrePost=false,2026-09-29T19:14:29.022960+00:00,89055d7574f1c6f04a04eed4623cff4e65780c6e7723b7f0faa56c8721e3499c,2026-09-29T15:14:27-04:00,265.39,260.43,1.904542487424643,270.115,261.22,1142679,265.1776628861519,unavailable,1.9045453533432344
LLY,2026-09-28,1184.780029296875,0.111543136476655,True,0.0330020768767478,0.0570510820361123,0.3072973708791573,0.0105980023828353,0.8658230452781801,-1.9397597508890252,2.93573700459544,81.63141018370169,56.043781049506755,31.714376156751932,2.6768155583761226,0.8410740419939667,1151.3159912109377,1071.106153564453,1164.5203089490103,1194.0899658203125,1172.56005859375,1197.7900390625,5.1779129211477635,False,1200.6372173752509,1424.1055952148438,1542.5835981445314,100,https://query1.finance.yahoo.com/v8/finance/chart/LLY?range=1d&interval=5m&includePrePost=false,2026-09-29T19:14:29.022427+00:00,987003b18e2e0a28a5db5cb75d0e1c04fe3d0d29ebe6e5f646476c5b17fb8636,2026-09-29T15:14:20-04:00,1182.89,1184.78,-0.15952328702374396,1192.94,1168.471,999337,1179.4493261154294,unavailable,-0.15952575584824435
NTNX,2026-09-28,68.69999694824219,0.9848569468873912,True,0.0314340233504894,0.0589246577669462,0.3245401992702466,0.0101204715645257,-0.6651340218468027,-3.470716818014008,-1.406434202987228,55.23515598225085,56.58979882820567,2.0893508517823207,3.0412677505013783,0.7551112828374734,68.12299957275391,50.044274978637695,68.00328573394772,69.33000183105469,66.25,71.08000183105469,6.208245516373847,False,69.74467237413334,82.5773963317871,89.44739602661133,101,https://query1.finance.yahoo.com/v8/finance/chart/NTNX?range=1d&interval=5m&includePrePost=false,2026-09-29T19:14:29.027483+00:00,4b137deaef5aae3c7b3b81548dc3d76248cac407603a724603da746fea636c7d,2026-09-29T15:14:27-04:00,69.54,68.7,1.2227074235807933,70.06,67.905,1127159,69.36272021192833,unavailable,1.2227119200466152
GOOGL,2026-09-28,342.75,-0.3401992853144131,True,0.0314192210247805,0.054247015162015,0.3010186542098294,0.0098803272407941,-1.1079362873898435,-3.913519083557049,1.456357819995335,41.187971437460426,48.811944910491,8.469250007530356,2.4709700970183386,0.717299609422764,341.981999206543,338.33519943237303,343.90993193398947,343.5899963378906,339.55999755859375,364.1700134277344,7.501058610193492,False,346.9846250037652,411.9855,446.2605,102,https://query1.finance.yahoo.com/v8/finance/chart/GOOGL?range=1d&interval=5m&includePrePost=false,2026-09-29T19:14:29.134947+00:00,7e82331dd319fbcfb9aec1b6089dc88e73a4e5b163e7f831d43ec29ee72749e1,2026-09-29T15:14:25-04:00,340.455,342.75,-0.6695842450765932,342.84,338.02,12985440,339.6394741041525,unavailable,-0.6695842450765932
OXY,2026-09-28,56.099998474121094,-1.3366199930924916,True,0.0314018421301367,0.0553440257386067,0.3190664730800894,0.0103663251215223,-5.076142263038552,-7.881725059205758,-2.196656420542442,17.143167960683385,39.092800655963224,1.5562010417761336,2.773976977011877,1.3902745261706664,59.59900016784668,53.71125,58.66460468748079,57.560001373291016,56.0,63.77000045776367,9.178217650962882,True,56.87809899500916,67.43219816589355,73.04219801330566,103,https://query1.finance.yahoo.com/v8/finance/chart/OXY?range=1d&interval=5m&includePrePost=false,2026-09-29T19:14:29.162294+00:00,fc05c1ca4810b5377057a6cfdce57a8566b6b7c02b9bd27cac28449cdd3e53ad,2026-09-29T15:14:25-04:00,54.885,56.1,-2.165775401069525,55.665,54.76,4798086,55.291173859447575,unavailable,-2.165772740050209
TSM,2026-09-28,452.8800048828125,0.5037659184314203,True,0.0306159607804614,0.0531234868019304,0.277920612331212,0.0096568791666598,8.4690593982514,5.663476602084194,1.412991794142715,81.72609743366975,63.19384195472776,10.625158677932722,2.346131108323516,0.8028077250192728,431.95650177001954,383.91445007324216,435.55376333700946,455.2699890136719,443.1099853515625,455.2699890136719,7.335106530179008,False,458.1925842217789,544.3617658691406,589.6497663574219,104,https://query1.finance.yahoo.com/v8/finance/chart/TSM?range=1d&interval=5m&includePrePost=false,2026-09-29T19:14:29.149759+00:00,0e45fa2e6c770416bd42905b6201011fbe4ce75d0d39f4c3dca64e81dc177fbe,2026-09-29T15:14:27-04:00,458.415,452.88,1.2221780604133592,459.43,447.07,7084574,455.20397249902896,unavailable,1.222176969067057
NVDA,2026-09-28,228.86000061035156,1.68391752023771,True,0.0306124281926221,0.05462641643061,0.293559259948489,0.0099632839801142,5.198803677287445,2.3932208811202393,1.4855244490789454,86.8921659858743,58.64897007306473,6.033628198030636,2.636383894931148,1.2194998074611838,222.31999969482425,199.69269996643067,222.1980624144058,233.2100067138672,228.0399932861328,234.7599945068359,7.895401819853358,False,231.87681470936687,275.0897207336426,297.9757207946777,105,https://query1.finance.yahoo.com/v8/finance/chart/NVDA?range=1d&interval=5m&includePrePost=false,2026-09-29T19:14:29.155803+00:00,fb0634e248bdad5ba3aa10c09d3a73e7f89fc006d8103a925234963697c46c44,2026-09-29T15:14:28-04:00,228.005,228.86,-0.3735908415625322,232.82,227.692,69700049,230.02284921019444,unavailable,-0.3735911072582976
AMZN,2026-09-28,246.1499938964844,-1.4098627381248452,True,0.0303012009165923,0.0519966086457819,0.3069497415013887,0.0095232779602716,-7.611755184025249,-10.417337980192451,-1.2516589732017191,8.26880756462343,41.24381199131346,5.745692756838367,2.33422421259724,0.904026454701642,253.29199981689453,240.93899993896488,253.08456226186016,247.77000427246097,244.72999572753903,264.3599853515625,6.567575048253548,True,249.02284027490356,295.8722926635742,320.4872920532227,106,https://query1.finance.yahoo.com/v8/finance/chart/AMZN?range=1d&interval=5m&includePrePost=false,2026-09-29T19:14:29.256774+00:00,63315de1e85d2ef2f665079783cad3e797dce6e6734b94280979ead43e46c443,2026-09-29T15:14:27-04:00,248.2,246.15,0.8328255128986273,248.839,245.14,18814887,246.72388132883745,unavailable,0.832828013141329
XOM,2026-09-28,162.52000427246094,1.2018232633304704,True,0.028583787462046,0.0487357894519987,0.274032627829541,0.0092221114935775,3.7074834469263296,0.9019006507591244,0.800104558150494,72.27380827678988,52.26013948975576,3.659113325584293,2.251484881485651,0.8822738344628509,162.77300109863282,148.2145000076294,161.86943771194245,163.5399932861328,161.0500030517578,169.63999938964844,7.742651294988129,False,164.3495609352531,195.34904513549805,211.60104556274416,107,https://query1.finance.yahoo.com/v8/finance/chart/XOM?range=1d&interval=5m&includePrePost=false,2026-09-29T19:14:29.389312+00:00,5abd65a947d8cf7c12043fa3404881543898b95a65c1963f9fd075870cfe41e0,2026-09-29T15:14:21-04:00,160.98,162.52,-0.9475756829928739,161.96,159.27,5064556,161.15192279539286,unavailable,-0.9475782869653226
MSFT,2026-09-28,509.2200012207031,-1.346452122277486,True,0.0279386581830086,0.0498673937077245,0.2907853886241516,0.0088700939270671,-0.8392942632922895,-3.644877059459495,1.7239667084732124,55.11635810908043,58.55521792658399,11.9335703695802,2.343499929494722,0.8990418490237184,499.8249984741211,432.14689926147463,498.4351491553703,513.3300170898438,502.2200012207031,519.4000244140625,7.051828215437894,False,515.1867864054932,612.0824414672851,663.0044415893555,108,https://query1.finance.yahoo.com/v8/finance/chart/MSFT?range=1d&interval=5m&includePrePost=false,2026-09-29T19:14:29.272258+00:00,a4fbf80b05bb4b77d35422fb7ffb06ba660cdfaf66ffa32bad52240778b4d336,2026-09-29T15:14:25-04:00,510.5,509.22,0.2513648324889095,513.64,502.4,12275009,508.16066959250554,unavailable,0.2513645921661478
AAPL,2026-09-28,338.3999938964844,-0.7828344241351815,True,0.0275175711110783,0.0474446811143909,0.2676269631689226,0.0085027789625073,5.849227705797966,3.0436449096307605,0.4094727101651374,45.503327762328695,61.79235997096966,6.8309026132846125,2.0185882791044514,0.7628965670621953,330.33099975585935,288.0724493408203,331.1182313304608,342.989990234375,338.0400085449219,345.3399963378906,6.264183452609148,False,341.81544520312667,406.75679266357423,440.59679205322266,109,https://query1.finance.yahoo.com/v8/finance/chart/AAPL?range=1d&interval=5m&includePrePost=false,2026-09-29T19:14:29.284052+00:00,4041a37730eea0e291d9e35ffd367a424380e00e1c4c8b20cca21ed72285a748,2026-09-29T15:14:27-04:00,330.6,338.4,-2.3049645390070816,337.06,330.12,22164904,332.06198825651194,unavailable,-2.304962776940933
JPM,2026-09-28,336.5899963378906,-1.885967838496838,True,0.0261547546517122,0.0428561828299051,0.2605690832939384,0.0081903964623809,-5.880543332708676,-8.686126128875882,-0.2784944878398532,25.58464987642114,35.97071835454227,6.661927175312484,1.9792409898673324,1.2700428618871684,350.21000213623046,321.4404006958008,347.7930315476406,342.0,336.29998779296875,362.8599853515625,5.392362653372871,False,339.92095992554687,404.5811755981445,438.2401752319336,110,https://query1.finance.yahoo.com/v8/finance/chart/JPM?range=1d&interval=5m&includePrePost=false,2026-09-29T19:14:29.347041+00:00,ca43365459ec1782b99e74ee930925ed125f1947d713e8b80a8b29ff0c6afe2c,2026-09-29T15:14:28-04:00,335.56,336.59,-0.3060102795686026,338.75,333.33,2889398,335.22396445570456,unavailable,-0.306009194894985
COST,2026-09-28,922.9199829101562,0.0162514359734355,True,0.025280063030043,0.0408140301372238,0.2388828639201011,0.0078258537770915,-2.385055950132275,-5.190638746299481,2.0139240032369443,86.96672169601007,52.36192913963703,15.899893211239537,1.7227813359402953,1.0418944631464755,911.0704925537108,960.5869470214844,913.9433837270814,931.0900268554688,913.0,952.0999755859376,4.64523706165666,False,930.869929515776,1109.3498194580077,1201.6418177490234,111,https://query1.finance.yahoo.com/v8/finance/chart/COST?range=1d&interval=5m&includePrePost=false,2026-09-29T19:14:29.336622+00:00,3d51fde313efb18b77229e10b0c34d1106db72e09e72a75934cdbf6d5fc67c7f,2026-09-29T15:14:24-04:00,925.515,922.92,0.281172799375895,925.97,912.66,1454671,920.221294788783,unavailable,0.2811746562969786
