signal_date,r3,r20,dd252,rv90,volume_ratio,close_range,rs20,sector5,credit20,next_entry,monday_close,monday_high,monday_low,entry_date,exit_date
2024-10-17,0.04923799407290841,0.14890883865115923,0.43174604385618176,1.079748490977642,0.9316386750306959,0.07407400866430838,0.10539811372897523,-0.012055740912235047,-0.0030157318224925955,9.489999771118164,0.013698642526479343,0.0221285609285351,-0.0727080713408701,2024-10-18,2024-10-21
2026-09-10,-0.023276654172423306,-0.0006869425361736292,0.4322883071369623,1.1467419886776378,0.7771534514584028,0.07916616996081985,0.04129104606832934,0.017802734297040157,-0.007230059566950442,43.83000183105469,-0.015058262252723553,0.011978044472945149,-0.04699980121450631,2026-09-11,2026-09-14
2024-10-24,-0.03950105186709507,0.012048155016258999,0.41333334786551335,1.0270478709293007,1.1969791441125381,0.7008543943190358,0.022181909523830146,-0.006041784112870596,-0.005188186661921557,9.25,0.178378337138408,0.1848648689888619,0.04648651947846294,2024-10-25,2024-10-28
2025-05-01,-0.003129887534334741,-0.05769235652633453,0.5998743809653317,1.0337799185783785,1.3515887601375343,0.4827582237977947,-0.04933142629643661,0.015935306572524732,-0.0038900115105133803,6.53000020980835,-0.05206740301128865,-0.02450234595841816,-0.06125575536224548,2025-05-02,2025-05-05
2026-03-05,-0.0305629236120456,-0.10714282985863977,0.4780148488835051,1.1416929043491524,1.1381785743558643,0.43750015283228794,-0.14203633667293036,-0.04043591967968585,-0.0021302965246384753,36.70000076293945,0.05831060885997208,0.06730238023591872,-0.02915530442998604,2026-03-06,2026-03-09
2024-11-21,-0.05170729102157967,0.051948106904829316,0.38285712590293275,1.0846678320753629,1.2252047661862957,0.2550336730291901,0.0677843118424476,-0.00838092805036672,0.0070035049369807645,10.779999732971191,-0.03432281027126727,0.033395233698427784,-0.05333950125309095,2024-11-22,2024-11-25
2026-07-23,0.009452762709038609,-0.19324050802060966,0.4720957411067733,1.0217248054907668,0.959052152439725,0.07470061030153306,-0.1306314453469538,0.019774309811467106,-0.002717772608697211,37.06999969482422,-0.021041240510335957,0.03854871503254165,-0.05907738453568845,2026-07-24,2026-07-27
2026-08-27,0.018085842280048503,0.059330908451349584,0.4727462295934546,1.1372037057440398,1.114469518999009,0.1818161755897022,-0.003946089212574888,0.018395050452038708,0.010478837892522908,35.45000076293945,0.04696758475864371,0.052637548349538266,0.001720756633618592,2026-08-28,2026-08-31
2025-01-02,-0.0233426703183518,-0.191028631765777,0.34296482487316793,1.154659736695566,0.7651258920470725,0.38461546523021783,-0.18078370244601727,-0.026176538876138578,-0.0055298427166816655,11.34000015258789,0.037918897653423045,0.059964752735968796,0.0,2025-01-03,2025-01-06
2023-08-10,0.022304810967750832,-0.29032258064516125,0.3176179015308839,1.0828213403006177,1.265290564940449,0.06521784200105733,-0.238239791107706,-0.02736884509939652,-0.00422409129994239,5.659999847412109,-0.09010596568794293,-0.0054769719660181515,-0.11130735946782955,2023-08-11,2023-08-14
2023-08-24,0.009389661902325042,-0.3130990361795991,0.46650124480522626,1.0181022257557362,0.871203663442743,0.11483327819668952,-0.25822802258796884,0.022747676262921734,-0.003113278423282795,4.179999828338623,0.031100507124323995,0.05741632961997323,0.00478468462867454,2023-08-25,2023-08-28
2026-03-12,0.06513900024092312,-0.030466353242233568,0.461818687996284,1.1438457570162772,0.8716788964292581,0.8502013912055055,0.033784560434693134,-0.01826230203424528,-0.015303922819665527,41.58000183105469,0.08080800018495493,0.09066850594149622,0.043049471428671104,2026-03-13,2026-03-16
2025-03-06,0.006604981871054738,-0.31165310789287415,0.5213567934019157,1.22831260382065,0.9782944389905583,0.19760473570659268,-0.20094662271475994,-0.03938104575556933,-0.0015045926973443757,7.699999809265137,-0.14025973382577606,-0.041558402954656515,-0.16493506654355594,2025-03-07,2025-03-10
2025-04-10,-0.06632658770957112,-0.18666670057508683,0.6551507697984764,1.0840578780331154,0.9881682572721301,0.4158410138792761,-0.08035837789037514,0.003272490457355781,-0.022902908079704076,5.630000114440918,0.021314366451127276,0.05328591612781808,-0.0062167537367346926,2025-04-11,2025-04-14
2026-08-20,-0.05122501054776507,0.04977813089994898,0.44581765380494576,1.1373541524454254,0.9641954418250529,0.6030770942194014,0.07997610565247393,-0.04493137378210976,0.009438219800919079,41.880001068115234,-0.04942692554991801,-0.014565439226217669,-0.054441321295237266,2026-08-21,2026-08-24
2023-08-17,-0.09708737684291768,-0.3100889831935413,0.4230769412802876,1.0769460653938743,0.9424292066463843,0.29629603465723353,-0.26132125989489197,-0.029739283142603545,-0.010275821735159174,4.409999847412109,-0.03401352011798742,0.01587305534771266,-0.040816289017391094,2023-08-18,2023-08-21
2023-10-26,-0.043750032130628336,-0.18832892353821273,0.6203474214055857,1.0277438006585178,1.4383570839744262,0.324324115337923,-0.14099376200421787,-0.04779722707984546,-0.01321469670780484,3.200000047683716,-0.05937501699663672,0.015624984866008385,-0.0750000018626451,2023-10-27,2023-10-30
2026-03-26,-0.11171724624097146,-0.1534810275297137,0.5128138490328773,1.0704067534505564,1.0919318926798618,0.05797122281475945,-0.07782749317634774,-0.03565283250052409,-0.02066727387224332,35.09000015258789,-0.09888855224466508,0.023083538608399845,-0.12339697648552783,2026-03-27,2026-03-30
2026-07-09,-0.049874712692308365,-0.22769343081878501,0.45726551671603555,1.023436677414881,0.9395611680291728,0.03535338939783641,-0.25598393423979404,-0.020517101913243407,0.006379240949418552,41.13999938964844,-0.052503643156484925,0.02503643156484925,-0.07438010704890041,2026-07-10,2026-07-13
2026-08-06,-0.04578615584463441,-0.09084373932488277,0.5065695466381089,1.1428484208169911,0.6699662706048651,0.2507370581589525,-0.03119553837215061,0.060456401148081484,0.001453436162716315,41.22999954223633,-0.06039286663631316,0.0019403791400174342,-0.06160564986000905,2026-08-07,2026-08-10
2026-03-19,-0.07298617889470715,-0.03765306153021086,0.45804607312487067,1.0895911263351021,0.7027122809992469,0.8632070463971786,-0.000402943722839999,0.017494160357357513,-0.012712259742370668,41.290000915527344,0.021070450777287197,0.0837975056370488,-0.0018164388780927965,2026-03-20,2026-03-23
2024-10-10,-0.12215573786406653,-0.008119072241347003,0.5346031794472346,1.0912839660068716,0.8047590595794502,0.3548386600586355,-0.09683214956739572,0.04130030698552867,0.003454497580250404,7.739999771118164,0.10206718155224181,0.118863062467641,0.019250668249716885,2024-10-11,2024-10-14
2026-01-08,-0.05306801998793753,-0.024765154646311793,0.40574998474021895,1.1090162891432027,1.1217145335608365,0.6228855955556702,-0.05500702272452884,0.052342225995996916,0.011823105058746064,46.029998779296875,0.09341740529638787,0.12155119202869957,-0.003910499890274588,2026-01-09,2026-01-12
2023-09-07,-0.015384652467469784,-0.1854545419866388,0.44416876106235526,1.0578001491369153,0.7092340390867418,0.7333333333333333,-0.19230746722477876,-0.027379648843768978,0.0018494096103724988,4.670000076293945,-0.10492510491438378,0.02783728315141376,-0.11134903049919842,2023-09-08,2023-09-11
2025-11-06,-0.01166053011848478,0.048707919885261575,0.1289189971123036,0.9604068281849543,1.215908098885425,0.031798336424408366,0.031674735152636524,-0.03475107252863929,0.003013669915804762,62.380001068115234,-0.035428067671187335,0.09490224242186684,-0.04168006162711202,2025-11-07,2025-11-10
2024-09-19,0.007761958943272029,-0.1025345981603315,0.5053968278188554,1.1126734360037884,0.9491145143824375,0.12068986779287852,-0.06447050536924459,0.03073960703015466,0.017985262507668187,7.510000228881836,0.05592537771724149,0.08921438826556494,0.02130490579704447,2024-09-20,2024-09-23
2024-10-31,-0.16330273351066427,0.1632652688850622,0.42095238821847103,1.0781077540733561,0.9874153809127182,0.007936688147041415,0.17500114251196186,-0.03351200319114511,-0.0076257096577690975,9.050000190734863,-0.059668502814603674,-0.024309421258801645,-0.07955803887893009,2024-11-01,2024-11-04
2026-01-22,-0.09616052235622408,0.2431017408049374,0.3201509502501363,1.082469825003873,0.9429870600126877,0.09038591289043246,0.12322408260689133,0.03726020598245117,0.010421847661574057,56.68000030517578,-0.07621735482647363,0.006457324050454627,-0.08636204007424253,2026-01-23,2026-01-26
2024-08-22,-0.0024629931491653156,-0.14103922382442202,0.48571426149398567,1.0865323116547292,0.8809060721248865,0.06569359325271415,-0.16581093234441835,-0.016032829715880048,0.01680014792664397,8.619999885559082,-0.05684452176606769,-0.005800486241145708,-0.0684454942483591,2024-08-23,2024-08-26
2026-06-04,-0.05311497204112514,0.014430978594969002,0.19526475347885786,1.0566131605485212,0.782837281759985,0.6749227907526056,-0.12703078317341632,0.04617976996453366,0.0013721830661057588,54.349998474121094,0.0890524432101405,0.09788408176970509,0.01453543583636896,2026-06-05,2026-06-08
2022-04-21,-0.05456177045622823,-0.2674983041384309,0.6258407187672843,1.0448889226268305,0.7268804713106253,0.09999959128232445,-0.1787063278774892,-0.022222208074320626,-0.019395770829887637,10.670000076293945,0.054358005581899516,0.06185565536015902,-0.011246474667389372,2022-04-22,2022-04-25
2025-02-06,0.08520597578738842,0.01845343023155932,0.27198491852733997,1.204446901315036,0.8492000778507494,0.4805196413686845,0.040851411182592945,0.01297059032674075,0.013445041270647495,12.470000267028809,0.03127501052903847,0.05533276388194541,0.0024057523920437696,2025-02-07,2025-02-10
2026-06-11,-0.04189896265882409,0.027913738746400796,0.2622609983320935,1.0686402180666912,0.9669360592574651,0.9400629244527504,-0.036702110072019956,-0.02881139745631256,0.006479278828095625,59.77000045776367,0.018069232191500584,0.056884686048885635,0.009536551622197242,2026-06-12,2026-06-15
2026-05-14,0.05893018875937739,0.22431867068758682,0.2402757975902945,1.0380712172959763,1.1570280843243923,0.7119743217801919,-0.047317306397656855,0.0708018015147025,-0.0006616719086867118,52.939998626708984,-0.04684547802358896,0.003211220023659145,-0.08424630147652712,2026-05-15,2026-05-18
2024-09-12,0.036465602787029594,0.01931032641180641,0.5307936592707558,1.132314554229157,0.7748376659005898,0.2173908836972732,0.029843792169246486,0.042985804623365986,0.015866782775478816,7.559999942779541,0.022486782748763146,0.06216928488743467,-0.0608465663529949,2024-09-13,2024-09-16
2023-09-28,-0.002645500142578139,-0.29135340990991276,0.5322580912339705,1.0437765225365707,0.701821713319027,0.7272729243129209,-0.21872664698385935,0.02507813602238751,-0.016076710396968674,3.7100000381469727,-0.029649631370178064,0.10242590580422628,-0.05390836809360511,2023-09-29,2023-10-02
2025-02-20,-0.04996161112753916,0.06003428974490932,0.2236181157384416,1.182015072770406,0.6723278575847916,0.22314007898945204,0.09510573254890142,0.03738274700058497,0.007652546249567127,10.880000114440918,-0.06617649443524909,0.011948539804551128,-0.0790440852602361,2025-02-21,2025-02-24
2026-02-26,0.04438151654926603,-0.2971083151613977,0.42448289192452393,1.1202922854891204,0.6372687043139182,0.6206905623534776,-0.2860193511812662,0.004412475633180257,0.002979817264521234,40.95000076293945,0.010744777008824702,0.03150185327212052,-0.05179492448716072,2026-02-27,2026-03-02
2024-05-09,-0.03584906610996086,0.028169084352688722,0.4726521821673524,1.1857125462670892,0.6486116072404919,0.4057977825016102,0.060415755646039404,0.037494682362570364,0.014305160797747574,4.789999961853027,0.012526084187343134,0.05845515908940224,0.002087730472124516,2024-05-10,2024-05-13
2025-03-20,-0.019047601129539626,-0.4166666473771371,0.5471105525380496,1.1727047476013366,0.6732042598333873,0.343434817790365,-0.29738818181339266,0.03416075952552866,-0.003988712156399843,7.150000095367432,0.07552446918188149,0.08111886936642754,0.034965034498667835,2025-03-21,2025-03-24
