segment,signal,signal_index,entry_method,exit_method,entry_date,exit_date,entry_index,exit_index,entry,exit,floor,net,hold10,excess_vs_hold10,hold10_excess_smh,touch20,mae10,reason
development,2017-08-17,225,auction,hold10,2017-08-18,2017-09-01,226,236,35.25,36.900001525878906,33.482649927139285,0.04480855392564265,0.04480855392564265,0.0,0.005507527496713349,False,-0.03404257483516182,hold10
development,2017-08-17,225,auction,risk_control,2017-08-18,2017-08-24,226,230,35.25,35.5,33.482649927139285,0.005092198581560183,0.04480855392564265,-0.039716355344082466,0.005507527496713349,False,-0.03404257483516182,time_failure_next_open
development,2017-08-17,225,delayed_open,hold10,2017-08-21,2017-09-05,227,237,35.04999923706055,35.95000076293945,33.482649927139285,0.023677647516958444,0.023677647516958444,0.0,-0.0002418058531896694,False,-0.028530671091788196,hold10
development,2017-08-17,225,delayed_open,risk_control,2017-08-21,2017-08-25,227,231,35.04999923706055,35.5,33.482649927139285,0.010838823758479334,0.023677647516958444,-0.01283882375847911,-0.0002418058531896694,False,-0.028530671091788196,time_failure_next_open
development,2017-08-17,225,confirmed,hold10,2017-08-23,2017-09-07,229,239,34.599998474121094,36.5,33.482649927139285,0.05291334131994274,0.05291334131994274,0.0,0.022730570353453494,False,-0.0014450647186572407,hold10
development,2017-08-17,225,confirmed,risk_control,2017-08-23,2017-08-29,229,233,34.599998474121094,34.599998474121094,33.482649927139285,-0.002,0.05291334131994274,-0.05491334131994274,0.022730570353453494,False,-0.0014450647186572407,time_failure_next_open
development,2017-10-05,259,auction,hold10,2017-10-06,2017-10-20,260,270,41.349998474121094,43.29999923706055,34.92164987564087,0.04515842406039905,0.04515842406039905,0.0,0.010160485774132866,False,-0.04232164605992039,hold10
development,2017-10-05,259,auction,risk_control,2017-10-06,2017-10-12,260,264,41.349998474121094,41.099998474121094,34.92164987564087,-0.008045949437131437,0.04515842406039905,-0.05320437349753049,0.010160485774132866,False,-0.04232164605992039,time_failure_next_open
development,2017-10-05,259,delayed_open,hold10,2017-10-09,2017-10-23,261,271,41.349998474121094,43.20000076293945,34.92164987564087,0.04274008118709327,0.04274008118709327,0.0,0.007232204706974388,False,-0.04232164605992039,hold10
development,2017-10-05,259,delayed_open,risk_control,2017-10-09,2017-10-23,261,271,41.349998474121094,43.20000076293945,34.92164987564087,0.04274008118709327,0.04274008118709327,0.0,0.007232204706974388,False,-0.04232164605992039,time10
development,2017-12-05,301,auction,hold10,2017-12-06,2017-12-20,302,312,43.45000076293945,47.400001525878906,37.245649900436405,0.08890910687183684,0.08890910687183684,0.0,0.0633165076272948,False,-0.025316507928731746,hold10
development,2017-12-05,301,auction,risk_control,2017-12-06,2017-12-20,302,312,43.45000076293945,47.400001525878906,37.245649900436405,0.08890910687183684,0.08890910687183684,0.0,0.0633165076272948,False,-0.025316507928731746,time10
development,2017-12-05,301,delayed_open,hold10,2017-12-07,2017-12-21,303,313,43.45000076293945,47.54999923706055,37.245649900436405,0.09236129809273042,0.09236129809273042,0.0,0.08622457052722043,False,-0.025316507928731746,hold10
development,2017-12-05,301,delayed_open,risk_control,2017-12-07,2017-12-21,303,313,43.45000076293945,47.54999923706055,37.245649900436405,0.09236129809273042,0.09236129809273042,0.0,0.08622457052722043,False,-0.025316507928731746,time10
development,2017-12-05,301,confirmed,hold10,2017-12-08,2017-12-22,304,314,43.75,47.29999923706055,37.245649900436405,0.07914283970424107,0.07914283970424107,0.0,0.0834569128398831,False,-0.03200003487723213,hold10
development,2017-12-05,301,confirmed,risk_control,2017-12-08,2017-12-22,304,314,43.75,47.29999923706055,37.245649900436405,0.07914283970424107,0.07914283970424107,0.0,0.0834569128398831,False,-0.03200003487723213,time10
development,2018-01-25,335,auction,hold10,2018-01-26,2018-02-09,336,346,45.0,38.099998474121094,39.313799943923954,-0.1553333672417535,-0.1553333672417535,0.0,-0.0589202993959862,False,-0.18244442409939232,hold10
development,2018-01-25,335,auction,risk_control,2018-01-26,2018-02-01,336,340,45.0,42.45000076293945,39.313799943923954,-0.05866664971245661,-0.1553333672417535,0.0966667175292969,-0.0589202993959862,False,-0.18244442409939232,time_failure_next_open
development,2018-01-25,335,delayed_open,hold10,2018-01-29,2018-02-12,337,347,44.95000076293945,37.5,39.313799943923954,-0.16773972494972367,-0.16773972494972367,0.0,-0.09265277543005734,False,-0.1815350324563264,hold10
development,2018-01-25,335,delayed_open,risk_control,2018-01-29,2018-02-02,337,341,44.95000076293945,42.0,39.313799943923954,-0.06762849194369047,-0.16773972494972367,0.1001112330060332,-0.09265277543005734,False,-0.1815350324563264,time_failure_next_open
development,2018-03-23,375,auction,hold10,2018-03-26,2018-04-10,376,386,43.400001525878906,43.25,41.12609994888306,-0.0054562562351400095,-0.0054562562351400095,0.0,0.04310694604679899,False,-0.10023046396034119,hold10
development,2018-03-23,375,auction,risk_control,2018-03-26,2018-03-29,376,379,43.400001525878906,39.95000076293945,41.12609994888306,-0.08149310234199547,-0.0054562562351400095,-0.07603684610685546,0.04310694604679899,False,-0.10023046396034119,close_stop_next_open
development,2018-05-18,414,auction,hold10,2018-05-21,2018-06-05,415,425,44.95000076293945,47.099998474121094,42.444349994659426,0.04583087151700971,0.04583087151700971,0.0,0.0020977424783048537,False,-0.030033420821016232,hold10
development,2018-05-18,414,auction,risk_control,2018-05-21,2018-05-25,415,419,44.95000076293945,44.79999923706055,42.444349994659426,-0.005337075046338622,0.04583087151700971,-0.05116794656334833,0.0020977424783048537,False,-0.030033420821016232,time_failure_next_open
development,2018-05-18,414,delayed_open,hold10,2018-05-22,2018-06-06,416,426,45.099998474121094,47.29999923706055,42.444349994659426,0.04678050637189801,0.04678050637189801,0.0,0.005598874080768423,False,-0.033259424628599876,hold10
development,2018-05-18,414,delayed_open,risk_control,2018-05-22,2018-05-29,416,420,45.099998474121094,44.79999923706055,42.444349994659426,-0.00865186800910178,0.04678050637189801,-0.055432374380999794,0.005598874080768423,False,-0.033259424628599876,time_failure_next_open
development,2018-09-07,491,auction,hold10,2018-09-10,2018-09-24,492,502,47.5,48.349998474121094,44.422700061798096,0.01589470471833887,0.01589470471833887,0.0,0.008443065840726625,False,-0.04210526315789476,hold10
development,2018-09-07,491,auction,risk_control,2018-09-10,2018-09-14,492,496,47.5,47.099998474121094,44.422700061798096,-0.01042108475534542,0.01589470471833887,-0.026315789473684292,0.008443065840726625,False,-0.04210526315789476,time_failure_next_open
development,2018-09-07,491,delayed_open,hold10,2018-09-11,2018-09-25,493,503,47.25,48.849998474121094,44.422700061798096,0.03186240156870035,0.03186240156870035,0.0,0.03244729283399361,False,-0.03703703703703709,hold10
development,2018-09-07,491,delayed_open,risk_control,2018-09-11,2018-09-17,493,497,47.25,47.599998474121094,44.422700061798096,0.005407375113673842,0.03186240156870035,-0.02645502645502651,0.03244729283399361,False,-0.03703703703703709,time_failure_next_open
development,2020-01-27,838,auction,hold10,2020-01-28,2020-02-11,839,849,36.08000183105469,37.290000915527344,35.42540002822876,0.031536558288951966,0.031536558288951966,0.0,0.008545130524322042,False,-0.07621950832699309,hold10
development,2020-01-27,838,auction,risk_control,2020-01-28,2020-01-30,839,841,36.08000183105469,35.0,35.42540002822876,-0.03193353038372382,0.031536558288951966,-0.06347008867267578,0.008545130524322042,False,-0.07621950832699309,close_stop_next_open
development,2020-01-27,838,delayed_open,hold10,2020-01-29,2020-02-12,840,850,36.47999954223633,37.61000061035156,35.42540002822876,0.028975906861153478,0.028975906861153478,0.0,-0.012712686429578346,False,-0.08634862255232734,hold10
development,2020-01-27,838,delayed_open,risk_control,2020-01-29,2020-01-30,840,841,36.47999954223633,35.0,35.42540002822876,-0.04257016339933872,0.028975906861153478,-0.0715460702604922,-0.012712686429578346,False,-0.08634862255232734,close_stop_next_open
development,2020-06-11,933,auction,hold10,2020-06-12,2020-06-26,934,944,46.31999969482422,48.31999969482422,34.192350025177,0.04117789320329979,0.04117789320329979,0.0,0.031185020245791506,False,-0.023100166275341727,hold10
development,2020-06-11,933,auction,risk_control,2020-06-12,2020-06-26,934,944,46.31999969482422,48.31999969482422,34.192350025177,0.04117789320329979,0.04117789320329979,0.0,0.031185020245791506,False,-0.023100166275341727,time10
development,2020-06-11,933,delayed_open,hold10,2020-06-15,2020-06-29,935,945,45.459999084472656,48.38999938964844,34.192350025177,0.0624522737391906,0.0624522737391906,0.0,0.01925890985834333,False,0.047294359198816194,hold10
development,2020-06-11,933,delayed_open,risk_control,2020-06-15,2020-06-29,935,945,45.459999084472656,48.38999938964844,34.192350025177,0.0624522737391906,0.0624522737391906,0.0,0.01925890985834333,False,0.047294359198816194,time10
development,2020-08-10,974,auction,hold10,2020-08-11,2020-08-25,975,985,50.959999084472656,42.060001373291016,36.57920008659363,-0.17664674001325564,-0.17664674001325564,0.0,-0.21733987057489212,False,-0.18838301896763932,hold10
development,2020-08-10,974,auction,risk_control,2020-08-11,2020-08-17,975,979,50.959999084472656,47.119998931884766,36.57920008659363,-0.07735322255839538,-0.17664674001325564,0.09929351745486026,-0.21733987057489212,False,-0.18838301896763932,time_failure_next_open
development,2020-10-28,1030,auction,hold10,2020-10-29,2020-11-12,1031,1041,45.59000015258789,58.279998779296875,39.550100049972535,0.2763504844096527,0.2763504844096527,0.0,0.19174823954802456,True,-0.0361921807492086,hold10
development,2020-10-28,1030,auction,risk_control,2020-10-29,2020-11-05,1031,1036,45.59000015258789,54.79918018341064,39.550100049972535,0.19999999999999996,0.2763504844096527,-0.07635048440965275,0.19174823954802456,True,-0.0361921807492086,target
development,2020-10-28,1030,delayed_open,hold10,2020-10-30,2020-11-13,1032,1042,45.61000061035156,59.47999954223633,39.550100049972535,0.3020999505870836,0.3020999505870836,0.0,0.1879954825193928,True,-0.015566741393805539,hold10
development,2020-10-28,1030,delayed_open,risk_control,2020-10-30,2020-11-05,1032,1036,45.61000061035156,54.82322073364258,39.550100049972535,0.19999999999999996,0.3020999505870836,-0.10209995058708365,0.1879954825193928,True,-0.015566741393805539,target
development,2020-12-10,1060,auction,hold10,2020-12-11,2020-12-28,1061,1071,70.08000183105469,78.19000244140625,43.44180002212524,0.11372489153043608,0.11372489153043608,0.0,0.10664292840183487,False,0.010273989753009305,hold10
development,2020-12-10,1060,auction,risk_control,2020-12-11,2020-12-28,1061,1071,70.08000183105469,78.19000244140625,43.44180002212524,0.11372489153043608,0.11372489153043608,0.0,0.10664292840183487,False,0.010273989753009305,time10
development,2021-03-08,1118,auction,hold10,2021-03-09,2021-03-23,1119,1129,73.77999877929688,65.8499984741211,58.88025007247925,-0.10948170827296066,-0.10948170827296066,0.0,-0.125950885891982,False,-0.1156139728981731,hold10
development,2021-03-08,1118,auction,risk_control,2021-03-09,2021-03-15,1119,1123,73.77999877929688,71.33000183105469,58.88025007247925,-0.03520679030601548,-0.10948170827296066,0.07427491796694519,-0.125950885891982,False,-0.1156139728981731,time_failure_next_open
development,2021-03-08,1118,confirmed,hold10,2021-03-12,2021-03-26,1122,1132,74.23999786376953,70.55000305175781,58.88025007247925,-0.05170359534199964,-0.05170359534199964,0.0,-0.1026011961683545,False,-0.16379305472271766,hold10
development,2021-03-08,1118,confirmed,risk_control,2021-03-12,2021-03-18,1122,1126,74.23999786376953,70.58000183105469,58.88025007247925,-0.05129951694544688,-0.05170359534199964,0.000404078396552765,-0.1026011961683545,False,-0.16379305472271766,time_failure_next_open
development,2021-04-20,1148,auction,hold10,2021-04-21,2021-05-05,1149,1159,76.51000213623047,64.58999633789062,62.677450065612796,-0.15779669932717533,-0.15779669932717533,0.0,-0.11220149807574764,False,-0.16899751593462475,hold10
development,2021-04-20,1148,auction,risk_control,2021-04-21,2021-05-05,1149,1159,76.51000213623047,64.58999633789062,62.677450065612796,-0.15779669932717533,-0.15779669932717533,0.0,-0.11220149807574764,False,-0.16899751593462475,time10
development,2021-04-20,1148,delayed_open,hold10,2021-04-22,2021-05-06,1150,1160,77.36000061035156,59.90999984741211,62.677450065612796,-0.22756877747237847,-0.22756877747237847,0.0,-0.19026759961642337,False,-0.23965874830986622,hold10
development,2021-04-20,1148,delayed_open,risk_control,2021-04-22,2021-04-28,1150,1154,77.36000061035156,75.47000122070312,62.677450065612796,-0.026431222527621534,-0.22756877747237847,0.20113755494475694,-0.19026759961642337,False,-0.23965874830986622,time_failure_next_open
development,2021-04-20,1148,confirmed,hold10,2021-04-26,2021-05-10,1152,1162,77.80000305175781,62.0099983215332,62.677450065612796,-0.20495635103921572,-0.20495635103921572,0.0,-0.1361346967826882,False,-0.2439589024733947,hold10
development,2021-04-20,1148,confirmed,risk_control,2021-04-26,2021-04-30,1152,1156,77.80000305175781,70.62999725341797,62.677450065612796,-0.09415945394719161,-0.20495635103921572,0.11079689709202412,-0.1361346967826882,False,-0.2439589024733947,time_failure_next_open
development,2021-06-16,1188,auction,hold10,2021-06-17,2021-07-01,1189,1199,69.36000061035156,72.58999633789062,66.99340000152588,0.04456856544284693,0.04456856544284693,0.0,0.026874863737051946,False,-0.052768218424195656,hold10
development,2021-06-16,1188,auction,risk_control,2021-06-17,2021-06-23,1189,1193,69.36000061035156,68.44999694824219,66.99340000152588,-0.01512000654702361,0.04456856544284693,-0.05968857198987054,0.026874863737051946,False,-0.052768218424195656,time_failure_next_open
development,2021-06-16,1188,delayed_open,hold10,2021-06-18,2021-07-02,1190,1200,68.5199966430664,73.19000244140625,66.99340000152588,0.06615537109067282,0.06615537109067282,0.0,0.033960948696959425,False,-0.023496687971889307,hold10
development,2021-06-16,1188,delayed_open,risk_control,2021-06-18,2021-07-02,1190,1200,68.5199966430664,73.19000244140625,66.99340000152588,0.06615537109067282,0.06615537109067282,0.0,0.033960948696959425,False,-0.023496687971889307,time10
development,2022-01-13,1335,auction,hold10,2022-01-14,2022-01-31,1336,1346,71.05000305175781,63.400001525878906,66.42909978866577,-0.10967067132011388,-0.10967067132011388,0.0,-0.005002105976392612,False,-0.19760737687789942,hold10
development,2022-01-13,1335,auction,risk_control,2022-01-14,2022-01-20,1336,1339,71.05000305175781,65.6500015258789,66.42909978866577,-0.0780028331307061,-0.10967067132011388,0.03166783818940777,-0.005002105976392612,False,-0.19760737687789942,close_stop_next_open
development,2022-01-13,1335,delayed_open,hold10,2022-01-18,2022-02-01,1337,1347,69.80999755859375,63.65999984741211,66.42909978866577,-0.09009623157513724,-0.09009623157513724,0.0,-0.004804310211790064,False,-0.18335481570984302,hold10
development,2022-01-13,1335,delayed_open,risk_control,2022-01-18,2022-01-20,1337,1339,69.80999755859375,65.6500015258789,66.42909978866577,-0.06159026182780236,-0.09009623157513724,0.02850596974733488,-0.004804310211790064,False,-0.18335481570984302,close_stop_next_open
validation,2023-07-18,1712,auction,hold10,2023-07-19,2023-08-02,1713,1723,49.619998931884766,46.099998474121094,38.20990005493164,-0.07293914819699432,-0.07293914819699432,0.0,-0.04609362924181237,False,-0.08988309513257076,hold10
validation,2023-07-18,1712,auction,risk_control,2023-07-19,2023-07-25,1713,1717,49.619998931884766,46.619998931884766,38.20990005493164,-0.06245949344171109,-0.07293914819699432,0.01047965475528323,-0.04609362924181237,False,-0.08988309513257076,time_failure_next_open
validation,2023-07-18,1712,delayed_open,hold10,2023-07-20,2023-08-03,1714,1724,48.40999984741211,47.02000045776367,38.20990005493164,-0.030713063293321685,-0.030713063293321685,0.0,-0.019396711751761386,False,-0.06878739985237647,hold10
validation,2023-07-18,1712,delayed_open,risk_control,2023-07-20,2023-07-26,1714,1718,48.40999984741211,47.220001220703125,38.20990005493164,-0.026581669705842748,-0.030713063293321685,0.004131393587478938,-0.019396711751761386,False,-0.06878739985237647,time_failure_next_open
validation,2024-01-04,1830,auction,hold10,2024-01-05,2024-01-22,1831,1841,41.16999816894531,47.0,38.01529994010925,0.13960801773977916,0.13960801773977916,0.0,0.009322366376093738,False,-0.007286841156258217,hold10
validation,2024-01-04,1830,auction,risk_control,2024-01-05,2024-01-11,1831,1835,41.16999816894531,42.060001373291016,38.01529994010925,0.01961776157223727,0.13960801773977916,-0.11999025616754189,0.009322366376093738,False,-0.007286841156258217,time_failure_next_open
validation,2024-01-04,1830,delayed_open,hold10,2024-01-08,2024-01-23,1832,1842,41.16999816894531,47.66999816894531,38.01529994010925,0.15588195990018217,0.15588195990018217,0.0,0.02878995632630743,False,-0.007286841156258217,hold10
validation,2024-01-04,1830,delayed_open,risk_control,2024-01-08,2024-01-23,1832,1842,41.16999816894531,47.66999816894531,38.01529994010925,0.15588195990018217,0.15588195990018217,0.0,0.02878995632630743,False,-0.007286841156258217,time10
validation,2024-01-04,1830,confirmed,hold10,2024-01-09,2024-01-24,1833,1843,41.619998931884766,48.0,38.01529994010925,0.15129171628660387,0.15129171628660387,0.0,0.025220429743311623,False,-0.018020183066978168,hold10
validation,2024-01-04,1830,confirmed,risk_control,2024-01-09,2024-01-16,1833,1837,41.619998931884766,42.83000183105469,38.01529994010925,0.027072631672821812,0.15129171628660387,-0.12421908461378206,0.025220429743311623,False,-0.018020183066978168,time_failure_next_open
validation,2024-02-20,1861,auction,hold10,2024-02-21,2024-03-06,1862,1872,57.45000076293945,64.72000122070312,40.492449884414675,0.12454482787149912,0.12454482787149912,0.0,-0.025305014023650152,False,-0.0034813013104165735,hold10
validation,2024-02-20,1861,auction,risk_control,2024-02-21,2024-03-06,1862,1872,57.45000076293945,64.72000122070312,40.492449884414675,0.12454482787149912,0.12454482787149912,0.0,-0.025305014023650152,False,-0.0034813013104165735,time10
validation,2024-03-26,1886,auction,hold10,2024-03-27,2024-04-11,1887,1897,60.880001068115234,56.029998779296875,43.98749989509582,-0.0816649507839522,-0.0816649507839522,0.0,-0.09042575907028416,False,-0.09395534034737174,hold10
validation,2024-03-26,1886,auction,risk_control,2024-03-27,2024-04-03,1887,1891,60.880001068115234,58.47999954223633,43.98749989509582,-0.04142183777549013,-0.0816649507839522,0.04024311300846206,-0.09042575907028416,False,-0.09395534034737174,time_failure_next_open
validation,2024-05-10,1918,auction,hold10,2024-05-13,2024-05-28,1919,1929,54.369998931884766,59.029998779296875,45.05269989967346,0.08370902959277604,0.08370902959277604,0.0,-0.033300233051478,False,-0.0007356465259487077,hold10
validation,2024-05-10,1918,auction,risk_control,2024-05-13,2024-05-28,1919,1929,54.369998931884766,59.029998779296875,45.05269989967346,0.08370902959277604,0.08370902959277604,0.0,-0.033300233051478,False,-0.0007356465259487077,time10
validation,2024-05-10,1918,delayed_open,hold10,2024-05-14,2024-05-29,1920,1930,54.5,58.02000045776367,45.05269989967346,0.06258716436263612,0.06258716436263612,0.0,-0.03727876910099526,False,0.037614664900193606,hold10
validation,2024-05-10,1918,delayed_open,risk_control,2024-05-14,2024-05-29,1920,1930,54.5,58.02000045776367,45.05269989967346,0.06258716436263612,0.06258716436263612,0.0,-0.03727876910099526,False,0.037614664900193606,time10
validation,2024-06-26,1949,auction,hold10,2024-06-27,2024-07-12,1950,1960,71.25,78.4000015258789,48.68989996910095,0.09835089860882684,0.09835089860882684,0.0,0.04012518688171052,False,-0.0008420709978069763,hold10
validation,2024-06-26,1949,auction,risk_control,2024-06-27,2024-07-12,1950,1960,71.25,78.4000015258789,48.68989996910095,0.09835089860882684,0.09835089860882684,0.0,0.04012518688171052,False,-0.0008420709978069763,time10
validation,2024-06-26,1949,delayed_open,hold10,2024-06-28,2024-07-15,1951,1961,71.43000030517578,79.44000244140625,48.68989996910095,0.11013778667238872,0.11013778667238872,0.0,0.06088634693470296,False,-0.00335990288036081,hold10
validation,2024-06-26,1949,delayed_open,risk_control,2024-06-28,2024-07-15,1951,1961,71.43000030517578,79.44000244140625,48.68989996910095,0.11013778667238872,0.11013778667238872,0.0,0.06088634693470296,False,-0.00335990288036081,time10
validation,2024-06-26,1949,confirmed,hold10,2024-07-01,2024-07-16,1952,1962,72.4000015258789,80.4800033569336,48.68989996910095,0.1096022328834696,0.1096022328834696,0.0,0.06290494761497101,False,-0.010359115803774133,hold10
validation,2024-06-26,1949,confirmed,risk_control,2024-07-01,2024-07-16,1952,1962,72.4000015258789,80.4800033569336,48.68989996910095,0.1096022328834696,0.1096022328834696,0.0,0.06290494761497101,False,-0.010359115803774133,time10
validation,2024-08-05,1976,auction,hold10,2024-08-06,2024-08-20,1977,1987,57.939998626708984,78.55000305175781,54.065749969482425,0.35371289115543925,0.35371289115543925,0.0,0.21499740370955744,True,-0.013979937483470373,hold10
validation,2024-08-05,1976,auction,risk_control,2024-08-06,2024-08-15,1977,1984,57.939998626708984,71.62999725341797,54.065749969482425,0.23427889111475086,0.35371289115543925,-0.11943400004068838,0.21499740370955744,True,-0.013979937483470373,gap_target
validation,2024-10-18,2029,auction,hold10,2024-10-21,2024-11-04,2030,2040,98.44000244140625,90.91000366210938,66.00600006103515,-0.07849328111078524,-0.07849328111078524,0.0,-0.04259835867146944,False,-0.07750919030456194,hold10
validation,2024-10-18,2029,auction,risk_control,2024-10-21,2024-10-25,2030,2034,98.44000244140625,97.47000122070312,66.00600006103515,-0.01185373015690949,-0.07849328111078524,0.06663955095387575,-0.04259835867146944,False,-0.07750919030456194,time_failure_next_open
validation,2024-10-18,2029,delayed_open,hold10,2024-10-22,2024-11-05,2031,2041,95.0,93.56999969482422,66.00600006103515,-0.017052634791324017,-0.017052634791324017,0.0,-0.0030365433957133554,False,-0.0441052888569079,hold10
validation,2024-10-18,2029,delayed_open,risk_control,2024-10-22,2024-10-28,2031,2035,95.0,97.02999877929688,66.00600006103515,0.01936840820312491,-0.017052634791324017,0.03642104299444893,-0.0030365433957133554,False,-0.0441052888569079,time_failure_next_open
validation,2024-11-25,2055,auction,hold10,2024-11-26,2024-12-11,2056,2066,101.04000091552734,103.83999633789062,72.69695003509521,0.02571175175170648,0.02571175175170648,0.0,0.009776196023532968,False,-0.055522570858265397,hold10
validation,2024-11-25,2055,auction,risk_control,2024-11-26,2024-12-11,2056,2066,101.04000091552734,103.83999633789062,72.69695003509521,0.02571175175170648,0.02571175175170648,0.0,0.009776196023532968,False,-0.055522570858265397,time10
validation,2024-11-25,2055,delayed_open,hold10,2024-11-27,2024-12-12,2057,2067,100.0,104.08000183105469,72.69695003509521,0.0388000183105468,0.0388000183105468,0.0,0.02531979049452482,False,-0.011299972534179692,hold10
validation,2024-11-25,2055,delayed_open,risk_control,2024-11-27,2024-12-12,2057,2067,100.0,104.08000183105469,72.69695003509521,0.0388000183105468,0.0388000183105468,0.0,0.02531979049452482,False,-0.011299972534179692,time10
viewed_recent,2025-01-10,2085,auction,hold10,2025-01-13,2025-01-28,2086,2096,92.05000305175781,82.48999786376953,78.71564994812012,-0.1058566525914495,-0.1058566525914495,0.0,-0.0867294352440825,True,-0.17870726813976556,hold10
viewed_recent,2025-01-10,2085,auction,risk_control,2025-01-13,2025-01-22,2086,2092,92.05000305175781,110.64410366821289,78.71564994812012,0.19999999999999996,-0.1058566525914495,0.30585665259144945,-0.0867294352440825,True,-0.17870726813976556,target
viewed_recent,2025-02-13,2108,auction,hold10,2025-02-14,2025-03-03,2109,2119,86.80000305175781,68.2699966430664,83.03894998550415,-0.2154793290000483,-0.2154793290000483,0.0,-0.09640748202145222,False,-0.2200461455298166,hold10
viewed_recent,2025-02-13,2108,auction,risk_control,2025-02-14,2025-02-21,2109,2113,86.80000305175781,87.0,83.03894998550415,0.0003041122259284119,-0.2154793290000483,0.2157834412259767,-0.09640748202145222,False,-0.2200461455298166,time_failure_next_open
viewed_recent,2025-02-13,2108,delayed_open,hold10,2025-02-18,2025-03-04,2110,2120,88.0,69.56999969482422,83.03894998550415,-0.21143182164972474,-0.21143182164972474,0.0,-0.0936576172219683,False,-0.2642045454545454,hold10
viewed_recent,2025-02-13,2108,delayed_open,risk_control,2025-02-18,2025-02-24,2110,2114,88.0,83.30999755859375,83.03894998550415,-0.0552954822887074,-0.21143182164972474,0.15613633936101734,-0.0936576172219683,False,-0.2642045454545454,close_stop_next_open
viewed_recent,2025-02-13,2108,confirmed,hold10,2025-02-19,2025-03-05,2111,2121,88.20999908447266,71.83999633789062,83.03894998550415,-0.18757989929129926,-0.18757989929129926,0.0,-0.08174365319906163,False,-0.2659562331704213,hold10
viewed_recent,2025-02-13,2108,confirmed,risk_control,2025-02-19,2025-02-24,2111,2114,88.20999908447266,83.30999755859375,83.03894998550415,-0.05754927532859977,-0.18757989929129926,0.1300306239626995,-0.08174365319906163,False,-0.2659562331704213,close_stop_next_open
viewed_recent,2025-07-22,2216,auction,hold10,2025-07-23,2025-08-06,2217,2227,98.43000030517578,107.1500015258789,85.77739963531494,0.08659088889228217,0.08659088889228217,0.0,0.08855596419971534,False,-0.0023367200672608224,hold10
viewed_recent,2025-07-22,2216,auction,risk_control,2025-07-23,2025-08-06,2217,2227,98.43000030517578,107.1500015258789,85.77739963531494,0.08659088889228217,0.08659088889228217,0.0,0.08855596419971534,False,-0.0023367200672608224,time10
viewed_recent,2025-07-22,2216,delayed_open,hold10,2025-07-24,2025-08-07,2218,2228,98.27999877929688,113.81999969482422,85.77739963531494,0.15611966939910982,0.15611966939910982,0.0,0.14443537453378608,False,-0.0008140194551115032,hold10
viewed_recent,2025-07-22,2216,delayed_open,risk_control,2025-07-24,2025-08-07,2218,2228,98.27999877929688,113.81999969482422,85.77739963531494,0.15611966939910982,0.15611966939910982,0.0,0.14443537453378608,False,-0.0008140194551115032,time10
viewed_recent,2025-09-02,2245,auction,hold10,2025-09-03,2025-09-17,2246,2256,88.47000122070312,103.41000366210938,85.97914974212647,0.16687082892805583,0.16687082892805583,0.0,0.10316539372413258,True,0.017293983928857948,hold10
viewed_recent,2025-09-02,2245,auction,risk_control,2025-09-03,2025-09-10,2246,2251,88.47000122070312,106.34094146728515,85.97914974212647,0.19999999999999996,0.16687082892805583,0.03312917107194413,0.10316539372413258,True,0.017293983928857948,target
viewed_recent,2025-11-18,2300,auction,hold10,2025-11-19,2025-12-04,2301,2311,142.94000244140625,177.35000610351562,91.6302498626709,0.23873039788994466,0.23873039788994466,0.0,0.1754463903990049,True,-0.08758922665887825,hold10
viewed_recent,2025-11-18,2300,auction,risk_control,2025-11-19,2025-12-02,2301,2309,142.94000244140625,171.8138829345703,91.6302498626709,0.19999999999999996,0.23873039788994466,-0.0387303978899447,0.1754463903990049,True,-0.08758922665887825,target
viewed_recent,2025-11-18,2300,confirmed,hold10,2025-11-25,2025-12-10,2305,2315,146.1999969482422,197.4499969482422,91.6302498626709,0.348547202939707,0.348547202939707,0.0,0.23293003738834694,True,0.00547197721242787,hold10
viewed_recent,2025-11-18,2300,confirmed,risk_control,2025-11-25,2025-12-04,2305,2311,146.1999969482422,175.7323963317871,91.6302498626709,0.19999999999999996,0.348547202939707,-0.14854720293970702,0.23293003738834694,True,0.00547197721242787,target
viewed_recent,2026-01-08,2334,auction,hold10,2026-01-09,2026-01-26,2335,2345,178.05999755859375,197.75999450683594,108.50429983139038,0.10863684835646237,0.10863684835646237,0.0,0.0859721187089435,False,-0.019993247261627434,hold10
viewed_recent,2026-01-08,2334,auction,risk_control,2026-01-09,2026-01-26,2335,2345,178.05999755859375,197.75999450683594,108.50429983139038,0.10863684835646237,0.10863684835646237,0.0,0.0859721187089435,False,-0.019993247261627434,time10
viewed_recent,2026-01-08,2334,delayed_open,hold10,2026-01-12,2026-01-27,2336,2346,174.5,214.0,108.50429983139038,0.22436103151862463,0.22436103151862463,0.0,0.1704064957213809,True,0.04618909775698432,hold10
viewed_recent,2026-01-08,2334,delayed_open,risk_control,2026-01-12,2026-01-15,2336,2339,174.5,209.749,108.50429983139038,0.19999999999999996,0.22436103151862463,-0.024361031518624676,0.1704064957213809,True,0.04618909775698432,target
viewed_recent,2026-02-12,2358,auction,hold10,2026-02-13,2026-03-02,2359,2369,217.22999572753906,298.9100036621094,126.24384979248048,0.3740070411133163,0.3740070411133163,0.0,0.3792690507480746,True,-0.05827919096034562,hold10
viewed_recent,2026-02-12,2358,auction,risk_control,2026-02-13,2026-02-24,2359,2365,217.22999572753906,261.11045486450195,126.24384979248048,0.19999999999999996,0.3740070411133163,-0.17400704111331633,0.3792690507480746,True,-0.05827919096034562,target
viewed_recent,2026-02-12,2358,delayed_open,hold10,2026-02-17,2026-03-03,2360,2370,212.39999389648438,280.80999755859375,126.24384979248048,0.3200810057812422,0.3200810057812422,0.0,0.3510099972234223,True,0.02104520409205679,hold10
viewed_recent,2026-02-12,2358,delayed_open,risk_control,2026-02-17,2026-02-24,2360,2365,212.39999389648438,255.3047926635742,126.24384979248048,0.19999999999999996,0.3200810057812422,-0.12008100578124226,0.3510099972234223,True,0.02104520409205679,target
viewed_recent,2026-02-12,2358,confirmed,hold10,2026-02-19,2026-03-05,2362,2372,221.9600067138672,253.8699951171875,126.24384979248048,0.14176458568257333,0.14176458568257333,0.0,0.17645276466248683,True,0.034015081837249994,hold10
viewed_recent,2026-02-12,2358,confirmed,risk_control,2026-02-19,2026-02-25,2362,2366,221.9600067138672,266.7959280700683,126.24384979248048,0.19999999999999996,0.14176458568257333,0.058235414317426626,0.17645276466248683,True,0.034015081837249994,target
viewed_recent,2026-03-26,2387,auction,hold10,2026-03-27,2026-04-13,2388,2398,243.47999572753906,307.92999267578125,151.89999984741212,0.2627034585147747,0.2627034585147747,0.0,0.08009424986309632,True,-0.11471165256235549,hold10
viewed_recent,2026-03-26,2387,auction,risk_control,2026-03-27,2026-04-02,2388,2392,243.47999572753906,235.0,151.89999984741212,-0.03682830571850515,0.2627034585147747,-0.2995317642332799,0.08009424986309632,True,-0.11471165256235549,time_failure_next_open
viewed_recent,2026-03-26,2387,delayed_open,hold10,2026-03-30,2026-04-14,2389,2399,247.5800018310547,313.4200134277344,151.89999984741212,0.2639342883501876,0.2639342883501876,0.0,0.06896377342888416,True,-0.11059053510103878,hold10
viewed_recent,2026-03-26,2387,delayed_open,risk_control,2026-03-30,2026-04-09,2389,2396,247.5800018310547,297.5911622009277,151.89999984741212,0.19999999999999996,0.2639342883501876,-0.06393428835018766,0.06896377342888416,True,-0.11059053510103878,target
viewed_recent,2026-04-28,2409,auction,hold10,2026-04-29,2026-05-13,2410,2420,304.92999267578125,403.7099914550781,175.15325008392335,0.32194320385638586,0.32194320385638586,0.0,0.17806058774032119,True,-0.012297904732471499,hold10
viewed_recent,2026-04-28,2409,auction,risk_control,2026-04-29,2026-05-11,2410,2418,304.92999267578125,366.52585119628907,175.15325008392335,0.19999999999999996,0.32194320385638586,-0.1219432038563859,0.17806058774032119,True,-0.012297904732471499,target
viewed_recent,2026-04-28,2409,delayed_open,hold10,2026-04-30,2026-05-14,2411,2421,310.0,404.94000244140625,175.15325008392335,0.30425807239163305,0.30425807239163305,0.0,0.16037224360485713,True,-0.005903182491179382,hold10
viewed_recent,2026-04-28,2409,delayed_open,risk_control,2026-04-30,2026-05-11,2411,2418,310.0,372.62,175.15325008392335,0.19999999999999996,0.30425807239163305,-0.1042580723916331,0.16037224360485713,True,-0.005903182491179382,target
viewed_recent,2026-05-29,2431,auction,hold10,2026-06-01,2026-06-15,2432,2442,362.8999938964844,413.8399963378906,203.172600440979,0.1383692568149688,0.1383692568149688,0.0,0.07572738158231251,True,-0.07555795913840024,hold10
viewed_recent,2026-05-29,2431,auction,risk_control,2026-06-01,2026-06-03,2432,2434,362.8999938964844,436.2057926635742,203.172600440979,0.19999999999999996,0.1383692568149688,0.061630743185031145,0.07572738158231251,True,-0.07555795913840024,target
viewed_recent,2026-07-02,2454,auction,hold10,2026-07-06,2026-07-20,2455,2465,335.70001220703125,285.3999938964844,236.7944501876831,-0.15183621233688283,-0.15183621233688283,0.0,-0.07459217523340556,False,-0.2399761986535176,hold10
viewed_recent,2026-07-02,2454,auction,risk_control,2026-07-06,2026-07-10,2455,2459,335.70001220703125,321.3999938964844,236.7944501876831,-0.04459761033826781,-0.15183621233688283,0.10723860199861501,-0.07459217523340556,False,-0.2399761986535176,time_failure_next_open
viewed_recent,2026-07-02,2454,delayed_open,hold10,2026-07-07,2026-07-21,2456,2466,320.9200134277344,317.2200012207031,236.7944501876831,-0.013529390665018235,-0.013529390665018235,0.0,-0.01852914484914958,False,-0.20497323721101757,hold10
viewed_recent,2026-07-02,2454,delayed_open,risk_control,2026-07-07,2026-07-13,2456,2460,320.9200134277344,314.0,236.7944501876831,-0.023563047295872774,-0.013529390665018235,-0.010033656630854539,-0.01852914484914958,False,-0.20497323721101757,time_failure_next_open
viewed_recent,2026-08-19,2487,auction,hold10,2026-08-20,2026-09-03,2488,2498,290.0299987792969,264.4100036621094,268.2552005004883,-0.09033567294769207,-0.09033567294769207,0.0,-0.0704736834479297,False,-0.11991862540317177,hold10
viewed_recent,2026-08-19,2487,auction,risk_control,2026-08-20,2026-08-26,2488,2492,290.0299987792969,286.2300109863281,268.2552005004883,-0.015102050853230574,-0.09033567294769207,0.0752336220944615,-0.0704736834479297,False,-0.11991862540317177,time_failure_next_open
viewed_recent,2026-08-19,2487,delayed_open,hold10,2026-08-21,2026-09-04,2489,2499,296.9800109863281,281.8599853515625,268.2552005004883,-0.05291260379629281,-0.05291260379629281,0.0,-0.0466452662974115,False,-0.14051454455717294,hold10
viewed_recent,2026-08-19,2487,delayed_open,risk_control,2026-08-21,2026-09-04,2489,2499,296.9800109863281,269.69000244140625,268.2552005004883,-0.09389173525277505,-0.05291260379629281,-0.04097913145648224,-0.0466452662974115,False,-0.14051454455717294,close_stop_next_open
