symbol,group,quote_time,date,price,prev_close,day_pct,gap_pct,last_complete_date,ret5,prior_ret5,ret20,prior_ret20,ret60,prior_ret60,rsi14,prior_rsi14,rv20,prior_rv20,rvol,prior_rvol,dollar_volume20,prior_dollar_volume20,closepos,prior_closepos,ma20,ma50,ma200,atr14,h5,l5,h20,l20,day_high,day_low,day_open,prior_high,prior_low,rs20
NVDA,ai_hardware,2026-09-15T14:09:06-04:00,2026-09-15,211.875,210.9600067138672,0.4337283167486161,1.0096651290461889,2026-09-14,-0.06032832583492109,-0.08319125220101142,-0.057321521519713814,-0.06201785897344658,0.006749612665632565,0.03198668114856873,44.93726841958004,44.0664539195957,0.4525593192654701,0.4518404999402889,0.40665610962146054,1.033066840819773,28695699070.66551,28155987232.030945,0.2571930402327241,0.5286478925848073,219.243408203125,212.6831085205078,197.2494245147705,7.74074501267067,233.44878317831424,208.92999267578125,234.49759976142684,207.01835779182306,213.94000244140625,211.16000366210938,213.08999633789062,212.77000427246094,208.92999267578125,-0.03780483731012296
AMD,ai_hardware,2026-09-15T14:09:02-04:00,2026-09-15,504.51,493.4100036621094,2.2496516124786536,1.5636076043512803,2026-09-14,-0.002432041152569342,0.03316790438042938,-0.002944644731966428,-0.04078619411122708,-0.061149646705519034,-0.03721116440333516,54.20119387709846,51.52950816813377,0.5012918618374187,0.4971638021476023,0.6429018200689559,1.374936174936175,8697206176.318054,8743684422.56012,0.4332689757317686,0.7242523120493553,480.9864990234375,496.0606005859375,348.30435020446777,20.00713893345424,526.7899780273438,480.3299865722656,526.7899780273438,440.5,513.6649780273438,497.510986328125,501.125,498.3900146484375,480.3299865722656,0.016572039477624423
AVGO,ai_hardware,2026-09-15T14:09:04-04:00,2026-09-15,338.815,344.7200012207031,-1.7129840909684502,0.37711411823082575,2026-09-14,-0.08070597816969716,-0.03682590919404516,-0.13662306968129923,-0.12282752796040475,-0.17503045441690468,-0.12123801063356476,32.109276359068474,34.32565521489269,0.35889081910131376,0.3574801483385949,0.5494869697062127,1.2664492689871936,9426686777.024689,9444629293.023682,0.0963087785299775,0.1277599410827489,365.08049926757815,382.7709991455078,369.2820606994629,10.984285627092634,372.70001220703125,343.9100036621094,399.3599853515625,342.3299865722656,347.2598876953125,337.9150085449219,346.0199890136719,350.25,343.9100036621094,-0.11710638547170837
MU,ai_hardware,2026-09-15T14:08:54-04:00,2026-09-15,924.5,924.030029296875,0.05086097726527683,1.4910721150530826,2026-09-14,-0.07574031654367208,-0.09104948417101999,-0.0862367185569558,-0.04901914781311201,-0.1846116429019692,-0.11409026018848623,46.48002463106149,46.41436604087914,0.5489368316035391,0.5716005247214488,0.517445507684682,1.0360038515320267,25042118905.990295,25147950648.861084,0.15183105171223138,0.7237426591992678,960.425503540039,927.5794030761718,625.4340997314453,43.684291294642854,1042.4000244140625,902.5999755859375,1042.4000244140625,887.6099853515625,944.8900146484375,920.8499755859375,937.8079833984375,932.2100219726562,902.5999755859375,-0.06672003434736495
SNDK,ai_hardware,2026-09-15T14:09:05-04:00,2026-09-15,1519.12,1551.989990234375,-2.117925716274993,1.1417580535070915,2026-09-14,-0.12593282835171682,-0.10805172975035915,-0.1498334970069084,-0.05430470590799308,-0.30467101722522605,-0.20768330021082493,47.02813247766684,48.83790364120011,0.6940716815608995,0.7662073446022184,0.41833463306191204,0.7639149502160376,19184360853.380737,20165932537.816162,0.04875754951297772,0.6115305978175394,1597.6719909667968,1514.0113940429687,1040.2976979827881,97.72627476283482,1807.3800048828125,1505.0,1827.989990234375,1416.56005859375,1579.989990234375,1516.0,1569.7099609375,1581.8399658203125,1505.0,-0.13031681279731755
WDC,ai_hardware,2026-09-15T14:09:04-04:00,2026-09-15,413.02,426.94000244140625,-3.260414425477687,0.7097013074366831,2026-09-14,-0.13467420997961277,-0.08638798109792112,-0.22920737381779832,-0.16061899052307405,-0.4463468356385717,-0.40028218948311334,37.597564223866726,40.05004490307777,0.5743506940227959,0.613122798864863,0.6233877696984146,1.198306692342751,2770838845.4953003,2868110143.8342285,0.13807104239926882,0.5394478846110438,462.52635498046874,492.4398522949219,380.39206672668456,24.518792176713855,495.489990234375,416.0,548.4239385962262,416.0,430.0,410.29998779296875,429.9700012207031,436.2799987792969,416.0,-0.20969068960820747
STX,ai_hardware,2026-09-15T14:08:58-04:00,2026-09-15,765.24,805.5499877929688,-5.004034283339054,-0.6306271698621524,2026-09-14,-0.1538512725814487,-0.05149072154694445,-0.2307522118871398,-0.17247083973061117,-0.2844662819422772,-0.2438353541448618,40.07505617776211,44.39580250680361,0.6739257464862652,0.6688345741688181,0.8070524348231506,1.157378595528665,3009546596.0336304,3097884868.005371,0.15791918123648288,0.6914490715402433,848.0359985351563,847.9151989746093,608.0604672241211,44.02071271623884,925.4400024414062,769.0,1013.989990234375,763.52001953125,801.97998046875,758.3499755859375,800.469970703125,821.8599853515625,769.0,-0.21123552767754894
MRVL,ai_hardware,2026-09-15T14:09:03-04:00,2026-09-15,222.8,218.82000732421875,1.8188445271560605,1.462387734728865,2026-09-14,-0.011578903189514045,-0.02115855809871736,-0.04920410826271271,-0.014413101912723048,-0.2824554833985695,-0.24406305457482824,49.8411657319528,48.21310439205697,0.8452759263371995,0.8662291310781957,0.3622612166578843,0.9156718807266205,5606912707.569885,5525553982.558441,0.2806017058200576,0.49570218111757863,227.58550033569335,216.3116897583008,155.4355438232422,13.660714285714286,241.8800048828125,213.6300048828125,254.60000610351562,200.6199951171875,227.61990356445312,220.9199981689453,222.02000427246094,224.10000610351562,213.6300048828125,-0.029687424053121858
ARM,ai_hardware,2026-09-15T14:09:04-04:00,2026-09-15,244.22,239.00999450683594,2.179827971050874,1.2509960093231687,2026-09-14,-0.06618742644969577,-0.05188623912518453,-0.10024681203001773,-0.14468224871651214,-0.44427250268659,-0.42940700983399216,45.26185121433368,42.92818195944831,0.6417766677839133,0.6388515045511276,0.6830049211254355,1.7333786616198794,988081345.1111603,940066223.4462738,0.2655156194143582,0.08718101479495581,249.19000091552735,265.5501998901367,204.83197490692137,14.218431745256696,274.79998779296875,238.03199768066406,287.1499938964844,225.4600067138672,253.15499877929688,240.99000549316406,242.0,249.25,238.03199768066406,-0.08073012782042688
ALAB,ai_hardware,2026-09-15T14:09:02-04:00,2026-09-15,256.25,257.0400085449219,-0.30734847442389635,0.7625238834115589,2026-09-14,-0.11286136546534364,-0.17190717268299172,-0.19964397272376588,-0.20077105732913436,-0.38559475507717744,-0.31397455543524533,39.32989665120217,39.49377741630545,0.8111733483563978,0.8110031145595034,0.4423159581578725,1.8854336002715717,1050321743.4683228,1008099623.0673218,0.07470391622712959,0.03361873217870368,289.9290008544922,315.53129974365237,228.70299991607666,19.819645472935267,312.239990234375,256.510009765625,354.0,256.510009765625,263.55780029296875,255.66000366210938,259.0,272.2749938964844,256.510009765625,-0.18012728851417503
CRDO,ai_hardware,2026-09-15T14:08:58-04:00,2026-09-15,150.425,150.08999633789062,0.223203892358681,1.9388391852300568,2026-09-14,-0.10327867033229321,-0.12006806652355828,-0.46812460520406596,-0.42250865770443224,-0.44662101135862897,-0.39802673069568584,30.334285067612825,30.15439819487304,1.0167090951074311,1.09214302133477,0.5375930961106514,1.4884116936862748,1427508361.8946075,1391464752.7143097,0.14325359315543276,0.191146220303702,205.79650192260743,221.2631002807617,175.8873253631592,13.688787187848773,178.0,149.13999938964844,286.239990234375,149.13999938964844,154.74000549316406,149.70350646972656,153.0,154.11000061035156,149.13999938964844,-0.4486079209944751
COHR,ai_hardware,2026-09-15T14:08:57-04:00,2026-09-15,270.6,266.5,1.5384638287113006,1.7429602302708735,2026-09-14,-0.10361732567030912,-0.0544950902924517,-0.22954272204596549,-0.18208878561613562,-0.30538798928042377,-0.2965553762530956,43.732488393769415,42.50897625283612,0.8833190800205958,0.9328146549187898,0.44524386375590735,1.6081397545006724,1816540532.5646973,1827042220.3848267,0.06316178360318685,0.05184852135524289,289.62150115966796,299.1614019775391,280.2473006439209,17.809282575334823,315.70001220703125,265.489990234375,362.32000732421875,255.25,279.49951171875,270.0,271.1449890136719,284.9700012207031,265.489990234375,-0.21002603783637463
LITE,ai_hardware,2026-09-15T14:08:57-04:00,2026-09-15,838.92,835.030029296875,0.4658459548522842,0.7760176570184463,2026-09-14,-0.14267756806455356,-0.05245357510574866,-0.1341521707386797,-0.09837603808334294,-0.013035314223345584,-0.04017328209442683,46.18403228974344,45.817822390830784,0.9012339529165397,0.9195677468215805,0.4798841280744939,1.1792407473292499,3786090606.3467407,3778171352.3251343,0.16478783700294583,0.029366697617754515,898.4947570800781,828.5753015136719,702.0265754699707,61.100293840680806,1026.760009765625,833.7000122070312,1026.760009765625,784.469970703125,855.9998779296875,835.5501098632812,841.510009765625,878.989990234375,833.7000122070312,-0.11463548652908884
VRT,ai_hardware,2026-09-15T14:09:04-04:00,2026-09-15,236.76,237.38999938964844,-0.26538813110590365,2.3716268154883258,2026-09-14,-0.1857165528165019,-0.15357288898532062,-0.19017182364462115,-0.19191327949201908,-0.2889414498987096,-0.25231999315641906,38.79100822464071,38.97442955029868,0.6879262829621702,0.687641226657732,0.6242615330983461,2.279617345683729,1347524561.588211,1264611453.9930725,0.0812253655461564,0.727715633988845,263.4628173828125,277.4029541015625,259.64859649658206,14.853523405710163,295.2676017691399,226.94000244140625,300.226372764736,226.94000244140625,245.3000030517578,236.0050048828125,243.02000427246094,241.3000030517578,226.94000244140625,-0.1706551394350303
DELL,ai_hardware,2026-09-15T14:09:00-04:00,2026-09-15,548.682,534.280029296875,2.695677365906124,1.360701897404093,2026-09-14,0.027726249529843594,0.019346003672775947,0.14354118903114998,0.0885679426957715,0.342098102924832,0.2762637223248072,61.2696768275834,59.27403745009696,0.8812252907817315,0.8838229171644523,0.8418120947139811,1.0355035783254423,4468378900.318146,4322061776.084442,0.32633976050835917,0.4124291929564721,481.54700164794923,451.5439892578125,263.1919413757324,33.914280482700896,567.75,506.25,567.75,421.8900146484375,568.6699829101562,539.0,541.5499877929688,546.2899780273438,525.8499755859375,0.16305787324074084
HPE,ai_hardware,2026-09-15T14:09:05-04:00,2026-09-15,56.175,55.40999984741211,1.3806161193919753,0.6045823594931887,2026-09-14,0.002587907565995584,0.06557692014254046,-0.024908893561670475,-0.05620847025244313,0.18487659603160456,0.14958504087859592,53.16352180880666,52.079476376178505,0.8285071124877937,0.828780860211962,0.5629344595305628,1.328408469486631,1335042914.8379517,1283259055.1871872,0.26529497320379447,0.122548964609349,54.481000137329104,51.39160026550293,34.05773900032043,3.77142824445452,62.150001525878906,51.79999923706055,62.150001525878906,45.70000076293945,57.73970031738281,55.61000061035156,55.744998931884766,57.20000076293945,55.15999984741211,-0.005392209352079624
SMCI,ai_hardware,2026-09-15T14:09:04-04:00,2026-09-15,36.24,36.7400016784668,-1.3611948121365458,0.0,2026-09-14,-0.09985344777678273,-0.07198783690670929,-0.05329415263094539,-0.07781120638172812,0.1819927874102547,0.32253422499476647,49.42427878588918,50.706533464874596,0.6731676232099139,0.6851732716272106,0.42414664798194945,0.9915352497133694,1477633383.2315254,1527944929.9615097,0.19383205088769345,0.20930299609436512,37.721499824523924,32.71519989013672,31.506799936294556,2.2621427263532365,41.529998779296875,36.380001068115234,41.529998779296875,34.09000015258789,37.549598693847656,35.92499923706055,36.7400016784668,38.099998474121094,36.380001068115234,-0.03377746842135454
ANET,ai_hardware,2026-09-15T14:08:38-04:00,2026-09-15,192.355,187.80999755859375,2.4199979916017744,2.1697444232013474,2026-09-14,-0.013361771115197874,-0.030808139427756842,-0.046803801691699065,-0.05537676974164285,0.13370070020278813,0.13872555568343437,51.135020626209155,47.86037189427946,0.4956758664701522,0.49032444654120827,0.4294587088531415,1.130316724954205,977316864.7283173,970833311.6448212,0.3834547934371192,0.3403400620738532,192.60949935913087,185.85320068359374,153.7246998977661,7.695142473493304,200.6750030517578,186.11000061035156,206.1300048828125,181.27000427246094,194.6864013671875,190.90499877929688,191.88499450683594,191.10499572753906,186.11000061035156,-0.027287117482108214
TSM,ai_hardware,2026-09-15T14:09:02-04:00,2026-09-15,414.47,418.010009765625,-0.8468717165186379,0.9401671213530971,2026-09-14,-0.05587699038564209,-0.02541324241313636,-0.03828572743639813,-0.019561384352052125,-0.10311173374872251,-0.03272008406934379,45.894602444740855,47.74203621701457,0.3019764358728188,0.30417580448541864,0.5505298014274105,1.5442597833122091,4071609840.574188,3907730861.8759155,0.20447395447395447,0.23696675609809012,421.29199981689453,418.61179931640623,375.665090637207,10.128566196986608,444.2900085449219,416.010009765625,444.2900085449219,405.1499938964844,421.94000244140625,412.54998779296875,421.94000244140625,424.45001220703125,416.010009765625,-0.01876904322680728
AMAT,ai_hardware,2026-09-15T14:09:06-04:00,2026-09-15,419.8,424.2099914550781,-1.0395803377904134,1.329533665412197,2026-09-14,-0.11207940056736265,-0.0670757198503591,-0.2149429909380628,-0.16269646843223173,-0.3190048841922667,-0.28377583361294245,33.907335193119394,34.740703735864855,0.427022067406764,0.48731235612988244,0.4650398341358184,1.2046414716584193,3047569431.3134766,3209706911.3464355,0.23030168517375393,0.3570862930963159,471.3189453125,512.8969244384766,412.0103342437744,16.722143990652903,474.0400085449219,419.6000061035156,539.233413657786,419.6000061035156,429.9599914550781,416.760009765625,429.8500061035156,432.510009765625,419.6000061035156,-0.19542630672847194
LRCX,ai_hardware,2026-09-15T14:09:05-04:00,2026-09-15,268.32,273.489990234375,-1.8903737229014062,1.7112228456144685,2026-09-14,-0.16259910093058516,-0.11103528145559871,-0.2196370108713548,-0.1771272045728255,-0.31030227886385564,-0.26909509971756274,35.82564373218585,37.24028402462535,0.5713198951034308,0.5936756293921316,0.5966196507418501,1.7961071902640329,2426155722.3028564,2362628288.939209,0.22467715993715195,0.03591942683258355,307.39750213623046,312.68339965820314,264.5991721343994,13.082140241350446,322.2099914550781,273.239990234375,345.2799987792969,273.239990234375,278.5,265.3699951171875,278.1700134277344,280.20001220703125,273.239990234375,-0.20012032666176394
KLAC,ai_hardware,2026-09-15T14:09:05-04:00,2026-09-15,167.44,169.08999633789062,-0.9758081094207394,1.6854965788871912,2026-09-14,-0.11398028242728919,-0.08895479107051751,-0.1862363583225921,-0.16905011659862113,-0.35417919267013986,-0.290909770353319,37.03450639618196,37.91519308749845,0.4881799555778542,0.49406422311726866,0.43451226855336444,1.328613052616717,1697311436.4299774,1670424555.9845734,0.24592934253166068,0.278386701916574,182.082999420166,196.98727508544923,172.86174938201904,7.462855747767857,190.8699951171875,167.57000732421875,209.10000610351562,167.0500030517578,172.07000732421875,165.92999267578125,171.94000244140625,173.02999877929688,167.57000732421875,-0.16671967411300126
MSFT,cloud_software,2026-09-15T14:09:06-04:00,2026-09-15,497.75,505.4100036621094,-1.5156019086694728,-1.0700202731975694,2026-09-14,0.007693061441561566,0.011426838734421407,0.03817425938545438,0.022126470389467467,0.31440969523368834,0.3363634008895331,56.393035480024984,61.58017225795377,0.204077407056417,0.22757527628110727,0.3901991450515275,1.1091876750834955,10476805539.711914,10295525047.538452,0.020434288229468512,0.6892536883199893,494.79862518310546,455.42808532714844,429.8259422302246,10.4764404296875,509.95001220703125,486.0,517.780029296875,476.2534434403709,505.8999938964844,497.5799865722656,500.00201416015625,509.95001220703125,495.3399963378906,0.05769094359504523
AMZN,cloud_software,2026-09-15T14:09:06-04:00,2026-09-15,248.62,253.5399932861328,-1.9405215347595428,-0.45949093515122996,2026-09-14,-0.032494089052613084,-0.01922562489552415,-0.04856301924904638,-0.034684945067777195,0.01730838306846949,0.06753681383634857,41.57382280570495,45.842452004740984,0.2698355937152248,0.26245424270128453,0.5996798828394104,1.0734784356917932,8360142241.318054,8283295369.163361,0.06438470560061894,0.5374265614657834,258.5049987792969,255.47019927978516,239.9339998626709,5.725714547293527,257.989990234375,249.5800018310547,267.55999755859375,249.5800018310547,253.27000427246094,248.3000030517578,252.375,255.9499969482422,250.74000549316406,-0.02904633503945553
GOOGL,cloud_software,2026-09-15T14:09:04-04:00,2026-09-15,343.535,349.3900146484375,-1.6757808583108935,-0.7470207389203343,2026-09-14,0.015294415813293938,0.03229339794747954,-0.000709812230874296,0.010738957744961919,-0.06595703899647021,-0.038965957733282264,50.65418210714965,55.27304228444888,0.2330412023389621,0.22549334847916086,0.4473980884566376,1.5648537171603272,8124753348.155518,7806296783.456116,0.15549203246118523,0.9330772523929036,341.07594146728513,346.7719738769531,336.53914810180663,7.483233154239762,349.9100036621094,327.739990234375,351.3741604480826,327.739990234375,348.07000732421875,342.70001220703125,346.7799987792969,349.9100036621094,342.1400146484375,0.018806871978716555
META,cloud_software,2026-09-15T14:09:05-04:00,2026-09-15,668.145,665.5999755859375,0.3823683952320023,-0.9465126238057286,2026-09-14,0.0891064758473965,0.07917044361494519,0.1743062972296514,0.1284224856070435,0.15752235446283525,0.17269804352639473,71.2569851966816,70.76686758390142,0.3387850162806772,0.3731626122116226,0.6295190341329302,1.0784875257813185,10957644384.982605,10573625728.851624,0.526908527966615,0.8452012773918027,590.2545013427734,602.5561962890625,622.8489862060546,21.714285714285715,668.5999755859375,609.739990234375,668.5999755859375,537.27001953125,678.8699951171875,656.2000122070312,659.2999877929688,668.5999755859375,649.219970703125,0.19382298143924226
ORCL,cloud_software,2026-09-15T14:09:05-04:00,2026-09-15,142.37,144.7899932861328,-1.6713849583257723,-0.9185624932223857,2026-09-14,-0.12398479341344604,-0.08810936894268451,-0.029185127565146685,-0.03806810273507599,-0.22477996190850313,-0.2083380923089142,44.4877257195293,46.41194901139907,0.4836470858372518,0.48859786540064076,0.695268499710554,1.5733115923673644,4164219500.385895,4024662232.981186,0.4384767158452411,0.8749982339394453,149.09149932861328,140.73007247924804,166.54962543487548,7.780714852469308,170.6999969482422,141.00999450683594,170.6999969482422,137.42999267578125,144.8800048828125,140.41000366210938,143.4600067138672,145.3300018310547,141.00999450683594,-0.009668443355555834
PLTR,cloud_software,2026-09-15T14:09:06-04:00,2026-09-15,173.625,173.30999755859375,0.18175664753543597,-1.7742755706880553,2026-09-14,0.01952435049124257,-0.005850996740362824,0.006230060441782426,-0.004194413673292319,0.3514828236182821,0.32672426762954854,53.94462405495134,53.71431233000846,0.5185167090072649,0.5194325792398268,0.571095994157302,1.016944534061558,5087007663.638153,5044176412.262878,0.5847343709595727,0.8677578427076847,175.51849975585938,154.80699905395508,151.57507480621337,7.585715157645089,175.82000732421875,164.5500030517578,188.3699951171875,164.5500030517578,176.58999633789062,169.4499969482422,170.23500061035156,174.36000061035156,166.4199981689453,0.025746744651373277
NET,cloud_software,2026-09-15T14:08:46-04:00,2026-09-15,331.14,330.3599853515625,0.23611494474578,-2.494245852931054,2026-09-14,0.16475564145848054,0.18442553222218216,0.078596801782566,0.046171342797603154,0.4779077847746622,0.45616428995345215,62.522081367808354,62.32005202731477,0.7339499485374306,0.7426812915264187,0.5821576485322948,1.472945757699436,909308200.9178162,884364931.3578796,0.7546155411167337,0.834374228865092,294.8260009765625,286.85859954833984,225.25630004882814,17.367074148995535,334.6000061035156,271.7200012207031,334.6000061035156,269.29998779296875,334.59991455078125,320.5,322.1199951171875,334.6000061035156,309.0,0.09811348599215686
SNOW,cloud_software,2026-09-15T14:08:47-04:00,2026-09-15,321.31,332.3500061035156,-3.3218018180157016,-2.2446190215367645,2026-09-14,-0.042295089244131945,-0.014324653529813491,-0.02665774494399764,0.010428044922036417,0.3832278911937754,0.41714992345556,49.741990786597825,55.140675534201556,0.6914050345777574,0.6808011426814401,0.4556375430511071,0.897488539210979,1800678974.644165,1763797119.270935,0.27656794425087106,0.7635125700761675,327.7779968261719,304.9533984375,221.09634979248048,18.178782871791295,341.45001220703125,319.0,384.55999755859375,303.8900146484375,328.6600036621094,318.5000915527344,324.8900146484375,336.4849853515625,319.0,-0.00714106073440679
DDOG,cloud_software,2026-09-15T14:08:49-04:00,2026-09-15,229.67,230.0500030517578,-0.16518360259574205,-2.6037377101416403,2026-09-14,0.09247016523084906,0.0804020615453851,-0.0713650680599226,-0.09946763874695397,0.029910305690337813,0.015090668028329812,48.95125736989524,49.14835634505876,0.5782725470413766,0.5870497174321028,0.4695981131127529,0.7741157780873424,836667621.5074158,859704510.6983948,0.6429751921580287,0.7196301169625057,227.88149948120116,245.93340057373047,177.7693251800537,12.002499171665736,233.68499755859375,203.24000549316406,254.3300018310547,203.24000549316406,232.78500366210938,224.0601043701172,224.0601043701172,233.68499755859375,220.72000122070312,-0.05184838385033175
CRM,cloud_software,2026-09-15T14:09:06-04:00,2026-09-15,258.72,259.42999267578125,-0.27367362106255344,-0.9790610565672098,2026-09-14,0.03853567072767383,0.0007714449754185893,0.3547677623026333,0.322205717336872,0.7045724291835553,0.6735259032751078,69.1313684636459,69.75681441977217,0.7866047348251712,0.7986055004755451,0.30912025894935946,0.7863273888340625,3984584987.6124573,3901432381.118622,0.43822974267530423,0.9135943971366893,233.79449844360352,200.47299987792968,200.6220616912842,12.408570425851005,260.17999267578125,241.75,268.2699890136719,189.91000366210938,262.3349914550781,255.89999389648438,256.8900146484375,260.17999267578125,251.5,0.37428444651222414
NOW,cloud_software,2026-09-15T14:09:01-04:00,2026-09-15,143.88,142.35000610351562,1.074814691742465,-2.2479888091499145,2026-09-14,0.07205124569855315,0.0077163502694808095,0.2224299797227931,0.14798392018964224,0.513888925681879,0.4908881556211049,61.46628081377971,60.41984699487389,0.6406388200444071,0.6775558969194546,0.5851944428349208,1.042905898393872,2266227011.863365,2235401934.795952,0.5700941909630866,0.858824072483132,133.6219997406006,120.25300003051758,117.87587005615234,7.132855551583426,143.19000244140625,130.38999938964844,149.60000610351562,117.58999633789062,147.55999755859375,139.0,139.14999389648438,143.19000244140625,137.24000549316406,0.24194666393238395
ADBE,cloud_software,2026-09-15T14:08:59-04:00,2026-09-15,262.5,265.6000061035156,-1.1669871050596359,-1.4683711622221818,2026-09-14,0.020370358068474426,-0.00341451963815409,0.03330379160256025,0.005984460099958344,0.34505269192211485,0.353168981838869,48.844338418096065,50.559427803858966,0.4754279036079827,0.49455579001320943,0.5215587473510713,1.154294872312425,1370508993.0296326,1332534690.004425,0.7276723944603589,0.9470339120033621,271.56000061035155,253.52579864501953,266.33914993286135,11.034285409109932,266.1000061035156,241.50999450683594,294.5299987792969,241.50999450683594,264.464599609375,257.2522888183594,261.70001220703125,266.1000061035156,256.6600036621094,0.0528204758121511
CRWD,cybersecurity,2026-09-15T14:09:06-04:00,2026-09-15,243.455,235.3800048828125,3.4306214549797653,-1.1079962846813673,2026-09-14,0.15919910902972,0.10455184486702507,0.13817208404818038,0.08495048718054221,0.42192569014573533,0.3785873100035506,64.884857259937,62.262811080534696,1.0060036046717176,1.0031505992165464,1.019151923939684,2.437026055311623,2405323423.874817,2180712743.6164093,0.9557713468875657,0.828902590396251,208.43500061035155,203.41059967041016,144.66727493286132,15.201358250209264,239.3699951171875,204.27000427246094,239.3699951171875,181.24000549316406,243.97999572753906,232.11000061035156,232.77200317382812,239.3699951171875,216.0500030517578,0.15768876825777123
PANW,cybersecurity,2026-09-15T14:08:55-04:00,2026-09-15,378.03,373.94000244140625,1.0937573704839165,-1.55372453352437,2026-09-14,0.12181727833890488,0.12206682915358091,0.006041060662862252,-0.02688210598693952,0.3136076182598575,0.32541734650566,58.787617066391086,57.70620995408938,0.8075062906470305,0.8103581463055944,0.6219587853689845,1.9825698353524401,2280119262.6672363,2139146951.8592834,0.8231258583897392,0.8784875379281313,352.7350021362305,350.06099975585937,236.87900016784667,22.005713326590403,378.6000061035156,325.32000732421875,387.3299865722656,321.3900146484375,380.443115234375,366.79998779296875,368.1300048828125,378.6000061035156,340.25,0.025557744872453103
ZS,cybersecurity,2026-09-15T14:09:05-04:00,2026-09-15,195.765,191.72999572753906,2.1045239409713368,-1.6846585299720607,2026-09-14,0.20887363491599853,0.1291518980073083,0.06140206461903497,0.044280987765543234,0.568001616197269,0.5414857691056132,63.16596264254716,61.46343045117251,0.8235298583925491,0.8208743576523169,0.7268144439377756,2.5121011047929866,578205021.016159,526538793.21403503,0.919017823145192,0.9006650194444937,176.63149871826172,163.8201998901367,169.59132484436034,10.941786629813057,194.1199951171875,159.1999969482422,194.1199951171875,159.1999969482422,196.44000244140625,188.10479736328125,188.5,194.1199951171875,170.05999755859375,0.08091874882862582
FTNT,cybersecurity,2026-09-15T14:08:57-04:00,2026-09-15,173.53,170.17999267578125,1.9685076082344821,-0.4935928863805672,2026-09-14,0.10198766389850178,0.08887324836094201,0.11344236113817141,0.0635585183306211,0.1989912519998629,0.18065764809489027,62.16296485892315,59.88350413991249,0.5944750034549247,0.6022484848860179,0.5761103753491579,1.4577857980513684,675231614.130249,647670930.7657623,0.9668859664959931,0.9291624086156749,158.63699951171876,159.26059967041016,112.07154983520508,7.8635711669921875,170.9499969482422,152.0,173.88999938964844,148.25,173.73989868164062,167.4011993408203,169.33999633789062,170.9499969482422,160.0800018310547,0.13295904534776226
S,cybersecurity,2026-09-15T14:09:02-04:00,2026-09-15,23.485,22.610000610351562,3.869968935778778,-1.5037600327716394,2026-09-14,0.2086979022895643,0.1373240223758485,0.07630618418029989,-0.02163565498895037,0.5635818837949786,0.5277027242544183,64.44480352874382,61.115211369726765,0.7849603480963614,0.8025382003387436,0.6388904389164566,1.9786734018067191,184789491.1222744,173547948.16458702,0.9050401186092906,0.8290768357948997,20.838999938964843,20.14979976654053,16.13194993495941,1.251142910548619,23.045000076293945,19.06999969482422,23.045000076293945,19.06999969482422,23.625,22.150699615478516,22.270000457763672,23.045000076293945,20.5,0.09582286838989074
OKTA,cybersecurity,2026-09-15T14:08:46-04:00,2026-09-15,189.27,186.4499969482422,1.5124737840578106,-1.796723464498906,2026-09-14,0.1293296512060902,0.0929073287084714,0.3213487644099091,0.26466802015157986,0.6065699702465912,0.6495620539844975,68.93395296546082,67.82513065586883,1.0709535201796012,1.081622372715354,0.5628427804508833,1.6407286498582907,688366641.5142059,644738873.8096619,0.6974416508675779,0.832333319511262,157.04225006103516,149.75210083007812,104.18687522888183,11.353287288120814,189.72000122070312,165.74000549316406,189.72000122070312,127.5999984741211,191.99000549316406,183.0,183.10000610351562,189.72000122070312,170.2169952392578,0.34086544861949997
CRWV,high_beta,2026-09-15T14:08:57-04:00,2026-09-15,81.6,82.9800033569336,-1.6630571547177286,-0.7110194545875026,2026-09-14,-0.18261046802127456,-0.07139656680663564,-0.2301886936403671,-0.2116663340977466,-0.3081814278475301,-0.27974998683845,43.37107819307202,44.54470820091014,0.7876935571030359,0.7907317533293963,0.4112704716530669,1.1543830478621675,2044253069.1921616,2109932874.8120117,0.13904680524553573,0.23376672274769286,88.92150077819824,85.55340042114258,91.92872505187988,5.433713095528739,104.58999633789062,82.08000183105469,109.9000015258789,79.02999877929688,83.86000061035156,81.23500061035156,82.38999938964844,85.93000030517578,82.08000183105469,-0.21067200943077624
NBIS,high_beta,2026-09-15T14:09:07-04:00,2026-09-15,209.47,212.19000244140625,-1.2818705826888488,-0.4807032662825894,2026-09-14,-0.1410939928373539,-0.06272360522340048,-0.22086666741584282,-0.23584698920257108,-0.26935017113645376,-0.2446335136692479,46.33282271047042,47.231965308319566,0.7475377018987399,0.7508524935956009,0.34236428904331856,0.7576985334768859,3895356350.1722717,4153148508.9726257,0.11705693881196623,0.5385113754429489,222.5470001220703,211.61120025634764,158.30667541503905,13.905502319335938,254.74000549316406,203.8699951171875,280.8299865722656,194.8000030517578,216.5594940185547,208.5301055908203,211.1699981689453,219.32000732421875,203.8699951171875,-0.20134998320625197
IREN,high_beta,2026-09-15T14:09:03-04:00,2026-09-15,41.35,43.16999816894531,-4.215651552441358,-1.4361801208756297,2026-09-14,-0.1188983336446543,-0.03379592940726883,-0.07906235933835315,-0.020199799741386748,-0.3103718795476873,-0.2570986454050196,48.96255554525294,52.68830598685582,0.858620189326364,0.8494569106472234,0.43619145792839537,0.8250661606995158,1745089586.680603,1761953914.6292305,0.13072102864583332,0.5415853798908569,41.73025016784668,40.26270000457764,45.63027503967285,2.942213603428432,49.290000915527344,41.77000045776367,49.290000915527344,34.810001373291016,42.97999954223633,41.10499954223633,42.54999923706055,44.35499954223633,41.77000045776367,-0.0595456751287623
CORZ,high_beta,2026-09-15T14:09:03-04:00,2026-09-15,16.215,16.959999084472656,-4.392682618519905,-0.4716976888241464,2026-09-14,-0.1342765323606704,-0.051984367630213635,-0.1944858008642668,-0.15956398275560268,-0.44393003300969014,-0.4023960681465174,38.21207889539508,41.31793455048949,0.622749196903391,0.6100115639034893,0.46674154505694365,0.9030042902979952,196783241.2105751,198577594.52474594,0.08125055134217547,0.1294939349031231,17.740499877929686,20.15469997406006,19.756649985313416,0.9978571619306292,19.100000381469727,16.8700008392334,20.5,15.609999656677246,16.950000762939453,16.149999618530273,16.8799991607666,17.565000534057617,16.8700008392334,-0.17496911665467596
APLD,high_beta,2026-09-15T14:09:06-04:00,2026-09-15,23.72,24.579999923706055,-3.4987819895074046,-1.1716847343590242,2026-09-14,-0.16213353017225496,-0.06788019941448664,-0.23925596275837602,-0.2121795088895282,-0.490877887193204,-0.4606100485337985,38.41106586866679,40.59429429840331,0.7747240092799045,0.7715265474164422,0.5673769320830514,0.9912160721367538,401103919.32561874,410965951.4721298,0.052087969733579195,0.17937261154123801,26.914500045776368,28.260300064086913,32.300900020599364,1.619499887738909,29.149999618530273,24.3799991607666,31.850000381469727,23.829999923706055,24.629899978637695,23.670000076293945,24.29199981689453,25.4950008392334,24.3799991607666,-0.21973927854878517
WULF,high_beta,2026-09-15T14:09:06-04:00,2026-09-15,14.665,15.470000267028809,-5.203621792376289,-0.5171294267948934,2026-09-14,-0.17889140757625333,-0.06299212280044064,-0.16676138386376593,-0.10989637433639243,-0.49396134598001584,-0.4447236206706747,40.85948153623297,44.05154384393488,0.8925407314425351,0.879736020914475,0.5670059303971905,1.183285539766378,477715622.603364,477664448.5314894,0.12499974084939203,0.22972960782115273,16.05499997138977,17.680799922943116,17.989850001335142,1.0850000381469727,18.079999923706055,15.300000190734863,18.079999923706055,14.239999771118164,15.470000267028809,14.550000190734863,15.390000343322754,16.040000915527344,15.300000190734863,-0.14724469965417508
CIFR,high_beta,2026-09-15T14:09:06-04:00,2026-09-15,15.065,15.635000228881836,-3.645670867631956,-0.22385575247677592,2026-09-14,-0.1861156459157236,-0.11865837482497599,-0.1856756983576594,-0.12433488492133771,-0.48372174699014114,-0.4066413661277617,42.84139664986532,44.5348668096025,1.1275408639403592,1.134039332690928,0.4848466843691337,1.001382775958672,567906278.0680656,574713301.9467735,0.14814725857564895,0.22169880070895825,16.366249990463256,18.75939992904663,18.423800020217897,1.3895713942391532,19.489999771118164,15.279999732971191,19.489999771118164,14.180000305175781,15.640000343322754,14.96500015258789,15.600000381469727,16.459999084472656,15.399999618530273,-0.16615901414806855
HUT,high_beta,2026-09-15T14:09:04-04:00,2026-09-15,87.155,91.12999725341797,-4.361899038652728,-1.2290081761694438,2026-09-14,-0.12398230323979731,-0.02581646226734402,-0.010052273137520884,0.06659637932376983,-0.2996223314899513,-0.23342867295702385,47.60556974387561,50.51270822285958,0.9880367946014315,0.9793186574498207,0.35552636482775263,1.2878404020719012,424889976.2748718,420072076.8667221,0.2044969261910091,0.4962256111429402,86.56474914550782,94.12669952392578,76.58197486877441,7.253284454345703,101.83000183105469,88.5,101.83000183105469,75.30999755859375,90.87000274658203,86.19999694824219,90.01000213623047,93.80000305175781,88.5,0.009464411072069967
CLSK,high_beta,2026-09-15T14:08:45-04:00,2026-09-15,12.59,13.270000457763672,-5.128108568522682,-1.5071647026390411,2026-09-14,-0.0660607674503304,0.04570535039866819,0.015282323753674554,0.09760134741794846,-0.26975054556920364,-0.2091775974523825,49.18233983140943,53.555790279831484,0.8927157184134275,0.873549361819608,0.4849636993247624,1.007858501281644,227581845.5806923,227297144.25819397,0.13458711636118015,0.6478875005148943,12.38149995803833,12.93939998626709,12.598824996948242,0.9193569592067173,14.029999732971191,12.529999732971191,14.029999732971191,10.770000457763672,13.164999961853027,12.5,13.069999694824219,13.645000457763672,12.579999923706055,0.034799007963265405
ASTS,high_beta,2026-09-15T14:09:05-04:00,2026-09-15,59.47,60.0,-0.8833312988281272,-0.8666674296061161,2026-09-14,-0.10057473154328733,-0.03707272223366043,-0.16404270830853296,-0.15469150236185536,-0.2627076801306967,-0.297670610023808,43.817237497619075,44.56448472799437,0.7676591547892839,0.7686906093101721,0.47300780098600376,0.7293690267031673,590709433.4085274,596266574.346447,0.562638306347833,0.7146596231238579,62.6064998626709,64.53479957580566,81.57947486877441,3.718571254185268,67.19999694824219,57.27000045776367,74.45999908447266,55.70000076293945,60.7599983215332,57.81050109863281,59.47999954223633,61.09000015258789,57.27000045776367,-0.1445260240989421
RKLB,high_beta,2026-09-15T14:09:06-04:00,2026-09-15,63.958,62.54999923706055,2.251000740557463,1.8065564858483985,2026-09-14,-0.02902690881663539,-0.026610688489314582,-0.22078461554191664,-0.2205607571705851,-0.4035993896199681,-0.42072608545585777,40.80461732389188,37.1550531618174,0.41328166439054803,0.4136029862147562,0.9047885945327526,0.8755137852679762,1110245001.5681267,1120939456.867981,0.5237836015477357,0.7120417872212377,67.49600009918213,71.54880004882813,80.01242515563965,2.7714285169328963,67.69999694824219,60.5099983215332,85.55000305175781,60.5099983215332,65.72000122070312,62.02000045776367,63.68000030517578,63.375,60.5099983215332,-0.2012679313323258
IONQ,high_beta,2026-09-15T14:09:06-04:00,2026-09-15,37.315,37.5,-0.4933369954427058,-3.2666625976562447,2026-09-14,-0.07795904370717299,-0.05111337131492477,-0.20335186795153448,-0.18936443232544564,-0.3401414831097952,-0.3143170425737384,42.82117365788016,43.24171857517247,0.715175580191094,0.7199014819826385,0.4596223961144091,0.9820728577069008,746782348.5847092,754609882.5628853,0.5552628725851981,0.702246920115341,40.42399997711182,39.867599906921384,44.035,2.3498567853655135,44.43000030517578,35.0,47.209999084472656,35.0,38.15999984741211,36.2599983215332,36.275001525878906,38.560001373291016,35.0,-0.18383518374194363
OKLO,high_beta,2026-09-15T14:09:05-04:00,2026-09-15,36.21,36.209999084472656,0.0,-0.5799477762558292,2026-09-14,-0.16393447387874904,-0.12260725265727812,-0.17479493611990526,-0.1840919735694262,-0.4080431556583618,-0.3843930759547606,38.64180429337828,38.64180429337828,0.7981915719752467,0.7973958704936783,0.4695091842357747,1.191456193427936,403108609.8871231,399873566.69589996,0.7833316908952771,0.7011485013066431,40.90399990081787,42.83840019226074,63.51434986114502,2.840714318411691,44.779998779296875,34.380001068115234,46.20000076293945,34.380001068115234,36.470001220703125,35.27000045776367,36.0,36.9900016784668,34.380001068115234,-0.1552782519103144
SMR,high_beta,2026-09-15T14:09:06-04:00,2026-09-15,8.505,8.510000228881836,-0.05875574978186915,-1.7038831241338759,2026-09-14,-0.23926655793528662,-0.12268037152399225,-0.07453748609570798,-0.09371672867580749,-0.27555363881997175,-0.1769825818859435,42.36254637063026,42.39588407707867,1.043189419051811,1.0449616858801385,0.5567016970032862,1.011400736651218,345841374.64846134,346822520.7366514,0.6162794308120864,0.4867262163977814,9.478000068664551,9.086400089263917,12.760250005722046,0.7646429198128837,11.369999885559082,8.234999656677246,11.369999885559082,8.234999656677246,8.670000076293945,8.239999771118164,8.364999771118164,8.800000190734863,8.234999656677246,-0.05502080188611713
TSLA,high_beta,2026-09-15T14:09:06-04:00,2026-09-15,357.32,358.9700012207031,-0.45964673673940526,-0.06824946829940837,2026-09-14,-0.029443709881748492,0.01381048021317488,0.05310940223860339,0.0487919266750676,-0.10779291358790832,-0.09437913921306251,50.74923637300821,51.50366788079792,0.5097393983581477,0.5107160793123788,0.5677311923082313,0.8194160236719341,13918260675.308228,14114290136.471252,0.34654142968399687,0.18054183676382426,355.9649993896484,353.8085986328125,398.63144973754885,13.965711321149554,375.44000244140625,355.75,384.0400085449219,331.1199951171875,362.3900146484375,354.63128662109375,358.7250061035156,367.7300109863281,357.0400085449219,0.07262608644819424
XOM,energy_power,2026-09-15T14:09:00-04:00,2026-09-15,169.27,165.0800018310547,2.5381647655264405,0.16961399090813511,2026-09-14,0.05359143790672127,0.03517903409674794,0.0483710964563151,0.0377820722330533,0.23623867933401477,0.18053802204382996,65.770264348421,59.76836302363833,0.24127026709566946,0.23107616586357588,0.4582699296793142,1.0053479483427057,2284298332.4287415,2251121797.374649,0.9186198027414784,0.1922380482301509,162.58000106811522,155.14689392089844,144.30583335876466,3.578570774623326,169.4499969482422,158.75,169.4499969482422,155.32000732421875,169.63499450683594,165.14999389648438,165.36000061035156,169.4499969482422,164.0399932861328,0.06788778066590595
CVX,energy_power,2026-09-15T14:08:59-04:00,2026-09-15,216.83,212.1699981689453,2.1963537268821387,0.3369921968521261,2026-09-14,0.033508096649372154,0.017114055421734387,0.07904448685142018,0.07010820005631913,0.25970350074570714,0.20521251437524324,70.14690904185264,65.04431477281395,0.18851590777030658,0.18015577298909977,0.5567809868013562,1.2073360554039116,1622595469.9839783,1602341259.8414612,0.927439250137537,0.14106510347532641,206.90081634521485,194.55527252197265,179.86528411865234,4.323570251464844,217.64999389648438,209.17999267578125,217.64999389648438,197.82000732421875,217.14999389648438,212.74000549316406,212.88499450683594,217.64999389648438,211.27000427246094,0.09856117106101103
COP,energy_power,2026-09-15T14:09:07-04:00,2026-09-15,141.37,136.6699981689453,3.438938326780594,0.6585272315295487,2026-09-14,0.046875015889864535,0.01795027380242198,0.108262761233201,0.0851993314193007,0.320892047494278,0.23713305954763064,72.39506467922806,65.58973751594296,0.22925621206907118,0.20527173762957945,0.5914894250049522,1.0381889909747735,852739704.7920227,843437023.4510803,0.952795424751862,0.1644547518729434,133.58899993896483,122.91756622314453,112.62199150085449,2.9864283970424106,139.82000732421875,134.13999938964844,139.82000732421875,125.13999938964844,141.6199951171875,136.3238983154297,137.57000732421875,139.82000732421875,136.0500030517578,0.12777944544279185
EOG,energy_power,2026-09-15T14:09:02-04:00,2026-09-15,154.055,148.5399932861328,3.712804388663793,0.8751872293770946,2026-09-14,0.059816951217118275,0.023073150963534905,0.05408825938710504,0.04158188521423245,0.1940168522317003,0.1230197477256314,65.529357754894,56.75913157199387,0.239251327785205,0.21983634238347108,0.6446626826632911,1.2886627634829073,421592749.3217468,408759151.2319946,0.9854302953318513,0.2851220388784151,147.42250137329103,142.99385162353516,128.3361432647705,3.392858232770647,152.0,144.33999633789062,153.6699981689453,142.30999755859375,154.125,149.32000732421875,149.83999633789062,152.0,147.16000366210938,0.0736049435966959
SLB,energy_power,2026-09-15T14:09:06-04:00,2026-09-15,54.26,53.31999969482422,1.7629381697093827,0.8814726620276936,2026-09-14,-0.04973730697865142,-0.07285687270034469,0.012653818347246437,-0.003223767365028385,0.13415541383153062,0.06490474647871447,49.00164995516572,45.375784767512236,0.3893301582266658,0.38426865517882197,0.487318021582303,0.7943151757404061,705293909.0651131,705502681.5944672,0.8417256710027993,0.07958463349859292,55.38553943634033,51.55705429077148,49.08238561630249,2.2520793634469265,59.25,53.09000015258789,60.14791054175784,51.71168558674966,54.47999954223633,53.09000015258789,53.790000915527344,55.97999954223633,53.09000015258789,0.03217050255683729
VLO,energy_power,2026-09-15T14:09:06-04:00,2026-09-15,397.55,382.95001220703125,3.812501663544654,0.1462325475239945,2026-09-14,0.038396190296725585,0.032989887100931314,0.14505021745279523,0.12081832515872182,0.6888970364642386,0.6033280108431098,75.88981023542954,70.8505465553182,0.2582647016133434,0.2346880774618121,0.8622231866424356,1.9843986456102454,941429626.6786194,881686810.0675964,0.9560632091949749,0.31832947841679876,361.3135009765625,326.71698303222655,243.31022521972656,11.980717250279017,399.760009765625,375.1000061035156,399.760009765625,335.0,398.29998779296875,381.2300109863281,383.510009765625,399.760009765625,375.1000061035156,0.16456690166238608
MPC,energy_power,2026-09-15T14:09:01-04:00,2026-09-15,412.2,396.45001220703125,3.972758106960317,0.31277341308983964,2026-09-14,0.036277304954907885,0.019413778423860162,0.15396914751076762,0.11849507357161904,0.701571188494748,0.6251811317029989,80.0462077581146,74.93452245663929,0.23602413874606207,0.20409412492867032,0.5941263379079388,1.5084815922415395,915121799.1560364,883214429.2953491,0.9346254666772579,0.3884728194729067,375.8045959472656,335.06877502441404,245.45873222351074,12.229280744280134,409.5,388.1600036621094,409.5,347.6700134277344,413.2799987792969,396.760009765625,397.69000244140625,409.5,388.1600036621094,0.17348583172035847
LNG,energy_power,2026-09-15T14:08:39-04:00,2026-09-15,272.89,274.2799987792969,-0.5067756077897001,-0.3500041779752938,2026-09-14,-0.011339665567044688,-0.06068493568733946,0.022328034077067516,0.00971868645448315,0.204609952891607,0.187829370920499,46.34412218388027,47.59986508255215,0.2960115975997291,0.30265433889056237,0.3327839407811237,0.8705361153391051,556744654.0585327,549539661.4276123,0.3193739864028185,0.10521215049075634,281.27149658203126,269.06750946044923,241.16730430603027,8.359285627092634,283.54998779296875,273.19000244140625,299.17999267578125,264.739990234375,275.489990234375,271.6700134277344,273.32000732421875,283.54998779296875,273.19000244140625,0.04184471828665837
CEG,energy_power,2026-09-15T14:09:07-04:00,2026-09-15,262.735,264.57000732421875,-0.693586544905489,0.1625251025730634,2026-09-14,-0.12143455583936358,-0.11503206152595447,-0.054137818820474415,-0.06202936095223588,-0.03984937904096242,-0.008209408558788933,39.569253185174944,40.524790410570375,0.4276048402330898,0.429719312551182,0.580751906227336,1.5028561930129694,716014297.3098755,695528431.8023682,0.4298475384512056,0.020500192689799454,280.62389984130857,269.783893737793,293.98349739074706,10.292713710239955,305.79998779296875,264.32000732421875,305.79998779296875,264.32000732421875,266.8800048828125,259.6099853515625,265.0,276.5150146484375,264.32000732421875,-0.034621134610883564
VST,energy_power,2026-09-15T14:08:58-04:00,2026-09-15,142.46,140.72999572753906,1.2293121856391753,0.7887448618278725,2026-09-14,-0.06103344603435423,-0.05740125351000691,-0.02498113668631241,-0.04995617978361422,-0.1287969323603676,-0.1127175015003089,46.72000593924713,44.29318918328325,0.3759367326475635,0.37487560414211424,0.5927825362532401,1.2460145298514393,614581228.5356903,600276393.1957245,0.7483028503809505,0.07383102699387271,142.3755012512207,148.64760009765624,156.83665420532228,4.921930585588727,154.89999389648438,140.3699951171875,154.89999389648438,134.5,143.1999969482422,140.25999450683594,141.83999633789062,145.24600219726562,140.3699951171875,-0.00546445247672156
NRG,energy_power,2026-09-15T14:08:47-04:00,2026-09-15,107.185,108.47000122070312,-1.1846627156339662,0.8850364835152558,2026-09-14,-0.10410399443827079,-0.08864052865000549,-0.12409091155644691,-0.14076360063189086,-0.20357270489379575,-0.17615203224887155,38.35265505166615,39.56668789457231,0.483164288637656,0.4907133327278217,0.6808815052507656,1.1854640085505832,303457369.0376663,295994095.2961731,0.45100108238900416,0.26108329950841114,114.21050033569335,124.22194091796875,144.59492763519287,4.2157135009765625,121.68000030517578,107.41000366210938,127.52999877929688,107.41000366210938,109.6500015258789,105.16000366210938,109.43000030517578,111.47000122070312,107.41000366210938,-0.10457422734685606
GEV,energy_power,2026-09-15T14:09:06-04:00,2026-09-15,877.54,874.760009765625,0.31779782233798404,1.6850324740295575,2026-09-14,-0.09653974505249896,-0.07133075170727698,-0.18670993695334226,-0.17727720689807192,-0.20923108010772962,-0.1659897202843349,38.18409518755743,37.67511278188644,0.5165379605935645,0.5221286932061722,0.664264059548299,1.655830713215681,1968432853.781128,1903388982.4700928,0.10015569232140753,0.2650655705520253,948.1305053710937,997.5626037597656,894.7669692993164,39.518650599888396,983.3400268554688,868.25,1099.6600341796875,868.25,894.7899780273438,875.6199951171875,889.5,892.8099975585938,868.25,-0.1671932527437514
ETN,energy_power,2026-09-15T14:09:02-04:00,2026-09-15,392.52,393.1600036621094,-0.16278732385697214,1.4345264213870834,2026-09-14,-0.0701443051350038,-0.04305708209469805,-0.13807642890989047,-0.12923302881768806,-0.0670608695854008,-0.037869061702794915,41.97859261642685,42.18026206636523,0.4634556914043436,0.4665561560503616,0.5955386331084701,1.8325296426785602,753886485.7859802,722837194.1862488,0.28702819859175493,0.45095183094249247,412.9230026245117,415.1838031005859,381.2516354370117,14.735000610351562,430.25,387.0,458.9599914550781,384.7699890136719,400.2699890136719,389.3999938964844,398.79998779296875,400.6600036621094,387.0,-0.11855974470029962
PWR,energy_power,2026-09-15T14:08:56-04:00,2026-09-15,611.97,622.02001953125,-1.6157114743185708,0.2732952507149333,2026-09-14,-0.04237542853786391,-0.003827539142665204,-0.15275993303210234,-0.0929744335526913,-0.12842507579599483,-0.12972642148847768,43.841330720682684,46.104537650702284,0.39872657893042107,0.450660161031419,0.28899709178405314,1.1098526650016456,673372541.4047241,661522097.5021362,0.13049927839383255,0.6142061846024296,634.5295043945313,645.6816052246094,592.5886894226074,21.90500749860491,653.8699951171875,610.0,724.7999877929688,593.7000122070312,626.4949951171875,609.7899780273438,623.719970703125,629.5700073242188,610.0,-0.13324324882251148
AAPL,other_sectors,2026-09-15T14:09:07-04:00,2026-09-15,330.68,333.0799865722656,-0.7205458127889308,-0.8466365198525061,2026-09-14,0.04572763076104702,0.04097254524345151,0.08210346097242205,0.08874577369489045,0.11058416114255754,0.1264309937536463,60.62888016347456,63.36912971172809,0.24027815900584562,0.23746813095464325,0.38475332929694267,0.9221922953580863,13719843874.084625,13498420076.581116,0.7191338256348428,0.418266515057037,317.9834976196289,318.32469299316404,284.82644371032717,7.855717250279018,336.2200012207031,309.8999938964844,336.2200012207031,302.94000244140625,331.5899963378906,328.3500061035156,330.260009765625,335.5,331.3399963378906,0.1016201451820129
JPM,other_sectors,2026-09-15T14:08:57-04:00,2026-09-15,344.75,350.1300048828125,-1.5365735034942762,0.24847773828429176,2026-09-14,-0.024780089738994482,-0.023728556262655354,-0.04490800043997534,-0.03502919078204958,0.06482712440060423,0.054721201770981054,38.75350410936548,44.207936485279426,0.16324775531686245,0.15615477158292507,0.6560201660991569,1.7276690607387166,2059576947.8590393,1983114351.436615,0.19394826400521945,0.3337662901653,356.10250091552734,352.05179992675784,317.7832762145996,5.7492828369140625,360.04998779296875,347.54998779296875,365.75,347.54998779296875,351.72509765625,343.0716857910156,351.0,355.2799987792969,347.54998779296875,-0.025391316230384486
GS,other_sectors,2026-09-15T14:09:07-04:00,2026-09-15,961.22,988.4500122070312,-2.7548223144948425,-0.3844390455804647,2026-09-14,-0.07265593515398316,-0.048295292604521256,-0.08121527712144583,-0.044379495007275116,-0.119129268162536,-0.09630160739557991,34.49089231480565,39.52991261575227,0.2987474796956072,0.28984033231865014,0.6886252070805595,1.2458572114163113,1852620813.746643,1826349733.2998657,0.20083493009463999,0.2738785056575149,1026.0876556396483,1039.7292175292969,945.5842584228516,24.48189149431469,1043.8399658203125,978.9299926757812,1058.3366384384155,978.9299926757812,988.0,954.489990234375,984.6500244140625,1013.6900024414062,978.9299926757812,-0.06169859291185498
BAC,other_sectors,2026-09-15T14:09:05-04:00,2026-09-15,59.595,59.470001220703125,0.2101900074562124,-0.17655883652440973,2026-09-14,-0.04479881705863664,-0.05121249312131215,-0.06246578571599182,-0.07313656185994521,0.06581956742486605,0.05737526126278647,35.79845567871425,34.815043589047406,0.23943578535748497,0.23950713252506362,0.8603904250903031,2.1466475854432785,2006073304.6644974,1884150377.3822021,0.7370026308256431,0.1562508466567759,62.14544525146484,61.74179512023926,54.5734613609314,1.2641337521486002,63.83000183105469,58.91999816894531,64.89888330679145,58.91999816894531,59.889400482177734,58.77000045776367,59.3650016784668,62.439998626708984,58.91999816894531,-0.042949101506400966
BRK-B,other_sectors,2026-09-15T14:09:04-04:00,2026-09-15,514.525,514.9500122070312,-0.08252991220396577,0.009707309793927088,2026-09-14,0.01718964488586061,0.017627439972436987,0.032705804685421835,0.02166540375410464,0.05120956441091429,0.04818029125254064,61.83542558009467,62.577725393589795,0.09254655058327971,0.10351171060728961,0.33689816717763454,0.9965811965811966,2005434144.5994568,2003398107.1875,0.5291873149570147,0.7478996768733651,504.31849975585936,503.99199829101565,492.5432495117187,5.047145298549107,516.4500122070312,500.70001220703125,516.4500122070312,495.67999267578125,516.3400268554688,512.4849853515625,515.0,516.4500122070312,510.5,0.052222488895012686
LLY,other_sectors,2026-09-15T14:09:02-04:00,2026-09-15,1140.273,1138.280029296875,0.1751031390519353,1.6120791996388162,2026-09-14,0.014559136124832728,-0.00964010944864968,-0.03624770916983089,-0.03548671677559623,0.03944881533152622,0.025099959116004156,43.12161219359981,42.53194052801389,0.3017264666092087,0.30186419376388746,0.36635484363081616,0.8638054328559202,2915801087.4505615,2928810729.818115,0.07324767757922429,0.3317716629707135,1181.030499267578,1182.1587768554687,1062.3641375732423,28.281406947544642,1153.949951171875,1113.2900390625,1292.6500244140625,1113.2900390625,1161.0,1138.635009765625,1156.6300048828125,1153.949951171875,1130.5,-0.016731024960240037
UNH,other_sectors,2026-09-15T14:09:04-04:00,2026-09-15,377.08,383.54998779296875,-1.6868730091566309,0.0,2026-09-14,-0.05348297141288316,-0.028272880689830582,-0.04099418363688012,-0.039375382118019386,-0.05376623973350181,-0.03408568825634939,37.90514104415679,41.60215513051167,0.2198267624143079,0.2183853436361262,0.42410375391141597,0.9475982810219828,1874351120.7028198,1858379698.9431763,0.19036010795149536,0.5947065974140789,390.99797973632815,405.87800231933596,349.0167224121094,10.13897756988004,404.0420766863295,373.5995091898494,404.0420766863295,373.5995091898494,383.79998779296875,375.5,383.54998779296875,386.4599914550781,379.2799987792969,-0.02147749942728927
ISRG,other_sectors,2026-09-15T14:09:05-04:00,2026-09-15,377.7,377.94000244140625,-0.0634995588783216,-0.9996577935776574,2026-09-14,0.07864978369002107,0.030651731279542904,-0.03235717162328766,-0.04200148770385537,-0.07148824096448092,-0.0602714970307241,52.89031101492433,53.038098301239636,0.34464715178766525,0.3460891351428651,0.3940830192650473,1.077632971539153,848128444.5767212,841321383.8494873,0.862992622748361,0.9004689175976991,372.67449951171875,376.4983984375,458.89379959106446,10.982140677315849,378.5799865722656,345.25,405.3399963378906,345.25,379.1050109863281,368.85009765625,374.1618957519531,378.5799865722656,372.1499938964844,-0.01284048741369681
ABBV,other_sectors,2026-09-15T14:08:33-04:00,2026-09-15,262.285,261.7699890136719,0.196743198247451,-0.6761619314502254,2026-09-14,0.05428493025596226,0.020704974403478626,0.047756967776970694,0.04934651634930942,0.22015756393115504,0.19167035980678038,57.47906823651662,56.96037866689689,0.25413073858249097,0.25415866489507016,0.44578496132344214,1.0399541813547153,1126945473.6021423,1120211782.7890015,0.6409716867286169,0.3670301957154547,258.8614974975586,254.27362182617188,226.4954399871826,5.639277866908482,264.6499938964844,246.77000427246094,266.9700012207031,246.77000427246094,264.79998779296875,257.7950134277344,260.0,264.6499938964844,260.1000061035156,0.06727365198656154
WMT,other_sectors,2026-09-15T14:09:03-04:00,2026-09-15,108.76,109.08000183105469,-0.29336238490336175,-0.3460785066642491,2026-09-14,0.025553974601491003,0.018107172414205674,-0.046441219579934634,-0.05143450841378572,-0.06963325106780394,-0.07439988564441158,51.809418960697286,52.77258993353401,0.39973176310706615,0.4002634423756491,0.3319904205032509,0.8590669222321262,3009498960.113678,2962957635.890503,0.5380220877636139,0.6206914695371933,106.92554092407227,110.09284439086915,118.24405323028564,1.8764277866908483,109.73999786376953,105.16000366210938,116.59088514655902,102.1500015258789,109.23999786376953,108.20099639892578,108.70249938964844,109.73999786376953,108.0,-0.026924535370343783
COST,other_sectors,2026-09-15T14:08:53-04:00,2026-09-15,907.75,918.9099731445312,-1.2144794888166888,-0.2165598690332171,2026-09-14,-0.0026697935521934335,0.0034616626378245474,-0.0479811221814368,-0.043897620968812334,-0.04441302683429993,-0.04683049454407229,39.37789748127502,43.466822082324875,0.20015440409126484,0.19795056868341296,0.43164139096332765,1.0734160473779222,1791417652.6849365,1754927432.0654297,0.2287620954287621,0.7249987738486439,935.6534942626953,939.7155004882812,958.3677865600586,13.931427001953125,921.989990234375,898.4299926757812,978.7000122070312,898.4299926757812,916.9199829101562,905.030029296875,916.9199829101562,921.989990234375,910.7899780273438,-0.028464437971845946
HD,other_sectors,2026-09-15T14:09:08-04:00,2026-09-15,307.0,310.8699951171875,-1.2448918126461983,-0.08684949268586983,2026-09-14,-0.021358023418276084,-0.03170843501899112,-0.08469765097798043,-0.07583989746098352,-0.07484036732414245,-0.0437252197047322,34.00024661023602,36.62423406394386,0.2104771439682809,0.20832544490352511,0.4772451708503927,1.0706351707650799,1290814605.5703735,1277935177.239685,0.37600403757612116,0.7082634694997997,324.08861083984374,332.75837890625,338.20226196289065,5.737812380336209,321.5,304.29998779296875,347.8366934263856,304.29998779296875,310.99951171875,304.5899963378906,310.6000061035156,312.6700134277344,306.5,-0.06518096676838958
CAT,other_sectors,2026-09-15T14:09:05-04:00,2026-09-15,784.23,784.0,0.02933424346300839,0.7002538564253813,2026-09-14,-0.046505691212326505,-0.036784041024647385,-0.11049740968368604,-0.08472163011043932,-0.2030139128049674,-0.17832617487650315,39.55531583736934,39.48080103329355,0.3143795518961834,0.3373051523602307,0.40899226243266756,1.0345870812968985,1929533963.0072021,1915512088.3511353,0.5258485748095248,0.5133644415567613,813.6025024414063,852.2499255371093,777.6517172241211,22.083574567522323,830.5,772.8599853515625,887.9099731445312,771.3900146484375,791.2000122070312,776.5,789.489990234375,794.5599975585938,772.8599853515625,-0.09098072547409519
GE,other_sectors,2026-09-15T14:08:55-04:00,2026-09-15,308.88,317.55999755859375,-2.733339445305827,0.30860656060665015,2026-09-14,-0.07772236868015003,-0.05802087637013176,-0.16390111521375195,-0.13795539022370495,-0.13526166472924483,-0.10944222794561798,27.932451442869194,31.66801101763953,0.31683573321270103,0.3113546547332852,0.8971343621317968,1.393990616433161,1300808393.9569092,1273734645.109253,0.14900009048954846,0.8589352339041424,340.8720016479492,352.35060119628906,321.62471588134764,8.087860107421875,342.7300109863281,312.0799865722656,375.5799865722656,312.0799865722656,320.3599853515625,306.8699951171875,318.5400085449219,318.4599914550781,312.0799865722656,-0.1443844310041611
RTX,other_sectors,2026-09-15T14:09:04-04:00,2026-09-15,195.945,195.33999633789062,0.30972202194659015,0.7115795104470468,2026-09-14,-0.014410694982935235,-0.027142771704144364,-0.11593120436829307,-0.12391803709712235,0.05924528728325984,0.01770129663128661,31.40497432993874,29.808995854030968,0.2015660061355808,0.1985925025070535,0.4541045006736795,0.8932430629253248,845075240.3707886,842104165.7518005,0.6967521354966177,0.5341361031957594,207.4525001525879,207.8998358154297,192.47907691955567,3.7285733904157365,201.75,194.00999450683594,226.41000366210938,194.00999450683594,197.2050018310547,193.0500030517578,196.72999572753906,196.5,194.00999450683594,-0.09641452015870222
LMT,other_sectors,2026-09-15T14:08:45-04:00,2026-09-15,533.97,529.3800048828125,0.8670455585734871,0.5194756081897678,2026-09-14,-0.004066126292393668,0.007805314036830158,-0.09510441468107744,-0.12490247251901843,0.05151711048072505,0.000628063163495618,43.00653034067616,40.45457219799371,0.26287435186989616,0.26669032719433666,0.39124507105126105,0.9069114258875871,594288199.8703003,594857697.0175171,0.7152933303832102,0.5716342501810731,552.1099060058593,553.2507501220703,551.8843658447265,12.10220070269248,543.5900268554688,521.8699951171875,608.9832763998896,521.8699951171875,537.1900024414062,525.8800048828125,532.1300048828125,532.3400268554688,525.4299926757812,-0.07558773047148659
NEM,other_sectors,2026-09-15T14:09:08-04:00,2026-09-15,122.855,123.06999969482422,-0.17469435152657198,0.08125333092472431,2026-09-14,-0.033322787811698173,-0.03919116860479943,0.023109345942247117,0.04726723246645537,0.18615227513448107,0.16708803593446375,51.66467589360083,51.98019576847665,0.46039343993173476,0.4658703039453131,0.31780681391026755,0.8475532426369015,1031171961.1570358,1022093679.3568802,0.5826621710587033,0.7087382596071228,127.01077499389649,110.10805938720704,109.07801975250244,4.365495281829282,130.47999572753906,121.61000061035156,135.0089504972229,115.5893847837051,123.88999938964844,121.41000366210938,123.16999816894531,123.66999816894531,121.61000061035156,0.04262603015183797
FCX,other_sectors,2026-09-15T14:08:59-04:00,2026-09-15,68.99,69.33999633789062,-0.5047569838561361,0.1442257121392121,2026-09-14,-0.09958241463457618,-0.046610846453642996,0.008920746341812391,0.042863566937698216,0.006951827949134515,0.006491423230451154,44.213656242656974,44.87611663515933,0.5342370817497445,0.5425619817328232,0.2713565927750219,0.7424990147538095,1115186888.383522,1104171040.929222,0.4671519026112525,0.763933671695404,73.75750007629395,67.53517417907715,61.55468818664551,3.2599994114467075,78.63999938964844,67.01000213623047,80.23999786376953,65.70999908447266,69.72000122070312,68.3499984741211,69.44000244140625,70.05999755859375,67.01000213623047,0.028437430551403242
UBER,other_sectors,2026-09-15T14:09:04-04:00,2026-09-15,71.882,72.62999725341797,-1.029458833989394,-0.4199371013488884,2026-09-14,-0.017061342399999124,-0.041314741216402995,-0.041441480487154014,-0.04371296679691383,0.0033822158428575833,0.024256007650267142,42.56598428789352,44.3514470846425,0.3379410984375921,0.33881139409354766,0.43355242458690735,1.1213946315192944,1312265153.734703,1281853728.3931732,0.5274693593412698,0.8878780087419157,75.95349960327148,73.89199981689453,75.97060005187988,2.5069285801478793,75.61499786376953,69.23999786376953,82.36499786376953,69.23999786376953,72.3949966430664,71.30999755859375,72.32499694824219,72.8030014038086,71.26000213623047,-0.021924796277563163
SPY,benchmarks,2026-09-15T14:09:08-04:00,2026-09-15,757.59,760.8800048828125,-0.4323911794541724,-0.10027868827999775,2026-09-14,-0.010927456886890008,-0.012087923147641733,-0.01951668420959085,-0.019913982839808497,0.014529872195124138,0.029529526470815082,44.58770709061371,47.339796139891824,0.08800308746693902,0.08821907237229244,0.5195453315262447,1.1758240126357367,29109321162.885742,28655104410.577087,0.3436758000844878,0.5277277342854335,766.1059936523437,758.9384008789062,712.5460513305665,5.792859758649554,769.7000122070312,756.6400146484375,776.780029296875,756.6400146484375,760.3400268554688,756.1500244140625,760.1170043945312,763.52001953125,757.9299926757812,0.0
QQQ,benchmarks,2026-09-15T14:09:09-04:00,2026-09-15,705.34,709.1799926757812,-0.5414656166235154,-0.05922091915927519,2026-09-14,-0.0181245597772568,-0.013603022418466226,-0.03360868158140995,-0.029942432912214434,-0.04658915049734358,-0.01737089150262816,44.46237148087988,46.914766804067874,0.12997286001052635,0.12922828285003676,0.5054319915529201,1.1455741790367202,22296606015.89203,21921589375.558777,0.254986868094897,0.6307530442787884,714.5734985351562,710.3379992675781,659.7879531860351,7.894291469029018,721.8900146484375,702.739990234375,734.5800170898438,702.7000122070312,709.5299072265625,703.906005859375,708.760009765625,712.9500122070312,702.739990234375,-0.014091997371819098
IWM,benchmarks,2026-09-15T14:09:08-04:00,2026-09-15,285.61,287.9100036621094,-0.7988671047519991,-0.44805964659562214,2026-09-14,-0.03074635240546386,-0.027363960123946707,-0.06067885402609019,-0.05631122908649622,-0.03376302009530763,-0.006795919647853976,34.49220032963677,37.40611090061536,0.1275862824973777,0.12628368130622286,0.9407361276782155,1.435315347292917,5540267303.442993,5366189407.86438,0.5368405272569574,0.3057577254514518,295.7425048828125,296.0872021484375,273.4143181610107,3.061429704938616,296.1000061035156,287.05999755859375,304.3299865722656,287.05999755859375,286.92999267578125,284.0799865722656,286.6199951171875,289.8399963378906,287.05999755859375,-0.04116216981649934
RSP,benchmarks,2026-09-15T14:08:55-04:00,2026-09-15,214.605,215.00999450683594,-0.18836276900793258,-0.1441782086943344,2026-09-14,-0.009804826474833828,-0.018219203165132702,-0.028013033863261594,-0.03483417702921099,0.026081694159601154,0.03278953467321144,39.996358058840485,41.023793282854605,0.09801312880588495,0.10157908353898101,0.813534383626617,1.1768709506404615,1282541687.527542,1252669400.8889008,0.7999925263446351,0.4761880047333347,219.0799987792969,217.31999877929687,203.43621673583985,1.6907152448381697,218.39999389648438,213.02999877929688,223.44000244140625,213.02999877929688,214.85000610351562,213.625,214.6999969482422,215.77999877929688,214.30999755859375,-0.008496349653670743
DIA,benchmarks,2026-09-15T14:09:08-04:00,2026-09-15,520.61,524.489990234375,-0.7397671938560113,-0.24976597894811325,2026-09-14,-0.014052314326124637,-0.01795616115301224,-0.024613609870327013,-0.022122081627102608,0.010997776786627611,0.019769049576837006,40.22505827994012,43.98789355351805,0.11130747693524276,0.1097870902452441,0.7146752740831432,0.8664070966965038,1668419199.1171265,1653734319.7094727,0.3160193439054298,0.3766974874704335,530.8408142089844,528.8022668457031,497.82084426879885,4.542859758649554,530.3900146484375,519.7999877929688,537.72998046875,519.7999877929688,523.6400146484375,519.2100219726562,523.1799926757812,526.7899780273438,523.0999755859375,-0.005096925660736162
SMH,benchmarks,2026-09-15T14:08:58-04:00,2026-09-15,542.24,541.5,0.13665562961679978,1.0060938221375881,2026-09-14,-0.05488642969057844,-0.04499040462472548,-0.08724563847835709,-0.07879964401870121,-0.17827485872879123,-0.13216977510983918,42.44031002672457,42.13616244796187,0.34984828513273736,0.3534284294002837,0.5445389799928751,1.5847541281831818,3907533919.580078,3782148230.403137,0.2640697542747141,0.4174980398518398,561.1299987792969,568.0880010986328,483.0723695373535,14.576437813895089,580.5700073242188,537.72998046875,600.3699951171875,537.72998046875,548.1900024414062,540.10498046875,546.947998046875,546.760009765625,537.72998046875,-0.06772895426876624
IGV,benchmarks,2026-09-15T14:08:58-04:00,2026-09-15,106.345,106.63999938964844,-0.27653693595672824,-1.3315811863021776,2026-09-14,0.035896129059683535,0.01979534953490747,0.04270127100972898,0.02459644036852726,0.193681723809912,0.19605198530254886,56.90606851786703,57.556737404229004,0.4069903845414526,0.41444544083683765,0.5773175218682609,1.2773069962934445,1103228206.5555954,1080868401.7996597,0.6687713399053452,0.9012342655630112,104.17499961853028,99.10039993286132,93.63108055114746,3.1907146998814175,107.04000091552734,100.58999633789062,110.56999969482422,99.72000122070312,107.02749633789062,104.96730041503906,105.22000122070312,107.04000091552734,102.98999786376953,0.06221795521931983
CIBR,benchmarks,2026-09-15T14:08:45-04:00,2026-09-15,101.245,100.05000305175781,1.1944024571453715,-0.9695164328993866,2026-09-14,0.07695990262682129,0.057722876892427166,0.03533082931494369,0.004518118318582509,0.19862868933439293,0.18884053599818462,61.63040270163105,59.698280387615455,0.43310085558170897,0.4369824127769358,0.9503026934277463,1.8130338560657464,159007602.7431488,151157540.4580307,0.8967581509568011,0.8886684503983061,95.73350067138672,94.49420028686524,77.85704944610596,3.0197851998465404,100.61000061035156,92.73999786376953,101.03900146484375,91.12000274658203,101.5,99.03009796142578,99.08000183105469,100.61000061035156,95.58000183105469,0.05484751352453454
XLE,benchmarks,2026-09-15T14:09:06-04:00,2026-09-15,66.02,64.52999877929688,2.3090002974671675,0.5423810332278789,2026-09-14,0.01929905920620123,0.007336891018037139,0.05496955435218065,0.04231947889423693,0.23667685681820028,0.18886733713327986,67.6225224744359,61.07488918405764,0.16971599012343566,0.15552681281880232,0.8629395320467081,1.7588801288770208,1790207217.9648972,1708708723.0166054,0.9269218805936864,0.18716468452295953,63.84949970245361,60.36540000915527,54.900602703094485,1.2607149396623885,66.16999816894531,64.18000030517578,66.16999816894531,61.310001373291016,66.11499786376953,64.81500244140625,64.87999725341797,66.05000305175781,64.18000030517578,0.0744862385617715
XLF,benchmarks,2026-09-15T14:09:07-04:00,2026-09-15,56.63,57.029998779296875,-0.7013812374950468,-0.10520350671220369,2026-09-14,-0.011692812877246439,-0.01841651846687775,-0.01649879702551671,-0.019429179351442394,0.06082463861561571,0.05883023690132383,42.842578028364734,46.294318946074604,0.12933048558647875,0.13164290393544537,0.6322132534312341,1.2864131617067993,1736884003.215065,1709925278.578434,0.32455520679333777,0.3333333333333333,57.64200000762939,57.142600021362306,53.37481868743897,0.6571431841169085,57.81999969482422,56.689998626708984,58.599998474121094,56.689998626708984,56.98379898071289,56.459999084472656,56.970001220703125,57.56999969482422,56.7599983215332,0.0030178871840741417
XLV,benchmarks,2026-09-15T14:09:03-04:00,2026-09-15,167.85,167.75,0.0596161570882936,0.02384100514623011,2026-09-14,0.004308030872182345,-0.021580618338296942,0.0047890035147735155,0.0022704480725259657,0.12844901040060575,0.1179737311871325,48.17251547122163,47.89956880852921,0.21037846551909312,0.21051053973330924,0.6332898810081277,1.2255381190728796,1351102629.2124176,1314181018.285904,0.869907337562827,0.4137924986626678,170.9044982910156,166.31719940185548,154.9277899169922,2.276430402483259,168.77000427246094,165.11000061035156,176.60000610351562,165.11000061035156,168.10000610351562,166.1782989501953,167.7899932861328,168.77000427246094,167.02999877929688,0.024305687724364367
XLI,benchmarks,2026-09-15T14:09:09-04:00,2026-09-15,169.375,169.92999267578125,-0.3266007766151935,0.31778295074265106,2026-09-14,-0.028924425076869098,-0.03046734447714472,-0.09094572057810435,-0.08889605018162716,-0.061457577648469375,-0.05151405567557743,31.357836512483345,32.25148509675539,0.13677885441541515,0.13733809180446982,0.6545433071263086,1.089580921303932,1224300600.3034973,1195252802.5624847,0.36590099912890456,0.8833298012122239,176.75349960327148,180.04079956054687,170.78511207580567,2.4614290509905135,175.7100067138672,168.33999633789062,187.38999938964844,168.33999633789062,171.02999877929688,168.4199981689453,170.47000122070312,170.13999938964844,168.33999633789062,-0.0714290363685135
XLU,benchmarks,2026-09-15T14:09:04-04:00,2026-09-15,41.526,41.81999969482422,-0.7032470170654337,0.239116391321903,2026-09-14,-0.04428305948723976,-0.02924795920788892,-0.0600746603080321,-0.05619502598272785,-0.06633007167953386,-0.05337289477947105,31.368151802786784,33.50216002937084,0.14198525038274754,0.14121244417645085,0.7087575248842708,1.190262693858144,865278431.1750221,853975064.5127296,0.3321007327923017,0.10144903499024209,43.070000076293944,44.14060012817383,44.27151517868042,0.622856685093471,43.709999084472656,41.75,44.650001525878906,41.75,41.939998626708984,41.31999969482422,41.91999816894531,42.439998626708984,41.75,-0.04055797609844125
XLP,benchmarks,2026-09-15T14:09:03-04:00,2026-09-15,84.015,84.41999816894531,-0.4797427008780275,-0.5034297933917964,2026-09-14,-5.9476953316206504e-05,-0.0018917434221504825,-0.007853104784255605,-0.01939828365645191,0.015581576495643068,0.015843157041810052,45.26201205772445,47.529196767834854,0.14600358401533226,0.15624978218226812,0.8100131675797377,1.090342630647679,834617213.0878448,820259417.0737457,0.9183651226158038,0.2656223922943042,85.12199935913085,84.98259963989258,82.84751476287842,0.9021426609584263,84.88999938964844,82.8499984741211,87.47000122070312,82.8499984741211,84.05500030517578,83.56500244140625,83.99500274658203,84.88999938964844,84.25,0.011663579425335246
XLY,benchmarks,2026-09-15T14:09:07-04:00,2026-09-15,111.14,112.8499984741211,-1.5152849867913765,-0.2835619841834558,2026-09-14,-0.025002180257316597,-0.01792711793871038,-0.048051397090805636,-0.0452622556027964,-0.04949250146337658,-0.02091200200484522,35.928616479207776,40.549294420916176,0.17232614804333216,0.16973588924433652,0.5365335695363457,0.9703477770717798,637125554.0296936,630044294.0964127,0.07547323720640099,0.6324777964709104,115.72649917602538,115.85339950561523,116.69968837738037,1.4492863246372767,114.62999725341797,111.0199966430664,119.05999755859375,111.0199966430664,112.61000061035156,111.0199966430664,112.52999877929688,113.27999877929688,112.11000061035156,-0.028534712881214785
XLB,benchmarks,2026-09-15T14:08:43-04:00,2026-09-15,50.725,50.4900016784668,0.4654323387644377,0.11883057357737759,2026-09-14,-0.023392379374517436,-0.0371852974696496,-0.029000826103919963,-0.03901787592955108,-0.01728116891126341,-0.025782625733736908,38.72722560505913,36.174681144908604,0.1541417719447823,0.15307687051839935,0.6177017635589251,1.054573433488989,577380370.2096748,568223976.4444733,0.9789429725584048,0.31915135380819426,52.4019998550415,51.81099983215332,50.04138439178467,0.7407142094203404,52.58000183105469,50.34000015258789,54.189998626708984,50.34000015258789,50.73500061035156,50.2599983215332,50.54999923706055,50.810001373291016,50.34000015258789,-0.009484141894329112
XLRE,benchmarks,2026-09-15T14:09:03-04:00,2026-09-15,43.05,43.119998931884766,-0.16233695862283293,-0.02318720264580243,2026-09-14,-0.019362238252253472,-0.018438455899477457,-0.03970561055746147,-0.04749285407860404,-0.00986685189606129,-0.010737991895046095,34.6211949085631,35.25462900205595,0.10400783492172484,0.107546928932596,0.5768691772427652,1.2183735103098832,228036656.56435013,225005455.64836502,0.7840874608775565,0.247998046875,44.324500465393065,44.7252001953125,42.72669006347656,0.5106427328927177,44.2599983215332,42.939998626708984,45.46500015258789,42.939998626708984,43.14500045776367,42.70500183105469,43.11000061035156,43.59000015258789,42.96500015258789,-0.020188926347870617
XLC,benchmarks,2026-09-15T14:09:07-04:00,2026-09-15,114.22,115.06999969482422,-0.7386794789044582,-0.712609452506241,2026-09-14,0.024210945650208426,0.027135597149440693,0.030680396455890824,0.018769391800457447,0.046296473604766186,0.05649596176723559,57.87314740477928,61.26902641651766,0.15865431138763636,0.1721207055115826,0.9150462595177278,1.0819162304836318,457776812.6187897,449582367.8800583,0.4730552053067266,0.8869033292310208,111.94499969482422,111.00759963989258,113.65051143646241,1.6200000217982702,115.26000213623047,110.37000274658203,115.26000213623047,110.25,114.66000366210938,113.82499694824219,114.25,115.26000213623047,113.58000183105469,0.050197080665481675
XLK,benchmarks,2026-09-15T14:09:08-04:00,2026-09-15,183.97,184.27999877929688,-0.16822094673715204,0.11938420998505173,2026-09-14,-0.020759003554834177,-0.016018795490998494,-0.033364889970280975,-0.03015628594912101,-0.03787421386659129,-0.006998223249019664,48.22790979689558,48.77387972746401,0.21662974346853786,0.21695152604663062,0.6078275741748441,1.3850214514942998,1187111405.3279114,1143023409.8504639,0.2617435918442585,0.6249983744207519,185.24100036621093,182.800400390625,161.33940868377687,3.1092845371791293,189.0800018310547,182.0800018310547,191.75,178.82000732421875,185.07000732421875,183.5800018310547,184.5,185.60000610351562,182.0800018310547,-0.013848205760690124
TLT,benchmarks,2026-09-15T14:09:10-04:00,2026-09-15,80.685,80.93000030517578,-0.30273414760677575,-0.3768692747135427,2026-09-14,-0.018430650193361542,-0.015569867334284337,-0.004374032962703334,-0.00974990989160951,-0.05912643560356445,-0.05167823424787776,35.795163274960544,37.73690075273466,0.10070092236788604,0.10446997021219938,0.7463165591165944,1.1059843588496232,2511824462.2608566,2504092503.432617,0.5223758227242706,0.5222226931717034,81.97114219665528,82.50174102783203,84.4714077758789,0.651980481536178,82.45999908447266,80.45999908447266,83.28087429911845,80.45999908447266,80.84500122070312,80.51000213623047,80.625,81.36000061035156,80.45999908447266,0.015142651246887517
HYG,benchmarks,2026-09-15T14:09:01-04:00,2026-09-15,78.435,78.52999877929688,-0.12097443292992116,-0.02546369970360951,2026-09-14,-0.008657800356533407,-0.007958626246426737,-0.009360104276747716,-0.009404469567513729,-0.004935718733914629,-0.00023184951907495588,31.028895070917287,33.07085335630991,0.02792336153233522,0.027939556629692622,0.7534091525312627,1.3481944766288025,2662002751.9720078,2595014149.1937637,0.2499427786678874,0.5217275923837325,79.13050956726075,78.97806930541992,78.17848587036133,0.2042536365177828,79.23999786376953,78.41000366210938,79.53413056375734,78.41000366210938,78.51000213623047,78.41000366210938,78.51000213623047,78.63999938964844,78.41000366210938,0.010156579932843135
LQD,benchmarks,2026-09-15T14:09:08-04:00,2026-09-15,104.21,104.30000305175781,-0.08629335057688259,-0.09588312616443107,2026-09-14,-0.012040237315535274,-0.011186957410143195,-0.00995774693010365,-0.013024489187410615,-0.03300720808583324,-0.029502649222696853,31.71552923208037,32.560712119208716,0.0572095493188875,0.058515574690413526,0.705868816797035,1.1354170055248354,2882508298.2980347,2878097767.039795,0.3235346916793825,0.4166677263074908,105.48161506652832,105.83763900756836,106.88764171600342,0.4704890497588516,105.7300033569336,104.05000305175781,106.50290866727444,104.05000305175781,104.32499694824219,104.15499877929688,104.19999694824219,104.6500015258789,104.05000305175781,0.0095589372794872
GLD,benchmarks,2026-09-15T14:08:51-04:00,2026-09-15,394.052,392.8399963378906,0.30860167048085696,0.06872747586517125,2026-09-14,-0.014179160598639884,-0.034245379580628454,-0.028207066465087638,-0.021520410511126853,0.017907398478913983,0.010910937127585951,44.691386096710985,43.73802115879133,0.2802080257274711,0.28271840076137644,0.39687948332428813,0.6103289472602526,5002625945.923004,4992295299.790192,0.8898092643051771,0.38056760196201983,409.00249938964845,391.51100036621096,415.9977001953125,8.02500479561942,406.55999755859375,390.9599914550781,429.4200134277344,390.9599914550781,394.3299865722656,391.80999755859375,393.1099853515625,395.8999938964844,390.9599914550781,-0.008690382255496787
TSLL,benchmarks,2026-09-15T14:09:03-04:00,2026-09-15,9.27,9.369999885559082,-1.0672297653869567,-0.48025695670816937,2026-09-14,-0.06079021628696035,0.02404374603287107,0.07665514836282017,0.06963466218483294,-0.29005857785446987,-0.2690701389086756,48.86914147984481,49.704135136977136,1.0076086819019905,1.0091171074856433,0.46066004284056333,0.5656227732266986,901475354.7198343,935299510.82623,0.3250005960470162,0.19642814568070271,9.341999959945678,9.547900037765503,13.79806054830551,0.7314287594386509,10.258000373840332,9.234999656677246,10.789999961853027,8.1899995803833,9.539999961853027,9.140000343322754,9.324999809265137,9.819999694824219,9.260000228881836,0.09617183257241102
^VIX,benchmarks,2026-09-15T13:54:01-04:00,2026-09-15,17.58,17.100000381469727,2.8070148042597554,2.7485339349103244,2026-09-14,0.11832058683729274,0.11764706982323303,0.10984846934069559,0.12574067503945452,0.0173610662696555,0.04268297434278745,57.307438543300236,55.5184861074363,0.9509936829289612,0.9567712575059277,,,0.0,0.0,0.6370960919342211,0.3270442816733804,15.544500064849853,16.148799934387206,18.09480003833771,1.2664283343723841,18.170000076293945,15.220000267028809,18.170000076293945,13.800000190734863,18.030000686645508,16.790000915527344,17.56999969482422,18.170000076293945,16.579999923706055,0.12936515355028644
^TNX,benchmarks,2026-09-15T13:54:03-04:00,2026-09-15,5.01,4.960999965667725,0.9876997927041442,0.9876997927041442,2026-09-14,0.04244683925736825,0.0369983379473775,0.06054186628250524,0.05643097548736198,0.1255896453814398,0.11158417319392977,74.31321793466749,71.56018015705794,0.13626399897079777,0.1343434345099449,,,0.0,0.0,0.7931006133153559,0.3461529056474587,4.7667499542236325,4.68141996383667,4.379859985113144,0.06242861066545759,5.01200008392334,4.760000228881836,5.01200008392334,4.620999813079834,5.015999794006348,4.986999988555908,5.009999752044678,5.01200008392334,4.934000015258789,0.08005855049209609
DX-Y.NYB,benchmarks,2026-09-15T13:59:09-04:00,2026-09-15,99.655,99.45999908447266,0.19605841204421992,0.020112882209000205,2026-09-14,0.008245674540700243,0.0030253671972979568,0.00015053582637802876,-0.0021069437978387118,-0.01184927826380544,-0.0062943078875853375,53.50149248117836,50.43968757440289,0.0510254910845069,0.05050727841248877,,,0.0,0.0,0.846900781192962,0.5820902320708738,99.19349975585938,100.02220016479492,99.14105010986329,0.4335724966866629,99.73999786376953,98.5999984741211,99.86000061035156,98.55999755859375,99.68699645996094,99.47799682617188,99.4800033569336,99.73999786376953,99.06999969482422,0.01966722003596888
BZ=F,benchmarks,2026-09-15T13:59:03-04:00,2026-09-15,109.3,105.68000030517578,3.425437865375125,0.5961366877353269,2026-09-14,0.11621737229996798,0.09763192402428844,0.20281720862904895,0.19385454488100096,0.36881659537139866,0.32847261157761287,72.98182444591052,69.54509691897132,0.3848944738039339,0.3794710437249044,1.1924318083337604,1.7762300795441537,3521512.9915103912,3326050.323707199,0.9654391651958681,0.17338725183313158,94.94499893188477,89.29239974975586,84.84219989776611,4.4249997820172995,110.19000244140625,95.97000122070312,110.19000244140625,85.4800033569336,109.44999694824219,105.11000061035156,106.30999755859375,109.77999877929688,104.81999969482422,0.2223338928386398
CL=F,benchmarks,2026-09-15T13:59:07-04:00,2026-09-15,106.46,101.38999938964844,5.000492874390772,0.6115028605526707,2026-09-14,0.14436203892721666,0.10832964220659624,0.25988164597009056,0.23046113485574926,0.3898172481092099,0.32035418909790425,77.2603383258273,72.8785800856727,0.39847330508086326,0.3774544421622181,1.1093297887117577,1.522643941184291,24854729.622246932,23622863.12008629,0.9476532729959416,0.19457035443903214,89.47300148010254,83.88180038452148,79.79884998321533,4.3357118879045755,104.94999694824219,90.87000274658203,104.94999694824219,79.62000274658203,106.75,101.20999908447266,102.01000213623047,104.94999694824219,100.52999877929688,0.2793983301796814
