symbol,eligible,a_hit5,a_hit10,a_close3,a_down3,b_hit5,b_hit10,b_close3,b_down3,p_hit5,p_hit10,p_close3,p_down3,close,daily_pct,volume_ratio,atr,atr_pct,rsi,ema20,ema50,rs20_qqq_pp,ret20_pct,range_position,high,low,prior_high20,adv20,history_sessions,high_close_pct,max_feature_abs,last,last_at,age_minutes,session,after_hours_change_pct,after_hours_volume,after_hours_high,after_hours_low,regular_quote_at,quote_note,empirical_hit5,empirical_hit5_dateblock95,model_disagreement,extension_atr,evaluation_score_neighbors,evaluation_score_dates,fetched_at,fresh_after_hours,executable_bid_ask,quote_source,overlay_eligible,exclusion_reasons,p_hit5_rank,a_hit5_rank,b_hit5_rank,p_hit10_rank
AAOI,True,0.2797462631107799,0.0423054973421063,0.21246458309467076,0.5545395550241743,0.36945992826482776,0.06001826976885473,0.18870076266680075,0.469233834634059,0.3246030956878038,0.051161883555480514,0.20058267288073575,0.5118866948291166,108.66999816894531,3.327945289470846,1.1257425609520624,8.881733388529948,8.173123712325676,49.70140684278833,106.72994424768135,115.78591256621897,-16.867480182057303,-12.93863288364403,0.7796744059884172,109.72969818115234,104.91999816894531,133.72000122070312,753094058.1743622,2513,0.9751541640403483,,109.63,2026-09-21 17:08:25-04:00,0.23632495,after_hours,0.883410184255462,585.0,109.98,108.4001,2026-09-21T16:00:01-04:00,"Vendor latest observation, no executable bid/ask or overnight-session venue feed; after-hours bar volumes and extremes may include late regular-session batches and are not reliable liquidity/support measures",0.31137254901960787,"[0.2777503067960878, 0.34573958693896384]",0.08971366515404788,0.21843190246730354,1275,394,2026-09-21 17:08:39.179497-04:00,True,,https://finance.yahoo.com/quote/AAOI/,True,[],1,1,1,1
CIFR,True,0.2715533494044276,0.04115717549195672,0.19782393311472662,0.5459243317883047,0.3244228228470571,0.031989053312401275,0.22445818430805867,0.4787377214538432,0.29798808612574235,0.036573114402179,0.21114105871139266,0.5123310266210739,18.899999618530273,3.053432177116777,1.1958193270765691,1.6587289682538835,8.776343924513116,56.138449447205204,17.04095556184688,18.137649110126528,15.956970696734096,19.88581799514737,0.6335074246796952,19.25,18.295000076293945,19.489999771118164,578599275.3749275,1486,1.851853907587242,,18.87,2026-09-21 17:08:03-04:00,0.6311243999999999,after_hours,-0.158728143575515,,18.95,18.74,2026-09-21T16:00:01-04:00,"Vendor latest observation, no executable bid/ask or overnight-session venue feed; after-hours bar volumes and extremes may include late regular-session batches and are not reliable liquidity/support measures",0.3167259786476868,"[0.2835871033798476, 0.35102155194006956]",0.05286947344262949,1.1207642069700994,1405,385,2026-09-21 17:08:40.867464-04:00,True,,https://finance.yahoo.com/quote/CIFR/,True,[],2,2,3,5
CRDO,True,0.23243767432610252,0.03861810435084289,0.18563007523095046,0.47407088200668246,0.3408430381703174,0.0440890800454932,0.2234650386365491,0.460968061354764,0.28664035624820994,0.041353592198168046,0.20454755693374976,0.4675194716807232,187.27000427246094,6.46995560992778,1.3274443170700965,14.203968531040386,7.584753674899742,48.12443495481039,184.68825542718716,204.033602387715,-22.708394367113762,-18.779547068700488,0.8785662943369571,188.75999450683594,176.49000549316406,244.4600067138672,1468926581.5205383,1166,0.7956374221080198,,186.77,2026-09-21 17:08:31-04:00,0.13387928333333335,after_hours,-0.26699645487990864,1717.0,187.89,185.8,2026-09-21T16:00:01-04:00,"Vendor latest observation, no executable bid/ask or overnight-session venue feed; after-hours bar volumes and extremes may include late regular-session batches and are not reliable liquidity/support measures",0.3095401509951956,"[0.27332941409888395, 0.3442123044096728]",0.1084053638442149,0.1817625010666421,1457,398,2026-09-21 17:08:39.032757-04:00,True,,https://finance.yahoo.com/quote/CRDO/,True,[],3,5,2,2
UMAC,True,0.24226249905172847,0.03543719268562873,0.19218511116395323,0.5271092840974401,0.3117326764790965,0.03554227040321084,0.20452924625532712,0.5045231338791566,0.2769975877654125,0.035489731544419784,0.19835717870964018,0.5158162089882983,24.25,4.61604694019484,0.7499106335909784,2.0384128525655956,8.405826196146785,50.69993717945578,23.960739260622827,23.58362807461844,-15.521994472296996,-11.593147173883722,0.47572761598245983,24.790000915527344,23.760000228881836,28.010000228881836,71715067.51542091,652,2.2268078990818285,,24.1646,2026-09-21 16:58:41-04:00,9.986839466666668,after_hours,-0.3521649484536038,85785.0,24.52,24.24,2026-09-21T16:00:00-04:00,"Vendor latest observation, no executable bid/ask or overnight-session venue feed; after-hours bar volumes and extremes may include late regular-session batches and are not reliable liquidity/support measures",0.29255663430420714,"[0.2587793043221569, 0.32683113728205204]",0.06947017742736805,0.14190488399496834,1545,398,2026-09-21 17:08:40.210368-04:00,True,,https://finance.yahoo.com/quote/UMAC/,True,[],4,4,4,6
NBIS,True,0.24364407404425809,0.03190259556093829,0.1944797579057866,0.539845001528157,0.3076979795904812,0.045012677633625986,0.16226755050276873,0.43653445209784236,0.27567102681736966,0.03845763659728214,0.17837365420427764,0.48818972681299966,232.8000030517578,4.142439851365709,1.155125070203482,17.237577221074847,7.4044574721257455,55.370094661972956,220.31614795748803,217.16668704749648,2.3094577553632867,6.2383050537765605,0.690275958711521,237.9600067138672,221.3000030517578,254.74000549316406,3296784265.887375,480,2.216496389375977,,231.7,2026-09-21 17:08:05-04:00,0.5802650333333333,after_hours,-0.4725098957637286,,233.38,232.01,2026-09-21T16:00:00-04:00,"Vendor latest observation, no executable bid/ask or overnight-session venue feed; after-hours bar volumes and extremes may include late regular-session batches and are not reliable liquidity/support measures",0.2957474226804124,"[0.262509975373814, 0.3293712428791741]",0.06405390554622309,0.724223302043102,1552,401,2026-09-21 17:08:39.815902-04:00,True,,https://finance.yahoo.com/quote/NBIS/,True,[],5,3,5,3
ACMR,True,0.2226481198466475,0.032319300516311725,0.17741219938519898,0.45921479507726914,0.2933147963296249,0.043470164290586394,0.1775633577169165,0.43578180553534873,0.2579814580881362,0.03789473240344906,0.17748777855105774,0.44749830030630894,72.7699966430664,6.218062142758418,1.6367404604971478,4.823165268387304,6.627958624273016,48.587813492273554,72.19090595133483,76.86844375748635,-12.290523048103818,-8.361675749690544,0.7741918723731238,73.4000015258789,70.61000061035156,83.5,60751873.520088196,2231,0.8657481268037559,,73.01,2026-09-21 17:08:08-04:00,0.5267799166666667,after_hours,0.3298108671226263,,74.0,71.5,2026-09-21T16:00:01-04:00,"Vendor latest observation, no executable bid/ask or overnight-session venue feed; after-hours bar volumes and extremes may include late regular-session batches and are not reliable liquidity/support measures",0.26383981154299174,"[0.23206171107994392, 0.2954050423520026]",0.07066667648297742,0.12006445135254652,1698,415,2026-09-21 17:08:39.606795-04:00,True,,https://finance.yahoo.com/quote/ACMR/,True,[],6,6,7,4
SNDK,True,0.20440539205110217,0.022786284632421834,0.1751714090182545,0.5122675150165302,0.2948106760654907,0.042301470760545475,0.16255908651567827,0.4713955026305947,0.24960803405829646,0.032543877696483654,0.16886524776696638,0.49183150882356247,1766.6400146484375,-1.40527131047814,0.95722272518869,115.20845344004974,6.521331594709537,59.76565866367458,1615.2319696805184,1568.2110162056222,6.757337810718322,10.686185109131596,0.3039590259906957,1834.489990234375,1737.0101318359375,1807.3800048828125,17224574474.401245,402,3.8406225956248097,,1763.54,2026-09-21 17:08:32-04:00,0.11337986666666668,after_hours,-0.17547517449696404,435350.0,1807.66,1760.52,2026-09-21T16:00:00-04:00,"Vendor latest observation, no executable bid/ask or overnight-session venue feed; after-hours bar volumes and extremes may include late regular-session batches and are not reliable liquidity/support measures",0.2495755517826825,"[0.22043584880724018, 0.28201916215521916]",0.09040528401438855,1.3142095084776593,1767,417,2026-09-21 17:08:38.802792-04:00,True,,https://finance.yahoo.com/quote/SNDK/,True,[],7,7,6,7
BE,True,0.1743504310508627,0.0207609413482581,0.15071357822150347,0.45588637639623214,0.24650874701258801,0.02789168358284059,0.16070154110156945,0.4004636682591075,0.21042958903172537,0.024326312465549345,0.15570755966153646,0.4281750223276698,272.8900146484375,2.7331286496899754,0.8739723239847224,18.794355601984364,6.887154015582804,59.58475259947302,251.15710437444005,240.6707558323062,31.53405604357593,35.462903341989204,0.452525400726259,282.0,265.3599853515625,288.0,4070051935.4475403,2050,3.338335909175294,,272.0503,2026-09-21 17:08:26-04:00,0.23073855,after_hours,-0.3077117532201745,748442.0,274.5504,272.01,2026-09-21T16:00:03-04:00,"Vendor latest observation, no executable bid/ask or overnight-session venue feed; after-hours bar volumes and extremes may include late regular-session batches and are not reliable liquidity/support measures",0.2382847038019452,"[0.21083786871994675, 0.2677466692669499]",0.07215831596172531,1.1563530420645454,2262,423,2026-09-21 17:08:39.844313-04:00,True,,https://finance.yahoo.com/quote/BE/,True,[],8,8,9,11
SMTC,True,0.153695848615956,0.01660312361409034,0.13625402595859176,0.4809678250703496,0.2582511406501128,0.023300324266764046,0.1950359692744351,0.5507383244552109,0.20597349463303438,0.019951723940427192,0.1656449976165134,0.5158530747627802,177.3699951171875,-4.124326963682434,1.231222228255759,11.882994368968033,6.699551613065669,62.57421793828421,155.52674546547794,144.5490467269785,39.007731274945854,42.93657857335913,0.09047240553458068,190.63999938964844,176.0500030517578,185.4600067138672,563183639.0553284,2513,7.4815383874220265,,177.37,2026-09-21 17:02:36-04:00,6.056209999999999,after_hours,2.752896555158202e-06,523516.0,178.2,176.1,2026-09-21T16:00:00-04:00,"Vendor latest observation, no executable bid/ask or overnight-session venue feed; after-hours bar volumes and extremes may include late regular-session batches and are not reliable liquidity/support measures",0.23549343498517578,"[0.20941049801112188, 0.2646004739539949]",0.10455529203415678,1.838194058961463,2361,423,2026-09-21 17:08:39.372600-04:00,True,,https://finance.yahoo.com/quote/SMTC/,True,[],9,11,8,18
CRWV,True,0.16492923900557005,0.025434312834406704,0.14233203628268024,0.39480368576766384,0.23579995016891128,0.026492600581237702,0.1692068689783211,0.4090478976107763,0.20036459458724065,0.025963456707822203,0.15576945263050068,0.40192579168922005,85.43000030517578,5.002457797801907,1.526281755464309,5.831033886575281,6.8255107874815355,48.725226396811685,86.09189635565393,88.20921501368144,-6.683540765662677,-2.754693467249403,0.7124803841453272,87.25,80.91999816894531,104.58999633789062,2223911675.8106613,372,2.1303987923712464,,85.53,2026-09-21 17:08:37-04:00,0.046419850000000006,after_hours,0.1170545411061763,396385.0,85.64,85.17,2026-09-21T16:00:01-04:00,"Vendor latest observation, no executable bid/ask or overnight-session venue feed; after-hours bar volumes and extremes may include late regular-session batches and are not reliable liquidity/support measures",0.23080048760666397,"[0.20659748930089283, 0.2582226685075938]",0.07087071116334123,-0.11351264001432466,2461,424,2026-09-21 17:08:39.785191-04:00,True,,https://finance.yahoo.com/quote/CRWV/,True,[],10,9,11,9
NVTS,True,0.160363893535395,0.021445033013436803,0.14678401234865848,0.3614403260139746,0.2246549083826673,0.030853245525448273,0.1617991066430419,0.3489879044617236,0.19250940095903116,0.02614913926944254,0.1542915594958502,0.35521411523784907,12.15999984741211,6.386697486838799,0.893525557947593,0.8333962750907251,6.853587874576236,52.049381864301324,11.661403411317554,12.84475972198418,-10.174031592478483,-6.24518429406521,0.6199989318847656,12.350000381469727,11.850000381469727,13.4399995803833,140422041.634202,1234,1.5625044115280318,,12.15,2026-09-21 17:08:35-04:00,0.07663863333333333,after_hours,-0.08223558830255939,1268506.0,12.3,12.12,2026-09-21T16:00:00-04:00,"Vendor latest observation, no executable bid/ask or overnight-session venue feed; after-hours bar volumes and extremes may include late regular-session batches and are not reliable liquidity/support measures",0.21790930053804766,"[0.1943380856887744, 0.24138601284326366]",0.06429101484727229,0.5982705358747578,2602,427,2026-09-21 17:08:39.598318-04:00,True,,https://finance.yahoo.com/quote/NVTS/,True,[],11,10,12,8
RCAT,True,0.14769503107648035,0.02455351956920338,0.13144116104581177,0.352319680683873,0.23679340632978818,0.025618805712826258,0.1973589567241419,0.4057621513958973,0.19224421870313427,0.02508616264101482,0.16440005888497683,0.3790409160398851,6.949999809265137,2.9629601372612946,1.4452932657957334,0.5718306940558675,8.227779996390106,34.1884716571855,8.023088642473017,8.745097932977972,-31.683526176341083,-27.75467887792781,0.4193537470947537,7.130000114440918,6.820000171661377,10.038000106811523,62356772.52840996,2513,2.589932519650162,,6.97,2026-09-21 17:07:55-04:00,0.7533508999999999,after_hours,0.28777253645677625,,6.98,6.9201,2026-09-21T16:00:01-04:00,"Vendor latest observation, no executable bid/ask or overnight-session venue feed; after-hours bar volumes and extremes may include late regular-session batches and are not reliable liquidity/support measures",0.21784073506891272,"[0.19392633451957295, 0.2419185344522305]",0.08909837525330783,-1.8765848779412315,2612,427,2026-09-21 17:08:40.201054-04:00,True,,https://finance.yahoo.com/quote/RCAT/,True,[],12,14,10,10
COHR,True,0.15301335251273018,0.018764116484201072,0.1384103380027542,0.43037852685682143,0.21362526003149188,0.024125564355027496,0.16666787795379462,0.39126375632470817,0.18331930627211102,0.021444840419614284,0.1525391079782744,0.41082114159076477,321.5199890136719,1.3108154317252874,1.1986665556415457,22.521706873545067,7.004761023610071,57.10984057928763,295.4731025025083,303.82607662629727,7.123930131226963,11.052777429640237,0.3010777564608961,332.8599853515625,316.635009765625,318.45001220703125,1765466813.2331848,2513,3.5269957468829105,,321.52,2026-09-21 17:06:36-04:00,2.0529906666666666,after_hours,3.416996907645853e-06,557097.0,323.0,320.01,2026-09-21T16:00:02-04:00,"Vendor latest observation, no executable bid/ask or overnight-session venue feed; after-hours bar volumes and extremes may include late regular-session batches and are not reliable liquidity/support measures",0.21293319042515185,"[0.18993412520156083, 0.23655568480593087]",0.06061190751876169,1.156523644385023,2799,426,2026-09-21 17:08:39.179440-04:00,True,,https://finance.yahoo.com/quote/COHR/,True,[],13,12,14,13
ASTS,True,0.14456898163986578,0.02264870940608035,0.12976291075038854,0.3458578469234588,0.21430614591271083,0.02429650606670305,0.16526340993527242,0.3771009179072604,0.1794375637762883,0.023472607736391697,0.14751316034283046,0.3614793824153596,61.88999938964844,5.758713098980639,1.0681886453306377,4.2209329823701704,6.820056590719813,49.1622089438744,61.65141522968742,65.56211128153357,-13.77590044623026,-9.847053147816986,0.8469051246175983,62.36000061035156,59.290000915527344,70.0999984741211,601423001.2754822,1729,0.7594138396157968,,61.8013,2026-09-21 17:08:13-04:00,0.4499338666666667,after_hours,-0.14331780662979465,678877.0,62.09,61.53,2026-09-21T16:00:01-04:00,"Vendor latest observation, no executable bid/ask or overnight-session venue feed; after-hours bar volumes and extremes may include late regular-session batches and are not reliable liquidity/support measures",0.21275121275121275,"[0.18914640230825955, 0.23566111994495118]",0.06973716427284504,0.05652403413120361,2886,427,2026-09-21 17:08:39.996032-04:00,True,,https://finance.yahoo.com/quote/ASTS/,True,[],14,15,13,12
MSTR,True,0.15210631852571369,0.019535017001324484,0.13267882645735626,0.3412143045190657,0.19294684057693726,0.02215415113495548,0.1605246025414598,0.3212185869658904,0.17252657955132547,0.020844584068139983,0.14660171449940804,0.33121644574247805,168.5,9.472454524753449,1.4780476608754838,9.796831349663714,5.814143234221788,70.90371393983538,132.86524966319868,122.37351664224114,37.37094305798085,41.299790356394126,0.7979796734308869,169.5,164.5500030517578,154.02000427246094,3684927414.6447372,2513,0.5934718100890191,,169.15,2026-09-21 17:08:37-04:00,0.0639233,after_hours,0.38575667655786905,,170.4,168.0,2026-09-21T16:00:00-04:00,"Vendor latest observation, no executable bid/ask or overnight-session venue feed; after-hours bar volumes and extremes may include late regular-session batches and are not reliable liquidity/support measures",0.20844327176781002,"[0.1862161074748445, 0.22874003930341957]",0.04084052205122357,3.6373750925113675,3032,429,2026-09-21 17:08:40.835398-04:00,True,,https://finance.yahoo.com/quote/MSTR/,True,[],15,13,18,14
WULF,True,0.1428725738011158,0.019240870041766518,0.130451283716119,0.3475082094034875,0.20043929263715057,0.02134634459336198,0.171058423524838,0.35234598901599107,0.1716559332191332,0.02029360731756425,0.1507548536204785,0.3499270992097393,17.450000762939453,2.5867168026872056,0.8376191758319694,1.2123016353767935,6.947287005004012,54.33971840529437,16.361581536498967,17.534284259968835,7.644045156090096,11.57289245450337,0.6400019327799479,17.719999313354492,16.969999313354492,18.079999923706055,470545244.78241444,2513,1.5472695622367194,,17.45,2026-09-21 17:08:24-04:00,0.2834945166666667,after_hours,-4.372145678832595e-06,1210433.0,17.62,17.36,2026-09-21T16:00:00-04:00,"Vendor latest observation, no executable bid/ask or overnight-session venue feed; after-hours bar volumes and extremes may include late regular-session batches and are not reliable liquidity/support measures",0.20724543080939947,"[0.1855866948092558, 0.2271103905239697]",0.057566718836034786,0.897812223194928,3064,429,2026-09-21 17:08:41.009671-04:00,True,,https://finance.yahoo.com/quote/WULF/,True,[],16,16,16,16
IREN,True,0.1299700734545907,0.015931714794988887,0.12617677851287173,0.3659199632747889,0.20226006246018743,0.024417639024134307,0.14508860915795663,0.35762726041433707,0.16611506795738906,0.020174676909561595,0.13563269383541418,0.36177361184456297,47.22999954223633,1.1782331479538666,0.9872219319593037,3.10240824077274,6.56872384256187,60.12008863458088,43.06491687962309,42.89643165921372,8.84574281064534,12.774590109058614,0.3503580405752481,48.76900100708008,46.400001525878906,49.290000915527344,1712971772.8032875,1214,3.2585252588611002,,47.3337,2026-09-21 17:08:18-04:00,0.36312075,after_hours,0.21956480789488975,895718.0,47.45,47.21,2026-09-21T16:00:01-04:00,"Vendor latest observation, no executable bid/ask or overnight-session venue feed; after-hours bar volumes and extremes may include late regular-session batches and are not reliable liquidity/support measures",0.20030816640986132,"[0.17982593019676577, 0.22054493931637845]",0.07228998900559674,1.3425321038909466,3245,428,2026-09-21 17:08:39.787245-04:00,True,,https://finance.yahoo.com/quote/IREN/,True,[],17,17,15,17
LITE,True,0.12635303101874962,0.015709746874614457,0.12351938218717352,0.4015361052945919,0.19345208052045937,0.0199953805909121,0.15957877723141345,0.41308781924365157,0.1599025557696045,0.01785256373276328,0.14154907970929348,0.4073119622691217,954.489990234375,2.533007247757002,1.0726336291738183,66.15107593631724,6.9305154179850375,55.91474367970884,900.366549650089,870.7630185190848,6.199103923603189,10.127951222016463,0.22649592853125536,983.4498901367188,946.010009765625,1026.760009765625,3962769387.2338867,2513,3.0340705715764082,,956.5,2026-09-21 17:07:57-04:00,0.7007853333333334,after_hours,0.21058468775889683,365375.0,958.66,952.965,2026-09-21T16:00:01-04:00,"Vendor latest observation, no executable bid/ask or overnight-session venue feed; after-hours bar volumes and extremes may include late regular-session batches and are not reliable liquidity/support measures",0.1881799470743899,"[0.16888703761311105, 0.2071036483515767]",0.06709904950170975,0.8181792936578972,3401,428,2026-09-21 17:08:39.047120-04:00,True,,https://finance.yahoo.com/quote/LITE/,True,[],18,18,17,19
WDC,True,0.12342702647110969,0.015372996905604352,0.12198546153106302,0.34292229260654933,0.16728122696145442,0.020287577105266266,0.1472669471760683,0.3440651242731507,0.14535412671628206,0.01783028700543531,0.13462620435356565,0.34349370843985005,448.1700134277344,1.5429645419140936,1.18978864533442,28.216858938688624,6.296016710907964,47.60904358578644,450.1199128286641,473.86302614594325,-6.35051907612052,-2.421671777707246,0.4710160214790287,460.489990234375,437.2001037597656,495.489990234375,2770435771.296997,2513,2.748951611557815,,448.0,2026-09-21 17:08:27-04:00,0.2009582,after_hours,-0.037935029707603096,1365832.0,449.51,445.66,2026-09-21T16:00:00-04:00,"Vendor latest observation, no executable bid/ask or overnight-session venue feed; after-hours bar volumes and extremes may include late regular-session batches and are not reliable liquidity/support measures",0.18828025477707006,"[0.1697487751485458, 0.2067141153152778]",0.04385420049034473,-0.06910405602432887,3925,429,2026-09-21 17:08:39.057492-04:00,True,,https://finance.yahoo.com/quote/WDC/,True,[],19,19,21,20
CIEN,True,0.11952724873026346,0.015904165709385912,0.11595149076989951,0.32761362379958997,0.1662797638456942,0.018178649663504323,0.15881016749922622,0.34149710324674853,0.14290350628797882,0.017041407686445117,0.13738082913456287,0.3345553635231693,365.9599914550781,4.919725992735624,1.0662554233266852,25.75531037323767,7.037739363484261,50.759335103608215,356.22061108309975,384.2351622812646,-11.465676537612746,-7.536829239199472,0.8512542009510762,367.6199951171875,356.4599914550781,418.7200012207031,915161514.0963745,2513,0.45360249777826045,,368.0,2026-09-21 17:06:09-04:00,2.5073999666666666,after_hours,0.5574403193121524,217698.0,367.02,362.653,2026-09-21T16:00:02-04:00,"Vendor latest observation, no executable bid/ask or overnight-session venue feed; after-hours bar volumes and extremes may include late regular-session batches and are not reliable liquidity/support measures",0.18899580557611645,"[0.17056784937673558, 0.20808339472222934]",0.04675251511543074,0.3781503787311589,4053,429,2026-09-21 17:08:39.443998-04:00,True,,https://finance.yahoo.com/quote/CIEN/,True,[],20,20,23,23
PL,True,0.10768381472636768,0.016228322079880446,0.1132172526132417,0.2700178340337233,0.17267895123884638,0.024904538203284494,0.15508373698543587,0.28667260524387894,0.14018138298260702,0.02056643014158247,0.13415049479933877,0.2783452196388011,17.06999969482422,3.9585847473210256,0.7874610972920035,1.1313079404426565,6.62746315564188,35.80735077558887,18.273979788829774,21.551749176877102,-27.34742516427079,-23.418577865857515,0.7264955592941821,17.229999542236328,16.645000457763672,22.959999084472656,201321416.05039597,1358,0.9373160531492175,,17.14,2026-09-21 17:03:08-04:00,5.535435199999999,after_hours,0.41007795212208986,695957.0,17.15,17.0353,2026-09-21T16:00:03-04:00,"Vendor latest observation, no executable bid/ask or overnight-session venue feed; after-hours bar volumes and extremes may include late regular-session batches and are not reliable liquidity/support measures",0.18526517878569715,"[0.16690193965517242, 0.20452902226007447]",0.06499513651247871,-1.0642372876252097,4167,429,2026-09-21 17:08:40.126112-04:00,True,,https://finance.yahoo.com/quote/PL/,True,[],21,25,20,15
ABCL,True,0.09644845853374748,0.01136144189590002,0.10083200884903443,0.3604457650113566,0.1833232744587903,0.017942773629124685,0.15734376116676077,0.478902620363215,0.13988586649626888,0.014652107762512353,0.12908788500789758,0.4196741926872858,12.65999984741211,0.2375275748168093,0.9219212466116732,0.7280365140333876,5.75068343450422,66.81546531523365,11.404388254497555,9.830134732043248,7.908610199050892,11.837457497464165,0.4894647329347345,12.899900436401367,12.430000305175781,13.180000305175781,55784201.54387474,1449,1.8949493829440778,,12.6242,2026-09-21 17:04:25-04:00,4.271657066666666,after_hours,-0.2827792088751613,6512.0,12.68,12.56,2026-09-21T16:00:01-04:00,"Vendor latest observation, no executable bid/ask or overnight-session venue feed; after-hours bar volumes and extremes may include late regular-session batches and are not reliable liquidity/support measures",0.18463740458015268,"[0.16612750318339947, 0.2036084264611359]",0.08687481592504281,1.7246546961749951,4192,429,2026-09-21 17:08:41.299424-04:00,True,,https://finance.yahoo.com/quote/ABCL/,True,[],22,30,19,31
MRVL,True,0.11488379874872137,0.012498670185934868,0.11704218158388574,0.35607796747373033,0.16397387027400123,0.018762066837121866,0.13460557311002158,0.3325376554174647,0.1394288345113613,0.015630368511528367,0.12582387734695366,0.3443078114455975,257.3800048828125,5.375641712512791,0.9477699531308371,14.680320789820334,5.703753404039455,62.41676106504368,230.34455526982504,224.46449261405635,4.65198807653846,8.580835374951734,0.765142798942258,261.17999267578125,245.0,254.60000610351562,5061320783.178406,2513,1.4764114231402337,,257.25,2026-09-21 17:08:25-04:00,0.229737,after_hours,-0.05051087122004416,4192.0,257.74,256.05,2026-09-21T16:00:01-04:00,"Vendor latest observation, no executable bid/ask or overnight-session venue feed; after-hours bar volumes and extremes may include late regular-session batches and are not reliable liquidity/support measures",0.18399242244849634,"[0.16532927081025903, 0.20275054071924062]",0.04909007152527986,1.8416116377875378,4223,429,2026-09-21 17:08:38.784220-04:00,True,,https://finance.yahoo.com/quote/MRVL/,True,[],23,21,24,28
RDW,True,0.11442720070013603,0.015120996180374982,0.11289280630189102,0.32551986788402465,0.1545675322389886,0.017204874263750402,0.13821128941409339,0.32460895133330253,0.1344973664695623,0.01616293522206269,0.1255520478579922,0.32506440960866356,11.600000381469727,8.007454643195278,1.1745328847134813,0.777112050351601,6.699241593069159,54.68269242744578,11.043834546858916,11.279412521261662,-7.423024172779935,-3.4941768743666612,0.8582474261962544,11.69909954071045,11.0,12.324999809265137,129194061.56004429,1427,0.8543030688087594,,11.57,2026-09-21 17:04:38-04:00,4.034987433333333,after_hours,-0.2586239696823589,1213617.0,11.6509,11.5125,2026-09-21T16:00:02-04:00,"Vendor latest observation, no executable bid/ask or overnight-session venue feed; after-hours bar volumes and extremes may include late regular-session batches and are not reliable liquidity/support measures",0.17567567567567569,"[0.15886319676455074, 0.19409305903127605]",0.04014033153885256,0.7156829370477216,4440,428,2026-09-21 17:08:40.099246-04:00,True,,https://finance.yahoo.com/quote/RDW/,True,[],24,22,28,26
TER,True,0.10978372513959278,0.013956209650881386,0.11058827437659903,0.3286019432161098,0.15916949482228618,0.019273282116089314,0.13529797342572947,0.3192733752308141,0.13447660998093947,0.01661474588348535,0.12294312390116424,0.32393765922346196,381.5400085449219,2.7108534447269683,1.3317943991323382,21.131506557940238,5.5384772460768685,54.883590736289655,362.2379475728745,367.1916447018731,-2.346213266536834,1.5826340318764398,0.7571032548501971,384.9599914550781,370.8800048828125,385.67999267578125,898034648.7843323,2513,0.8963628541077684,,381.5466,2026-09-21 17:06:23-04:00,2.271898466666667,after_hours,0.0017275921084358714,837099.0,383.0,379.23,2026-09-21T16:00:00-04:00,"Vendor latest observation, no executable bid/ask or overnight-session venue feed; after-hours bar volumes and extremes may include late regular-session batches and are not reliable liquidity/support measures",0.17567567567567569,"[0.15886319676455074, 0.19409305903127605]",0.0493857696826934,0.9134256906445973,4440,428,2026-09-21 17:08:39.313908-04:00,True,,https://finance.yahoo.com/quote/TER/,True,[],25,24,25,24
LRCX,True,0.11145249644248385,0.014842618137892574,0.11336456857984986,0.30431439648054526,0.15737338320234723,0.020795174610769566,0.13116357277003118,0.30510859352123226,0.13441293982241553,0.01781889637433107,0.12226407067494052,0.3047114950008888,302.2799987792969,4.918265297345936,1.3242039610912621,15.943485137800904,5.274409554778942,51.35834963792336,295.35936690541524,305.83462369333273,-7.66133176360535,-3.7324844651920763,0.7821083072195063,305.69000244140625,290.0400085449219,322.2099914550781,2497880317.578888,2513,1.1280943747121963,,302.48,2026-09-21 17:07:33-04:00,1.1045289833333334,after_hours,0.06616422572145453,2597024.0,303.893,301.28,2026-09-21T16:00:00-04:00,"Vendor latest observation, no executable bid/ask or overnight-session venue feed; after-hours bar volumes and extremes may include late regular-session batches and are not reliable liquidity/support measures",0.1747638326585695,"[0.15800226030868003, 0.19295187160837757]",0.045920886759863375,0.4340727145957123,4446,428,2026-09-21 17:08:39.271739-04:00,True,,https://finance.yahoo.com/quote/LRCX/,True,[],26,23,27,21
IOVA,True,0.09735867715209037,0.01046955386916443,0.10006948119900642,0.37904635449907664,0.1672481568667826,0.02441315566022618,0.13395746091523056,0.40962685474135013,0.13230341700943649,0.017441354764695306,0.11701347105711848,0.39433660462021336,10.1899995803833,-0.5853699474799967,0.9382414481362255,0.5551513036421645,5.448001241441487,74.34692433333595,8.826299147829912,7.371524835240699,18.990327940105956,22.91917523851923,0.262294569377392,10.640000343322754,10.029999732971191,10.979999542236328,123425177.54236698,2513,4.416101879000522,,10.19,2026-09-21 17:05:50-04:00,2.8549898500000004,after_hours,4.117926555302631e-06,,10.24,10.07,2026-09-21T16:00:01-04:00,"Vendor latest observation, no executable bid/ask or overnight-session venue feed; after-hours bar volumes and extremes may include late regular-session batches and are not reliable liquidity/support measures",0.1720594665500656,"[0.15531972249395853, 0.19026603038324913]",0.06988947971469223,2.4564482216048127,4574,428,2026-09-21 17:08:41.299391-04:00,True,,https://finance.yahoo.com/quote/IOVA/,True,[],27,29,22,22
TSEM,True,0.10344661018952817,0.013266734441550356,0.10832224758347875,0.3175039993440724,0.15907271144750734,0.01855637225940321,0.14055311986787966,0.30779486775926396,0.13125966081851775,0.01591155335047678,0.1244376837256792,0.3126494335516682,233.82000732421875,4.570662317411456,1.2589074533424491,13.80169856591039,5.902702135652884,56.83807754190904,216.24826657054206,223.66574614079627,1.1163079965627931,5.045155294976067,0.6124372563697305,239.99000549316406,224.07000732421875,229.7899932861328,378225496.6088104,2513,2.6387811032739794,,233.52,2026-09-21 17:07:04-04:00,1.5933738166666667,after_hours,-0.12830695185238605,473644.0,235.0,231.1472,2026-09-21T16:00:00-04:00,"Vendor latest observation, no executable bid/ask or overnight-session venue feed; after-hours bar volumes and extremes may include late regular-session batches and are not reliable liquidity/support measures",0.17097329888027563,"[0.1540292691050917, 0.1882578559036134]",0.05562610125797918,1.2731578413890408,4644,428,2026-09-21 17:08:39.602429-04:00,True,,https://finance.yahoo.com/quote/TSEM/,True,[],28,27,26,27
AMD,True,0.10657131772500228,0.011740852942894515,0.10450372026363931,0.32044423872296834,0.14703465497590326,0.01820372703447233,0.11616427446453188,0.3044326996270063,0.12680298635045278,0.014972289988683423,0.1103339973640856,0.3124384691749873,615.52001953125,9.949628716069213,2.304983398292733,26.35153273474192,4.281182073462039,72.96287920422287,513.3544488073378,496.50897646725764,26.133491746753123,30.062339045166397,0.9662896236605868,616.6799926757812,582.27001953125,559.9099731445312,9481217018.10913,2513,0.18845417008770404,,615.2267,2026-09-21 17:08:36-04:00,0.04614426666666667,after_hours,-0.047653938449199185,153.0,616.69,607.49,2026-09-21T16:00:01-04:00,"Vendor latest observation, no executable bid/ask or overnight-session venue feed; after-hours bar volumes and extremes may include late regular-session batches and are not reliable liquidity/support measures",0.1623721881390593,"[0.14681307161684468, 0.1786634670462846]",0.04046333725090098,3.8770257408676985,4890,428,2026-09-21 17:08:38.768656-04:00,True,,https://finance.yahoo.com/quote/AMD/,True,[],29,26,30,30
TEM,True,0.09516652946455459,0.010531402014038427,0.10143820636550194,0.3485867600210924,0.1529759439930171,0.013830723955371977,0.15373956563619348,0.3437302870445065,0.12407123672878584,0.012181062984705202,0.12758888600084772,0.3461585235327994,78.02999877929688,0.2440935898576857,0.7305607893467319,4.811709371456856,6.166486539448097,67.9775621582262,66.81494577344121,60.77542141410127,3.4174123776612664,7.34625967607454,0.28800387587415155,80.25,77.13200378417969,81.83000183105469,525641986.24393463,568,2.8450612013749543,,77.83,2026-09-21 17:06:34-04:00,2.1194626166666666,after_hours,-0.25631011460420794,233069.0,78.4,77.89,2026-09-21T16:00:00-04:00,"Vendor latest observation, no executable bid/ask or overnight-session venue feed; after-hours bar volumes and extremes may include late regular-session batches and are not reliable liquidity/support measures",0.15849802371541502,"[0.14262557901131445, 0.17488526662607382]",0.0578094145284625,2.330783540748233,5060,428,2026-09-21 17:08:41.167757-04:00,True,,https://finance.yahoo.com/quote/TEM/,True,[],30,31,29,38
AMAT,True,0.10099944666077468,0.013368853037628092,0.10677546673067743,0.2746556194872143,0.13887920357257358,0.019546488820227276,0.12361920180699794,0.2778879532125298,0.11993932511667413,0.016457670928927685,0.11519733426883769,0.27627178634987204,464.239990234375,4.424496161706015,1.4112461473775164,21.797383154995828,4.695283390815009,49.74140767469668,456.08380328169756,483.1218511155093,-9.632458094663443,-5.703610796250169,0.7306832814602232,468.510009765625,452.6549987792969,503.5,2936619160.478821,2513,0.91978709742222,,463.4005,2026-09-21 17:08:01-04:00,0.63720895,after_hours,-0.1808310899608534,455046.0,465.5,461.95,2026-09-21T16:00:01-04:00,"Vendor latest observation, no executable bid/ask or overnight-session venue feed; after-hours bar volumes and extremes may include late regular-session batches and are not reliable liquidity/support measures",0.15805243445692885,"[0.14248561893364603, 0.17543572180991865]",0.0378797569117989,0.37418193251367865,5340,427,2026-09-21 17:08:39.232537-04:00,True,,https://finance.yahoo.com/quote/AMAT/,True,[],31,28,31,25
STX,True,0.08905891644158502,0.01014654606390966,0.10017219749711123,0.28848967785791013,0.12661135804400567,0.01411486611952776,0.131057770869478,0.32160793480448147,0.10783513724279534,0.01213070609171871,0.11561498418329462,0.3050488063311958,877.3250122070312,2.158273227904073,1.1586612901660773,52.334795958393464,5.9652688832771465,55.04095277867026,837.1243454157506,840.9607894170133,-0.7141399799390102,3.2147073184742636,0.29067255388502145,914.8200073242188,861.9600830078125,925.4400024414062,3001405930.693054,2513,4.273786179065353,,874.05,2026-09-21 17:08:30-04:00,0.1504113,after_hours,-0.37329520547836337,,877.33,871.0,2026-09-21T16:00:00-04:00,"Vendor latest observation, no executable bid/ask or overnight-session venue feed; after-hours bar volumes and extremes may include late regular-session batches and are not reliable liquidity/support measures",0.14420803782505912,"[0.1299312766185363, 0.15995592972306805]",0.03755244160242065,0.7681441391926036,6345,427,2026-09-21 17:08:39.024678-04:00,True,,https://finance.yahoo.com/quote/STX/,True,[],32,32,33,39
KLAC,True,0.08883757574604158,0.011696102582576308,0.09813751540043676,0.2496407184171131,0.12506291040604264,0.018594906743860655,0.11626266106766354,0.24593596429985262,0.10695024307604212,0.01514550466321848,0.10720008823405015,0.24778834135848288,183.97000122070312,3.9437230978608406,0.975979720154933,8.54654274131985,4.645617592330625,51.4716114531117,179.28801473939112,189.28610889755643,-3.939719776191253,-0.01087247777797895,0.7418086553075754,185.94000244140625,178.30999755859375,190.8699951171875,1692743719.866562,2513,1.0708274216619573,,184.33,2026-09-21 17:08:27-04:00,0.20436501666666668,after_hours,0.19568341409370582,1414981.0,185.29,183.67,2026-09-21T16:00:01-04:00,"Vendor latest observation, no executable bid/ask or overnight-session venue feed; after-hours bar volumes and extremes may include late regular-session batches and are not reliable liquidity/support measures",0.14250116804236101,"[0.1284920350942478, 0.15789220418350258]",0.036225334660001066,0.5478222742251173,6421,427,2026-09-21 17:08:39.261901-04:00,True,,https://finance.yahoo.com/quote/KLAC/,True,[],33,33,34,29
ONDS,True,0.0818887918364765,0.011456563229919678,0.09588100890830818,0.2624602671375418,0.12924106948704064,0.015171758843465215,0.13572716650404518,0.30565809690548434,0.10556493066175857,0.013314161036692446,0.11580408770617667,0.28405918202151303,7.380000114440918,-0.1353146444565967,0.8451050525876971,0.4379430164036493,5.934187122120747,42.7672851652919,7.616140361363038,8.035254854581577,-19.198651177645043,-15.26980387923177,0.12121203363870185,7.670000076293945,7.340000152587891,8.84000015258789,462078402.411325,1454,3.9295387175613428,,7.39,2026-09-21 17:08:01-04:00,0.6537779166666666,after_hours,0.1354998022224274,1463278.0,7.4,7.37,2026-09-21T16:00:00-04:00,"Vendor latest observation, no executable bid/ask or overnight-session venue feed; after-hours bar volumes and extremes may include late regular-session batches and are not reliable liquidity/support measures",0.1396093988404028,"[0.12593034152190896, 0.15435844203790303]",0.04735227765056414,-0.539203133917475,6554,427,2026-09-21 17:08:40.226675-04:00,True,,https://finance.yahoo.com/quote/ONDS/,True,[],34,35,32,33
HIMS,True,0.08250164784000741,0.01129918534166939,0.09272509864611375,0.2336050279425343,0.12028397800854342,0.013613352335957367,0.1281393847820746,0.26315946790503736,0.1013928129242754,0.01245626883881338,0.11043224171409417,0.24838224792378583,29.350000381469727,4.858880391113463,0.8539276438058463,1.6402669347812238,5.588643657452266,51.42832327148895,28.735460624842027,29.48597162873413,-17.043111827464152,-13.114264529050878,0.8698889766537572,29.524999618530273,28.18000030517578,34.45600128173828,283860645.2446747,1764,0.5962495222692876,,29.1951,2026-09-21 17:04:47-04:00,3.90428615,after_hours,-0.5277696063252013,709431.0,29.45,29.25,2026-09-21T16:00:03-04:00,"Vendor latest observation, no executable bid/ask or overnight-session venue feed; after-hours bar volumes and extremes may include late regular-session batches and are not reliable liquidity/support measures",0.13311220074992788,"[0.11942668794127828, 0.14695571777250385]",0.03778233016853601,0.37465838248435224,6934,426,2026-09-21 17:08:41.257169-04:00,True,,https://finance.yahoo.com/quote/HIMS/,True,[],35,34,38,36
VRT,True,0.07684491035821936,0.010465409602124127,0.0896525953603163,0.239920406007439,0.12177139232293506,0.014232883994849047,0.13014054187379429,0.2799164921732963,0.09930815134057722,0.012349146798486588,0.1098965686170553,0.25991844909036765,250.86000061035156,0.5894387201975881,0.9020998034362123,14.27850457930482,5.691821950316789,45.90375722935376,255.98679560876286,269.64880699704304,-8.139003968467861,-4.210156670054587,0.4476493304789489,254.87570190429688,247.60549926757812,295.3399963378906,1360045508.2471466,2044,1.6007738516204073,,251.3113,2026-09-21 17:06:05-04:00,2.5797179,after_hours,0.17990089633677098,473268.0,252.0,250.7362,2026-09-21T16:00:03-04:00,"Vendor latest observation, no executable bid/ask or overnight-session venue feed; after-hours bar volumes and extremes may include late regular-session batches and are not reliable liquidity/support measures",0.1306168015629361,"[0.11728945136542947, 0.14395804594145029]",0.0449264819647157,-0.3590568585061803,7166,426,2026-09-21 17:08:39.783074-04:00,True,,https://finance.yahoo.com/quote/VRT/,True,[],36,39,35,37
APP,True,0.07924232186576184,0.012111100151123702,0.0852917934561626,0.20154699836186538,0.11493443330917834,0.017154416928318303,0.11239059691421181,0.23202877281382928,0.09708837758747009,0.014632758539721003,0.0988411951851872,0.21678788558784734,330.1700134277344,7.1771784861276,1.2315866994854177,17.3570314828092,5.25699814547459,50.19022308947054,323.5769531139529,356.80750352575404,4.0510151114883985,7.979862409901672,0.7753820264310044,336.94000244140625,306.79998779296875,338.3399963378906,1519649922.153473,1365,2.050455443663002,,329.5,2026-09-21 17:08:38-04:00,0.042907999999999995,after_hours,-0.20292982417708938,39702.0,331.0,327.9689,2026-09-21T16:00:01-04:00,"Vendor latest observation, no executable bid/ask or overnight-session venue feed; after-hours bar volumes and extremes may include late regular-session batches and are not reliable liquidity/support measures",0.12972173679257964,"[0.11631339995138797, 0.1431048451450775]",0.0356921114434165,0.3798495336205023,7439,426,2026-09-21 17:08:40.574480-04:00,True,,https://finance.yahoo.com/quote/APP/,True,[],37,37,40,32
MU,True,0.0770181794546964,0.008323131525221869,0.09189772347904404,0.2699524501407297,0.11529002054666451,0.014660278913804961,0.11132710161888949,0.279698728246854,0.09615410000068045,0.011491705219513416,0.10161241254896677,0.27482558919379185,1043.9599609375,2.7721966413599253,1.0915337806800742,49.21619379229982,4.7143756115035815,61.2440997130815,967.9984657681915,940.6108372108667,4.05434735826129,7.983194656674564,0.3927811936989793,1064.489990234375,1030.6800537109375,1042.4000244140625,23887577144.50714,2513,1.9665533224510368,,1041.99,2026-09-21 17:08:36-04:00,0.0462565,after_hours,-0.1887008133655721,1037341.0,1043.96,1040.8,2026-09-21T16:00:01-04:00,"Vendor latest observation, no executable bid/ask or overnight-session venue feed; after-hours bar volumes and extremes may include late regular-session batches and are not reliable liquidity/support measures",0.12806901128069012,"[0.1143734082962427, 0.141592689180955]",0.038271841091968115,1.5434248225264655,7535,426,2026-09-21 17:08:38.775390-04:00,True,,https://finance.yahoo.com/quote/MU/,True,[],38,38,39,41
PATH,True,0.07022252091793695,0.011545756065052306,0.08248004159918809,0.21334617829191238,0.12112073838844216,0.013735746932451063,0.1313004511134704,0.27549871600081777,0.09567162965318955,0.012640751498751684,0.10689024635632925,0.24442244714636507,13.59000015258789,1.4936505163337888,0.7597406786973937,0.8704065579260141,6.404757528720601,40.74168473262273,14.781645938674314,14.355927297750748,-21.012430833071395,-17.08358353465812,0.42840906303403953,13.789999961853027,13.440099716186523,18.829999923706055,972082510.9138823,1361,1.4716689258244875,,13.602,2026-09-21 17:01:59-04:00,6.6958276,after_hours,0.08829909696377314,1572100.0,13.6845,13.59,2026-09-21T16:00:03-04:00,"Vendor latest observation, no executable bid/ask or overnight-session venue feed; after-hours bar volumes and extremes may include late regular-session batches and are not reliable liquidity/support measures",0.127931488801054,"[0.11422618550966486, 0.14149328634478298]",0.050898217470505214,-1.3690680237127941,7590,426,2026-09-21 17:08:40.749656-04:00,True,,https://finance.yahoo.com/quote/PATH/,True,[],39,41,37,35
CRWD,True,0.06978651621873241,0.009717570575506564,0.07837824805228989,0.24068384392829237,0.12132315868854544,0.013023738199053928,0.12239370370373065,0.33455485770513915,0.09555483745363894,0.011370654387280247,0.10038597587801026,0.28761935081671575,249.35000610351562,4.923211658960769,1.0390640710265855,13.32474565415681,5.343791990374025,64.6414192687544,223.75881729019812,208.41985893818153,25.974778681195843,29.903625979609117,0.9506684544392432,250.30999755859375,230.85000610351562,250.32000732421875,2804367418.2639313,1829,0.3849975663042793,,248.7,2026-09-21 17:08:34-04:00,0.107328,after_hours,-0.260680203571273,,249.4,248.0,2026-09-21T16:00:01-04:00,"Vendor latest observation, no executable bid/ask or overnight-session venue feed; after-hours bar volumes and extremes may include late regular-session batches and are not reliable liquidity/support measures",0.12767915844838923,"[0.11406807285422307, 0.14136408681184062]",0.05153664246981303,1.9205761578896652,7605,426,2026-09-21 17:08:40.439680-04:00,True,,https://finance.yahoo.com/quote/CRWD/,True,[],40,42,36,42
COIN,True,0.07982589358596864,0.010031559597981061,0.0904517191901085,0.2337883804233221,0.10992396741662877,0.013248539422292583,0.12273418607703494,0.28238887863169276,0.09487493050129871,0.011640049510136821,0.10659295263357171,0.25808862952750744,201.0500030517578,3.5006450716899895,1.2979894053310461,12.683089879285522,6.308425608936906,60.44455486297109,178.86592147068075,172.63015019299883,3.8785402986273976,7.807387597040671,0.0514663342538306,208.3300018310547,200.65499877929688,196.2100067138672,2010670201.7652893,1366,3.620989141404163,,201.5,2026-09-21 17:08:38-04:00,0.04803576666666667,after_hours,0.22382339786701788,,203.4,200.6,2026-09-21T16:00:01-04:00,"Vendor latest observation, no executable bid/ask or overnight-session venue feed; after-hours bar volumes and extremes may include late regular-session batches and are not reliable liquidity/support measures",0.12607449856733524,"[0.11231502595018536, 0.13982425816333266]",0.030098073830660127,1.7491070229904233,7678,426,2026-09-21 17:08:40.882146-04:00,True,,https://finance.yahoo.com/quote/COIN/,True,[],41,36,43,40
HOOD,True,0.0725877410323207,0.008811504590300152,0.0847961184622313,0.2293346220044049,0.11182285058287225,0.012143253217363191,0.1202446435425353,0.2822235442947419,0.09220529580759648,0.010477378903831672,0.10252038100238331,0.2557790831495734,123.30000305175781,2.9043593438466075,1.1126830768457805,6.886477970659203,5.5851401461591665,62.31309585612609,111.29437662562054,105.23828807019758,10.100567464991173,14.029414763404446,0.3653061955335358,126.41000366210938,121.51000213623047,125.25,2771861417.851944,1292,2.5223037578077534,,123.6699,2026-09-21 17:08:23-04:00,0.29737261666666664,after_hours,0.29999751750768855,,123.99,123.0,2026-09-21T16:00:01-04:00,"Vendor latest observation, no executable bid/ask or overnight-session venue feed; after-hours bar volumes and extremes may include late regular-session batches and are not reliable liquidity/support measures",0.12288767395626242,"[0.10935924346958258, 0.1366646699919836]",0.03923510955055155,1.7433623511596072,8048,426,2026-09-21 17:08:40.842357-04:00,True,,https://finance.yahoo.com/quote/HOOD/,True,[],42,40,41,44
SMMT,True,0.058471079255109096,0.007358261185573014,0.06962499553055049,0.2057312294317207,0.11118830841189128,0.012662193875635655,0.12047606445927886,0.3247767792106933,0.0848296938335002,0.010010227530604335,0.09505052999491467,0.265254004321207,16.899999618530273,-5.322133011972696,0.8690767990476406,0.9942466530395694,5.883116422969689,56.30196723808341,16.36759149299873,15.456968347663143,24.490604179419595,28.41945147783287,0.1460674879692424,18.420000076293945,16.639999389648438,18.829999923706055,106575901.33984089,2513,8.994085751913538,,16.9,2026-09-21 17:07:04-04:00,1.62222525,after_hours,2.2572173685730945e-06,1086149.0,16.9,16.6,2026-09-21T16:00:00-04:00,"Vendor latest observation, no executable bid/ask or overnight-session venue feed; after-hours bar volumes and extremes may include late regular-session batches and are not reliable liquidity/support measures",0.11065127423219343,"[0.09885671943902262, 0.12290635324840492]",0.05271722915678219,0.5354889794236539,9182,426,2026-09-21 17:08:41.333515-04:00,True,,https://finance.yahoo.com/quote/SMMT/,True,[],43,48,42,47
RBLX,True,0.06494601686743554,0.00846731072798194,0.07371240181766826,0.15922796613124962,0.0893897607373033,0.01178915408784748,0.09970930044281066,0.1754655861830908,0.07716788880236941,0.01012823240791471,0.08671085113023946,0.1673467761571702,51.25,7.172731758814765,0.9239197372829706,2.412567196129138,4.7074481875690495,68.34634255238646,45.19829884351333,44.62950085482486,29.639048001714528,33.5678953001278,0.8426676432291667,51.54499816894531,49.66999816894531,51.29999923706055,435993228.96032333,1390,0.5756061833079196,,51.0,2026-09-21 16:53:42-04:00,14.984267883333333,after_hours,-0.4878048780487809,995415.0,51.4,51.0,2026-09-21T16:00:02-04:00,"Vendor latest observation, no executable bid/ask or overnight-session venue feed; after-hours bar volumes and extremes may include late regular-session batches and are not reliable liquidity/support measures",0.09744424236622953,"[0.08700582261471113, 0.10907175803563282]",0.024443743869867765,2.508407295845011,10447,425,2026-09-21 17:08:41.056073-04:00,True,,https://finance.yahoo.com/quote/RBLX/,True,[],44,43,47,46
NET,True,0.061097962298739907,0.007701469368354704,0.07275179311580428,0.21308616773729705,0.09109398556419857,0.011479004605743913,0.09768626081225905,0.24372152445242726,0.07609597393146923,0.009590236987049309,0.08521902696403166,0.22840384609486214,351.6700134277344,8.674291345729923,1.232495127267141,18.383991729377858,5.227625622721919,65.41152578764537,311.7010782723018,292.6385041193878,16.037720162358625,19.9665674607719,0.9743210278420782,352.45001220703125,322.07501220703125,338.0,950163366.869812,1764,0.22179848992360807,,351.76,2026-09-21 16:54:36-04:00,14.074520549999999,after_hours,0.025588355227812443,3742625.0,352.0,350.0,2026-09-21T16:04:38-04:00,"Vendor latest observation, no executable bid/ask or overnight-session venue feed; after-hours bar volumes and extremes may include late regular-session batches and are not reliable liquidity/support measures",0.09575871819038642,"[0.08549373509447658, 0.10699498360507378]",0.02999602326545866,2.1741162498219415,10610,425,2026-09-21 17:08:40.471233-04:00,True,,https://finance.yahoo.com/quote/NET/,True,[],45,45,44,51
RDDT,True,0.06025554647736919,0.009155754548329276,0.07189032479865028,0.17723200496783584,0.08986429346279957,0.011682415939117275,0.10142559924089029,0.20546448365646364,0.07505991997008438,0.010419085243723276,0.08665796201977027,0.19134824431214975,158.72999572753906,5.223725094592346,1.137749065235325,8.178223274709879,5.152285954034703,51.388415712721184,155.91399385853998,160.25705282818438,-0.38001653341226405,3.54883076500101,0.8109674455705037,160.35000610351562,151.77999877929688,166.17999267578125,718400917.6699066,627,1.020607584944,,158.59,2026-09-21 16:58:16-04:00,10.4178183,after_hours,-0.088197398920975,4541976.0,159.598,158.3,2026-09-21T16:04:36-04:00,"Vendor latest observation, no executable bid/ask or overnight-session venue feed; after-hours bar volumes and extremes may include late regular-session batches and are not reliable liquidity/support measures",0.09346575088175237,"[0.08361132668805242, 0.10439110422299762]",0.02960874698543038,0.3443292967687994,10774,425,2026-09-21 17:08:41.069098-04:00,True,,https://finance.yahoo.com/quote/RDDT/,True,[],46,46,46,45
MDB,True,0.05895482155869795,0.008436682509869502,0.07422481366841084,0.1892878667399579,0.09099449832660193,0.011085887625893845,0.10797566998876834,0.23036437567866588,0.07497465994264994,0.009761285067881674,0.09110024182858958,0.20982612120931188,407.29998779296875,6.189381162134455,0.6295289795526203,21.77850905757969,5.347043876821755,54.71606210885789,390.3400837267737,381.06137756025976,-9.39039814507191,-5.4615508466586355,0.9891647075388377,407.6099853515625,379.0,457.8500061035156,776277421.2863159,2241,0.07611037758030736,,406.27,2026-09-21 17:04:49-04:00,3.8587857833333334,after_hours,-0.25288186197842677,788.0,407.55,401.5944,2026-09-21T16:00:01-04:00,"Vendor latest observation, no executable bid/ask or overnight-session venue feed; after-hours bar volumes and extremes may include late regular-session batches and are not reliable liquidity/support measures",0.09341983317886933,"[0.08365644390270818, 0.10428232916583331]",0.032039676767903986,0.7787449554675746,10790,425,2026-09-21 17:08:40.527147-04:00,True,,https://finance.yahoo.com/quote/MDB/,True,[],47,47,45,49
VKTX,True,0.06485081511152073,0.009637782099350527,0.07383817607462857,0.20395785542346456,0.0825389687713899,0.012013666396000046,0.09120052601986278,0.2021459874059058,0.07369489194145531,0.010825724247675287,0.08251935104724567,0.2030519214146852,30.110000610351562,3.8634040982270745,2.5551876515174765,1.528240544855434,5.075524788697738,38.51253069671417,31.82197193316665,33.02793871027722,-15.082576561835626,-11.153729263422353,0.7423581149739301,30.700000762939453,28.40999984741211,34.99399948120117,62927107.982940674,2513,1.9594823667491212,,30.7,2026-09-21 17:04:54-04:00,3.7895742833333332,after_hours,1.9594798329084062,395917.0,30.95,29.96,2026-09-21T16:00:00-04:00,"Vendor latest observation, no executable bid/ask or overnight-session venue feed; after-hours bar volumes and extremes may include late regular-session batches and are not reliable liquidity/support measures",0.09171731833439173,"[0.08188587349754085, 0.10281993483015667]",0.01768815365986917,-1.1202237295549797,11023,425,2026-09-21 17:08:41.374457-04:00,True,,https://finance.yahoo.com/quote/VKTX/,True,[],48,44,49,43
TEAM,True,0.050663491721066746,0.007213186175440774,0.06413666671396774,0.2031110301959492,0.082890846355951,0.018780431610297615,0.09203058787344286,0.17155057951332392,0.06677716903850887,0.012996808892869194,0.0780836272937053,0.18733080485463655,195.6699981689453,1.9008404412413915,0.8216022305778166,8.697799375296702,4.445136943164303,67.72593789830155,181.5319410699498,155.34456671193624,9.958587047317625,13.887434345730899,0.3721975702296684,198.47000122070312,194.00999450683594,198.60000610351562,690276981.2384796,2513,1.4309823059027282,,195.2,2026-09-21 17:05:19-04:00,3.360248566666667,after_hours,-0.24019940376323046,468408.0,196.69,195.0,2026-09-21T16:00:00-04:00,"Vendor latest observation, no executable bid/ask or overnight-session venue feed; after-hours bar volumes and extremes may include late regular-session batches and are not reliable liquidity/support measures",0.08006856023506366,"[0.0709717648697598, 0.09030376285412021]",0.03222735463488425,1.6254751907879268,12252,425,2026-09-21 17:08:40.614914-04:00,True,,https://finance.yahoo.com/quote/TEAM/,True,[],49,52,48,34
UPST,True,0.05391696697580695,0.007285920641214335,0.0723705082031122,0.1739940965099321,0.07780459740603349,0.012138986322562677,0.0939293545686778,0.1848271534146532,0.06586078219092022,0.009712453481888506,0.08314993138589499,0.17941062496229265,25.579999923706055,2.319999694824215,1.1274605561149837,1.267791443974303,4.956182360264152,39.88990239586677,26.80796407429523,28.402630270188855,-19.50640318026744,-15.577555881854167,0.4615375586510049,25.93000030517578,25.280000686645508,31.799999237060547,108582205.11127472,1446,1.3682579457139354,,25.74,2026-09-21 17:07:37-04:00,1.0680992333333335,after_hours,0.6254889631397642,214760.0,25.79,25.5,2026-09-21T16:00:00-04:00,"Vendor latest observation, no executable bid/ask or overnight-session venue feed; after-hours bar volumes and extremes may include late regular-session batches and are not reliable liquidity/support measures",0.07867694283879255,"[0.06975712883562679, 0.08879450792053241]",0.023887630430226535,-0.9685852956537752,12456,425,2026-09-21 17:08:41.085954-04:00,True,,https://finance.yahoo.com/quote/UPST/,True,[],50,49,51,50
DDOG,True,0.05320194444544713,0.007247614746813149,0.06882798904172,0.17658962773534953,0.07840840515343543,0.010535001940252404,0.09451860764239077,0.20643301491100494,0.06580517479944129,0.008891308343532776,0.08167329834205539,0.19151132132317722,245.0500030517578,6.580551932544365,0.7760688255248424,12.415490847694317,5.06651323937017,56.957989555238456,231.12717038703772,234.0599757235938,0.07336309543730657,4.00221039385058,0.9864627038567744,245.3000030517578,226.83250427246094,251.99000549316406,827499611.2952423,1760,0.10201999464867217,,245.68,2026-09-21 17:07:05-04:00,1.5901490166666667,after_hours,0.2570891411534104,509794.0,245.7,243.48,2026-09-21T16:00:01-04:00,"Vendor latest observation, no executable bid/ask or overnight-session venue feed; after-hours bar volumes and extremes may include late regular-session batches and are not reliable liquidity/support measures",0.07845339322958447,"[0.0695719637118966, 0.08859866145640292]",0.0252064607079883,1.1214081533720193,12466,425,2026-09-21 17:08:40.408941-04:00,True,,https://finance.yahoo.com/quote/DDOG/,True,[],51,50,50,52
SHOP,True,0.05237502443355166,0.008344410250561624,0.0649008744622793,0.1639224237803388,0.07707368730396304,0.011427340468203078,0.08502051412908782,0.21033121703607482,0.06472435586875736,0.00988587535938235,0.07496069429568356,0.18712682040820683,137.9199981689453,7.330737874665605,2.0005979710483923,6.141240159065589,4.452755394865121,51.26455165747461,136.14780265527915,134.7742966962285,-11.520138307495142,-7.591291009081869,0.9905497752474638,138.02999877929688,126.38999938964844,156.49000549316406,1093309881.067772,2513,0.07975682410958918,,137.9684,2026-09-21 17:08:30-04:00,0.17660823333333334,after_hours,0.03509413551137097,1135444.0,138.64,136.76,2026-09-21T16:00:00-04:00,"Vendor latest observation, no executable bid/ask or overnight-session venue feed; after-hours bar volumes and extremes may include late regular-session batches and are not reliable liquidity/support measures",0.07672270897466256,"[0.0680088730796629, 0.0865870455646947]",0.024698662870411378,0.28857290510778655,12669,425,2026-09-21 17:08:40.596494-04:00,True,,https://finance.yahoo.com/quote/SHOP/,True,[],52,51,52,48
PANW,True,0.04564646192797137,0.006077025991025524,0.061783550392115257,0.1809112149715996,0.07674225328855958,0.009512636797950383,0.09464932644316616,0.2216941952807978,0.06119435760826547,0.007794831394487953,0.07821643841764071,0.2013027051261987,371.760009765625,2.2498551888068485,0.7282710720714378,18.89931261234266,5.083740078514006,55.923400370480294,358.7192658243726,345.4951278641539,-0.04754547429999256,3.8813018241132813,0.835003677574707,374.55999755859375,357.5899963378906,387.3299865722656,2502974186.896057,2513,0.7531707874480542,,370.8,2026-09-21 17:08:17-04:00,0.3908446666666666,after_hours,-0.2582337369288923,667753.0,372.2099,368.0,2026-09-21T16:00:01-04:00,"Vendor latest observation, no executable bid/ask or overnight-session venue feed; after-hours bar volumes and extremes may include late regular-session batches and are not reliable liquidity/support measures",0.06944030961595712,"[0.06116031818502572, 0.07929262692321047]",0.031095791360588203,0.6900115474430443,13436,425,2026-09-21 17:08:40.450680-04:00,True,,https://finance.yahoo.com/quote/PANW/,True,[],53,54,53,60
ORCL,True,0.0432706747241505,0.005565773798421931,0.06159305584911674,0.15946519221812352,0.06924415856789154,0.00981570767547525,0.0886775654559639,0.18118375329547615,0.05625741664602102,0.00769074073694859,0.07513531065254032,0.17032447275679985,148.55999755859375,0.6435857626949648,0.7123017499967416,7.372873929587222,4.962893141324452,50.48292525453433,148.43808249664772,149.056759756891,-2.5019364494528906,1.4269108489603832,0.6289467026987957,149.97000122070312,146.1699981689453,170.6999969482422,4543671047.005005,2513,0.949113950781566,,148.59,2026-09-21 17:08:37-04:00,0.05490865,after_hours,0.020195504778741658,20814335.0,148.6944,148.3,2026-09-21T16:04:31-04:00,"Vendor latest observation, no executable bid/ask or overnight-session venue feed; after-hours bar volumes and extremes may include late regular-session batches and are not reliable liquidity/support measures",0.05979083528278519,"[0.05240182718350196, 0.06854877930247634]",0.02597348384374104,0.01653562275855327,14534,425,2026-09-21 17:08:40.294519-04:00,True,,https://finance.yahoo.com/quote/ORCL/,True,[],54,59,54,63
MPWR,True,0.046651362543307776,0.006215909284025886,0.06354915007745125,0.15910859417094278,0.06496851312352582,0.010059968703325603,0.08268372511195134,0.16791048551818138,0.0558099378334168,0.008137938993675745,0.0731164375947013,0.16350953984456207,1277.6800537109375,4.917063761036489,1.4884986978072754,52.53029275338168,4.111380826585726,53.78754780300146,1230.9864178045848,1291.0765877714814,-6.8613521398455894,-2.932504841432315,0.9076452094847893,1283.8299560546875,1217.239990234375,1337.699951171875,800076972.3822021,2513,0.4813335174082223,,1276.0,2026-09-21 17:07:35-04:00,1.0766411333333332,after_hours,-0.13149252084337926,268619.0,1284.07,1265.1,2026-09-21T16:00:01-04:00,"Vendor latest observation, no executable bid/ask or overnight-session venue feed; after-hours bar volumes and extremes may include late regular-session batches and are not reliable liquidity/support measures",0.05929421419778416,"[0.05193790316845708, 0.06787556265872448]",0.018317150580218045,0.8888896950483256,14622,425,2026-09-21 17:08:39.598468-04:00,True,,https://finance.yahoo.com/quote/MPWR/,True,[],55,53,58,55
ZS,True,0.043595566864007965,0.005865185728468903,0.05822851793184156,0.15968732078738063,0.06714574189372709,0.010187765069354619,0.08186472753184398,0.16370321620519987,0.055370654378867526,0.008026475398911761,0.07004662273184277,0.16169526849629023,207.1300048828125,4.976943614477802,0.6982923538002166,10.005168582367249,4.830381087485539,67.61677363917285,183.06963554692334,171.63279830642853,10.038530317271267,13.96737761568454,0.9576213981591883,207.6999969482422,194.25,199.75999450683594,649560917.6757812,2140,0.2751856573132372,,207.2141,2026-09-21 17:06:30-04:00,2.1748983,after_hours,0.040600161833181936,,207.6,206.0,2026-09-21T16:00:00-04:00,"Vendor latest observation, no executable bid/ask or overnight-session venue feed; after-hours bar volumes and extremes may include late regular-session batches and are not reliable liquidity/support measures",0.05851136209008028,"[0.05139490777901188, 0.06692030290438424]",0.023550175029719123,2.4047939960044546,14698,425,2026-09-21 17:08:40.493898-04:00,True,,https://finance.yahoo.com/quote/ZS/,True,[],56,58,56,57
SOFI,True,0.043861065308312484,0.005852614352617178,0.062406047207462116,0.16599097465579604,0.06655795129738794,0.010314805502859258,0.08557554654040456,0.1982434837338156,0.05520950830285021,0.008083709927738218,0.07399079687393334,0.18211722919480583,16.969999313354492,0.058963616873008995,1.5804519367549332,0.7141390771244274,4.208244584679727,43.86898558065657,17.495908413693357,17.643811522719,-14.187972362991808,-10.259125064578534,0.20289750911518442,17.520000457763672,16.829999923706055,19.4950008392334,708881872.1960449,1435,3.2410204281879906,,16.9915,2026-09-21 17:08:37-04:00,0.06781875,after_hours,0.12669821753372723,1541530.0,17.01,16.95,2026-09-21T16:00:00-04:00,"Vendor latest observation, no executable bid/ask or overnight-session venue feed; after-hours bar volumes and extremes may include late regular-session batches and are not reliable liquidity/support measures",0.05823661168804724,"[0.05115936767160307, 0.06658938672754142]",0.022696885989075453,-0.7364239224332958,14733,425,2026-09-21 17:08:41.069125-04:00,True,,https://finance.yahoo.com/quote/SOFI/,True,[],57,57,57,56
QCOM,True,0.044073393658471294,0.0054685197886695696,0.058697506328217505,0.15196399657090448,0.06302314209287611,0.010202040351271384,0.07444946261921594,0.1543191502413579,0.053548267875673704,0.007835280069970477,0.06657348447371672,0.1531415734061312,194.22999572753906,9.28989106090139,1.2960993429710879,8.92196816659635,4.593506854168839,65.86808856003788,176.69666292929477,174.06988345356203,17.556125910877228,21.4849732092905,0.9327520550912677,195.30999755859375,179.25,192.1199951171875,2439533767.307434,2513,0.5560427610623364,,194.25,2026-09-21 17:08:36-04:00,0.057445466666666674,after_hours,0.010299270401570304,3582879.0,195.18,193.2,2026-09-21T16:00:00-04:00,"Vendor latest observation, no executable bid/ask or overnight-session venue feed; after-hours bar volumes and extremes may include late regular-session batches and are not reliable liquidity/support measures",0.056387723853272086,"[0.04940264888528222, 0.0643745826918078]",0.01894974843440482,1.9651866573441379,15021,425,2026-09-21 17:08:39.446728-04:00,True,,https://finance.yahoo.com/quote/QCOM/,True,[],58,55,61,59
AFRM,True,0.0427193708625125,0.005297248396200713,0.06315998878843154,0.16195639693551456,0.06395793127521623,0.00955714654945238,0.08646884990242985,0.17483728535500226,0.053338651068864366,0.007427197472826547,0.0748144193454307,0.1683968411452584,71.05000305175781,-0.2246819755257201,0.6739183872055984,3.5578625680490985,5.007547382450219,45.3714228622353,72.52147721376349,73.46508427658345,-11.69205101424442,-7.763203715831146,0.3215433452557932,73.16000366210938,70.05000305175781,90.44000244140625,437764673.7085724,1428,2.969740351473993,,71.2,2026-09-21 17:02:27-04:00,6.233530366666667,after_hours,0.2111146260372676,,71.48,71.0,2026-09-21T16:00:01-04:00,"Vendor latest observation, no executable bid/ask or overnight-session venue feed; after-hours bar volumes and extremes may include late regular-session batches and are not reliable liquidity/support measures",0.05603133505941711,"[0.04902673553828577, 0.0640583428510315]",0.021238560412703736,-0.41358375537606507,15063,425,2026-09-21 17:08:41.011822-04:00,True,,https://finance.yahoo.com/quote/AFRM/,True,[],59,60,59,64
CDNA,True,0.03840813601892842,0.004791002217042989,0.054713888214280366,0.1717397476250412,0.06792646325965847,0.01204071395695072,0.07479216406529492,0.2037614680414474,0.05316729963929344,0.008415858086996854,0.06475302613978764,0.18775060783324432,54.33000183105469,0.9288500520012066,0.6867888501929568,2.1045355041893896,3.8736157431646734,71.34505988044741,50.90144197477843,45.2132991784451,7.838281170795258,11.767128469208533,0.60150522584124,54.86000061035156,53.529998779296875,55.15999984741211,56689001.88875198,2513,0.9755176908422758,,55.3042,2026-09-21 16:59:24-04:00,9.287861433333335,after_hours,1.7931127114162226,544.0,55.3042,54.33,2026-09-21T16:00:00-04:00,"Vendor latest observation, no executable bid/ask or overnight-session venue feed; after-hours bar volumes and extremes may include late regular-session batches and are not reliable liquidity/support measures",0.05597088984452531,"[0.04900419111100248, 0.06399270984138043]",0.02951832724073005,1.6291290165697858,15115,425,2026-09-21 17:08:41.271686-04:00,True,,https://finance.yahoo.com/quote/CDNA/,True,[],60,62,55,54
GEV,True,0.04401936555019101,0.005815619501947867,0.06303460865517317,0.17350504076319395,0.06152071618609451,0.009692073595748266,0.0859196409255861,0.1824276224554709,0.052770040868142756,0.007753846548848066,0.07447712479037963,0.17796633160933242,946.219970703125,0.6263709023678343,1.1204599663450103,40.520419120660804,4.282346639814689,49.68091786478029,939.56836522285,968.4842961678856,-5.039784765522793,-1.1109374671095185,0.04589719616350285,962.8499755859375,945.4199829101562,983.3400268554688,2081884005.451355,623,1.7575199634028982,,946.1948,2026-09-21 17:07:06-04:00,1.5639193833333331,after_hours,-0.0026601323058428328,183272.0,949.02,946.1,2026-09-21T16:00:02-04:00,"Vendor latest observation, no executable bid/ask or overnight-session venue feed; after-hours bar volumes and extremes may include late regular-session batches and are not reliable liquidity/support measures",0.05530711561225832,"[0.04840588983310687, 0.06335771539765911]",0.017501350635903502,0.1641544096685661,15206,425,2026-09-21 17:08:39.835163-04:00,True,,https://finance.yahoo.com/quote/GEV/,True,[],61,56,63,61
PLTR,True,0.04169852327746283,0.005657215314656056,0.05866532073038738,0.1608980037815396,0.06354326217788775,0.01021477209122929,0.08214144081719563,0.16906205398490906,0.05262089272767529,0.007935993702942673,0.0704033807737915,0.16498002888322433,183.08999633789062,3.0680009946902675,0.7518082913578698,7.045330435168944,3.8480149522570652,61.13127792903285,173.65047894442282,163.30151011842992,-2.178267186295013,1.7505801121182607,0.9561921313636772,183.3800048828125,176.75999450683594,188.3699951171875,5093207228.955002,1500,0.15839671785600196,,182.75,2026-09-21 17:08:36-04:00,0.07142224999999999,after_hours,-0.1856990249009427,2897784.0,183.383,182.16,2026-09-21T16:00:01-04:00,"Vendor latest observation, no executable bid/ask or overnight-session venue feed; after-hours bar volumes and extremes may include late regular-session batches and are not reliable liquidity/support measures",0.055092258191608116,"[0.04826967335602633, 0.0631582457688525]",0.021844738900424918,1.3398260706620007,15229,425,2026-09-21 17:08:40.285335-04:00,True,,https://finance.yahoo.com/quote/PLTR/,True,[],62,61,60,58
SNOW,True,0.03830217263189862,0.005078382964145864,0.05520801042510402,0.15337534592257854,0.06263313320438263,0.009237834787730811,0.08206361070974796,0.18631413825764181,0.05046765291814062,0.007158108875938337,0.06863581056742599,0.1698447420901102,339.3900146484375,2.093680511988083,0.6641703054009708,15.584963059016774,4.592051146572683,56.964712318908475,329.21683077641865,308.748167153399,-1.9425452690282619,1.986302029385012,0.9865399795179981,339.5299987792969,329.1300048828125,384.55999755859375,1840998882.2781372,1510,0.04124580123678889,,338.2675,2026-09-21 17:01:31-04:00,7.155825699999999,after_hours,-0.3307447479267478,345037.0,339.39,336.66,2026-09-21T16:00:03-04:00,"Vendor latest observation, no executable bid/ask or overnight-session venue feed; after-hours bar volumes and extremes may include late regular-session batches and are not reliable liquidity/support measures",0.051506254786826654,"[0.04479680618477976, 0.05931376781193149]",0.02433096057248401,0.6527563673712462,15668,425,2026-09-21 17:08:40.349542-04:00,True,,https://finance.yahoo.com/quote/SNOW/,True,[],63,63,62,67
DUOL,True,0.03575884455607503,0.0053716293587563425,0.051102950261666696,0.12460544585317837,0.059907578096822775,0.011797472236505558,0.06373026330509778,0.14153109817573184,0.0478332113264489,0.00858455079763095,0.057416606783382236,0.1330682720144551,149.4199981689453,5.299509933697921,1.1037911327251428,7.6075749950028655,5.091403485630604,53.509354311765954,146.64836808023293,140.21250373194175,-1.6774319995694897,2.251415298843784,0.7922005339072756,151.39999389648438,141.87159729003906,167.3800048828125,168087785.64826965,1293,1.3251209689484345,,149.2807,2026-09-21 16:56:56-04:00,11.75243365,after_hours,-0.09322592066144386,,149.6,146.5,2026-09-21T16:00:01-04:00,"Vendor latest observation, no executable bid/ask or overnight-session venue feed; after-hours bar volumes and extremes may include late regular-session batches and are not reliable liquidity/support measures",0.04697318484414857,"[0.04078702980501632, 0.054282003334188866]",0.024148733540747744,0.36432504320140996,16073,425,2026-09-21 17:08:41.146019-04:00,True,,https://finance.yahoo.com/quote/DUOL/,True,[],64,64,64,53
CRM,True,0.030044436265619045,0.004974817186002055,0.046764766404117995,0.11201500119999115,0.057132937190906126,0.010465639834277883,0.07282613507474549,0.14827626191729956,0.043588686728262584,0.007720228510139969,0.05979545073943174,0.13014563155864536,236.4199981689453,-0.6304640263719463,0.5884038636111077,9.309123341070386,3.937536339213615,52.449542699355135,238.74375133163335,217.33561557228532,9.29767976867506,13.226527067088334,0.025768986480355683,241.3350067138672,236.2899932861328,268.2699890136719,4134563120.525055,2513,2.078930963111514,,236.14,2026-09-21 16:57:17-04:00,11.389151266666666,after_hours,-0.11843252310036467,889053.0,237.0,236.42,2026-09-21T16:00:03-04:00,"Vendor latest observation, no executable bid/ask or overnight-session venue feed; after-hours bar volumes and extremes may include late regular-session batches and are not reliable liquidity/support measures",0.040634842215772245,"[0.03534739661234096, 0.04708765375569334]",0.02708850092528708,-0.24962105211733554,16193,425,2026-09-21 17:08:40.349076-04:00,True,,https://finance.yahoo.com/quote/CRM/,True,[],65,68,65,62
NOW,True,0.03147436328421973,0.0046049474504048895,0.048107557854513455,0.12199875707271533,0.054313448063507505,0.009946209368110175,0.06665362130614584,0.13775969227557874,0.042893905673863614,0.007275578409257532,0.05738058958032965,0.12987922467414703,137.67999267578125,1.6313511738127673,0.6829198141877225,6.199243778759858,4.5026467958625505,54.98481274147189,135.24917213671088,126.44794498073496,3.231798136034092,7.160645434447366,0.45374310162872145,140.16000366210938,135.6199951171875,149.60000610351562,2162903800.6532288,2513,1.8012864019888664,,137.75,2026-09-21 17:07:10-04:00,1.50551455,after_hours,0.050847855856295254,1060961.0,137.9,137.13,2026-09-21T16:00:03-04:00,"Vendor latest observation, no executable bid/ask or overnight-session venue feed; after-hours bar volumes and extremes may include late regular-session batches and are not reliable liquidity/support measures",0.03968303101591036,"[0.03446503193201447, 0.045924753532219455]",0.022839084779287776,0.39211565568674034,16153,425,2026-09-21 17:08:40.330873-04:00,True,,https://finance.yahoo.com/quote/NOW/,True,[],66,67,66,65
ASML,True,0.03401086632225982,0.004369029855334466,0.05339704322742061,0.13514914666822533,0.0481001599229466,0.008710427388503824,0.06732083308923753,0.1347972177379095,0.04105551312260321,0.006539728621919145,0.06035893815832907,0.13497318220306742,1711.3199462890625,1.869130763509852,1.0407282132908875,55.05779981063966,3.217270968531079,51.854834298883624,1684.4933269869887,1704.588527935883,-6.90204451267209,-2.973197214258816,0.7567984799905,1722.3199462890625,1677.0899658203125,1790.0,2111600883.703003,2513,0.6427786939463331,,1710.01,2026-09-21 17:06:03-04:00,2.6089029,after_hours,-0.07654596043850104,19.0,1716.96,1710.0,2026-09-21T16:00:01-04:00,"Vendor latest observation, no executable bid/ask or overnight-session venue feed; after-hours bar volumes and extremes may include late regular-session batches and are not reliable liquidity/support measures",0.03760576621748668,"[0.0326211290132967, 0.043486778559721814]",0.01408929360068678,0.48724466641127395,15955,425,2026-09-21 17:08:39.534174-04:00,True,,https://finance.yahoo.com/quote/ASML/,True,[],67,65,69,69
SE,True,0.03165540445171301,0.0046014953606411954,0.05127238622238643,0.11841443131213387,0.049624810643259284,0.009576926986565199,0.0665166640010197,0.12469611782641324,0.04064010754748615,0.0070892111736031976,0.05889452511170307,0.12155527456927356,102.6500015258789,0.8448772989650077,0.6851995138353882,4.092394465633778,3.986745645202988,38.271699096506914,108.62415140496972,108.75538286344162,-16.589442387298025,-12.660595088884751,0.7704416171435837,103.37999725341797,100.19999694824219,123.7300033569336,401004633.53523254,2240,0.7111502354483878,,102.65,2026-09-21 16:59:27-04:00,9.244255916666667,after_hours,-1.48648697795295e-06,205919.0,102.66,102.4058,2026-09-21T16:00:02-04:00,"Vendor latest observation, no executable bid/ask or overnight-session venue feed; after-hours bar volumes and extremes may include late regular-session batches and are not reliable liquidity/support measures",0.0374331550802139,"[0.03253103842802618, 0.043217256684831964]",0.017969406191546272,-1.4598177006784745,15895,425,2026-09-21 17:08:41.655355-04:00,True,,https://finance.yahoo.com/quote/SE/,True,[],68,66,67,68
WDAY,True,0.029094124614220573,0.00415891110579099,0.047975431785514965,0.12381212005703703,0.04836009025316679,0.010366358661353322,0.06331178270923579,0.13513396729004518,0.03872710743369368,0.007262634883572156,0.05564360724737538,0.1294730436735411,191.9199981689453,-1.0058270992700513,0.5205363468284001,8.606189202605888,4.484258693578115,52.33960306459562,191.26196534452603,178.75364968268445,-7.973643338650216,-4.0447960402369425,0.06260583007589966,196.0,191.6475067138672,211.8300018310547,736664714.2338562,2513,2.1258867600983944,,192.22,2026-09-21 16:54:29-04:00,14.18837965,after_hours,0.15631608686792475,484661.0,194.0,191.66,2026-09-21T16:00:00-04:00,"Vendor latest observation, no executable bid/ask or overnight-session venue feed; after-hours bar volumes and extremes may include late regular-session batches and are not reliable liquidity/support measures",0.03584458810727773,"[0.03108942343816582, 0.04141987345535419]",0.019265965638946215,0.07646041806982731,15623,425,2026-09-21 17:08:40.302779-04:00,True,,https://finance.yahoo.com/quote/WDAY/,True,[],69,71,68,66
CEG,True,0.029673402568519212,0.004272285134229863,0.04789528933530416,0.11252868252658217,0.044447696234516464,0.008671407661809348,0.06178915572294894,0.11899825327442431,0.03706054940151784,0.006471846398019605,0.05484222252912655,0.11576346790050324,262.1099853515625,2.9052563474697646,1.1535554719926717,10.273979486477106,3.9197207510796805,42.45692702545024,272.5847714033313,272.55630911739274,-7.875644182954211,-3.9467968845409374,0.7555542479762163,265.8500061035156,250.5500030517578,305.79998779296875,774509262.9042816,1172,1.426889840513601,,262.72,2026-09-21 17:08:15-04:00,0.4156730166666666,after_hours,0.232732319457174,392071.0,265.0,262.0,2026-09-21T16:00:01-04:00,"Vendor latest observation, no executable bid/ask or overnight-session venue feed; after-hours bar volumes and extremes may include late regular-session batches and are not reliable liquidity/support measures",0.034826523250475507,"[0.030055082817619223, 0.04049413740834764]",0.014774293665997251,-1.0195451592594647,15247,425,2026-09-21 17:08:39.940381-04:00,True,,https://finance.yahoo.com/quote/CEG/,True,[],70,70,70,70
AVGO,True,0.030033366743674753,0.003918777481449879,0.049099593796393295,0.11814423541422707,0.03989101296731097,0.008150365220219728,0.05987161764743249,0.11079753704273473,0.03496218985549286,0.006034571350834803,0.0544856057219129,0.1144708862284809,362.6600036621094,1.4121580821022883,0.9608610663066156,12.087766742527549,3.333085154267448,48.62225243215874,361.0484030810741,373.3557353833851,-5.500297523164111,-1.5714502247508366,0.874880859039119,363.9700012207031,353.5,376.5899963378906,9627409344.311676,2513,0.36121919852354356,,362.5738,2026-09-21 17:08:36-04:00,0.0462113,after_hours,-0.023769828831110562,760.0,363.0,357.61,2026-09-21T16:00:01-04:00,"Vendor latest observation, no executable bid/ask or overnight-session venue feed; after-hours bar volumes and extremes may include late regular-session batches and are not reliable liquidity/support measures",0.032958034800409416,"[0.028350819609033545, 0.03849472358888693]",0.009857646223636218,0.13332492389725437,14655,425,2026-09-21 17:08:38.772678-04:00,True,,https://finance.yahoo.com/quote/AVGO/,True,[],71,69,72,72
VST,True,0.027595939142061363,0.003706514470993975,0.04604278754682432,0.1085336827170439,0.03961821164950413,0.00832578800614496,0.05760783506936579,0.10861657649184717,0.03360707539578275,0.006016151238569467,0.05182531130809505,0.10857512960444554,140.77999877929688,0.078197634025301,0.9815594269387644,4.931466085385018,3.502959318188487,45.207004354418046,143.33808559847023,146.17161796658377,-0.573739861241096,3.355107437172178,0.5335269964277611,142.3800048828125,138.9499969482422,154.89999389648438,629800269.2731476,2503,1.1365294199384035,,141.3,2026-09-21 17:08:09-04:00,0.51562655,after_hours,0.36937151954259395,531893.0,141.6,140.5,2026-09-21T16:00:03-04:00,"Vendor latest observation, no executable bid/ask or overnight-session venue feed; after-hours bar volumes and extremes may include late regular-session batches and are not reliable liquidity/support measures",0.03185159257962898,"[0.027261989158424614, 0.03720955531197496]",0.012022272507442769,-0.5187274483656182,14285,425,2026-09-21 17:08:39.937593-04:00,True,,https://finance.yahoo.com/quote/VST/,True,[],72,72,73,73
BILI,True,0.024787978363513423,0.0036850465880186537,0.043447728142208146,0.08654695492484094,0.039948228655931464,0.009186030091112673,0.057622214807995904,0.09246894806214091,0.03236810350972244,0.006435538339565663,0.050534971475102025,0.08950795149349092,15.180000305175781,1.8791992873428365,0.5771299920317926,0.5395452769502113,3.554316640996691,41.353087528595736,15.744123058383355,16.76604915900303,-14.948772384107013,-11.019925085693739,0.9090913594681225,15.21500015258789,14.829999923706055,17.2549991607666,62964412.21139908,2132,0.23056552508879946,,15.13,2026-09-21 17:06:19-04:00,2.3767212166666667,after_hours,-0.3293827679221595,,15.18,15.13,2026-09-21T16:00:01-04:00,"Vendor latest observation, no executable bid/ask or overnight-session venue feed; after-hours bar volumes and extremes may include late regular-session batches and are not reliable liquidity/support measures",0.0306818998347345,"[0.026156462155543538, 0.03590943884656745]",0.015160250292418041,-1.0455522035079006,13917,425,2026-09-21 17:08:41.603273-04:00,True,,https://finance.yahoo.com/quote/BILI/,True,[],73,74,71,71
NVDA,True,0.02331194402439458,0.0031145588497489196,0.04113261681659883,0.09687530992259724,0.03650984503014282,0.007802396747457501,0.05446674646777412,0.10054791781973234,0.0299108945272687,0.00545847779860321,0.047799681642186474,0.09871161387116478,227.3800048828125,2.2990059441793553,0.8053043436968366,6.446061412638933,2.834928874225821,58.38939338360616,219.2387706440093,215.42455181994663,2.0856963586675104,6.014543657080784,0.8386174750450728,228.5,221.55999755859375,234.75999450683594,29564670876.87248,2513,0.4925653501347771,,226.8007,2026-09-21 17:08:37-04:00,0.029984816666666667,after_hours,-0.25477388968790926,16261472.0,227.49,226.298,2026-09-21T16:00:00-04:00,"Vendor latest observation, no executable bid/ask or overnight-session venue feed; after-hours bar volumes and extremes may include late regular-session batches and are not reliable liquidity/support measures",0.028760054636515403,"[0.024372112549447465, 0.0338363465489523]",0.013197901005748237,1.2629780757037952,13178,424,2026-09-21 17:08:38.799089-04:00,True,,https://finance.yahoo.com/quote/NVDA/,True,[],74,76,74,77
TSM,True,0.025912845957527627,0.003167743461969657,0.04354866612012806,0.10536850808605763,0.033056458729565155,0.0075668285401500395,0.050257651520346634,0.09235692657370333,0.029484652343546393,0.005367286001059848,0.04690315882023735,0.09886271732988047,445.1400146484375,2.4087240659042664,1.0093275310965328,10.873120288808648,2.442629269668335,61.931043095780694,424.9162184512675,420.4616902730028,2.607536353133866,6.53638365154714,0.932949481906415,445.7200012207031,437.07000732421875,444.2900085449219,4149197371.344757,2513,0.13029306581744393,,444.93,2026-09-21 17:05:29-04:00,3.167274433333333,after_hours,-0.0471794584909091,1064723.0,445.18,444.01,2026-09-21T16:00:02-04:00,"Vendor latest observation, no executable bid/ask or overnight-session venue feed; after-hours bar volumes and extremes may include late regular-session batches and are not reliable liquidity/support measures",0.02844873859366613,"[0.024171823359283758, 0.03358284999995633]",0.007143612772037528,1.8599809125615647,13041,424,2026-09-21 17:08:39.036466-04:00,True,,https://finance.yahoo.com/quote/TSM/,True,[],75,73,75,78
BABA,True,0.023352850769720483,0.0032609920094747386,0.04156242649147539,0.08626970509303164,0.032447865747281035,0.00788700719981909,0.04903027540031575,0.08658980941691156,0.02790035825850076,0.005573999604646914,0.04529635094589557,0.0864297572549716,115.75,2.2165331893153617,0.79884431009194,3.1559389095844623,2.7265130968332287,52.70204496487292,113.39086209606899,116.11637795628276,-6.937056153830168,-3.008208855416894,0.8421062494144101,116.19999694824219,113.3499984741211,125.7699966430664,1283664939.3256378,2513,0.38876626198030007,,115.89,2026-09-21 17:08:14-04:00,0.45953295,after_hours,0.12095032397407834,8756333.0,115.9799,115.75,2026-09-21T16:03:28-04:00,"Vendor latest observation, no executable bid/ask or overnight-session venue feed; after-hours bar volumes and extremes may include late regular-session batches and are not reliable liquidity/support measures",0.027810885975367503,"[0.02351432881756662, 0.032806695339432125]",0.009095014977560552,0.7475233112930054,12585,424,2026-09-21 17:08:41.571977-04:00,True,,https://finance.yahoo.com/quote/BABA/,True,[],76,75,76,76
NKE,True,0.020757251270940157,0.0030983608523325857,0.03848144040867446,0.08025301765398375,0.02887736051744985,0.008908219201168043,0.04020012064373799,0.07112843675241552,0.024817305894195004,0.006003290026750314,0.03934078052620622,0.07569072720319964,36.099998474121094,1.6615043099850402,1.3610865935370084,0.9862166342834677,2.7319021494985773,37.48693479848476,37.527612062152066,39.45384995469464,-14.422100194136956,-10.493252895723682,0.7462678635820159,36.35499954223633,35.349998474121094,41.34000015258789,1145690743.77182,2513,0.7063741797608047,,36.136,2026-09-21 17:08:31-04:00,0.17616086666666667,after_hours,0.09972722271640588,5400912.0,36.1807,35.9828,2026-09-21T16:00:02-04:00,"Vendor latest observation, no executable bid/ask or overnight-session venue feed; after-hours bar volumes and extremes may include late regular-session batches and are not reliable liquidity/support measures",0.02609737314965346,"[0.021812896816134436, 0.031206144805585975]",0.008120109246509695,-1.4475659184842284,11687,424,2026-09-21 17:08:41.569652-04:00,True,,https://finance.yahoo.com/quote/NKE/,True,[],77,77,77,74
FDX,True,0.019354458720483293,0.002544895245593418,0.03840685766469688,0.09388269760707577,0.02588243688270591,0.007882746086540911,0.038896437824025853,0.07624288427585035,0.022618447801594603,0.005213820666067164,0.03865164774436137,0.08506279094146306,295.7900085449219,-2.5885017321100268,1.4207600710920227,7.556558586981713,2.5547037995484194,32.745154478824546,312.51965179049955,315.8795301385362,-12.581730787109024,-8.65288348869575,0.3805541770481068,303.17999267578125,291.25,340.8299865722656,477797739.3482971,2513,2.49838869379424,,295.7809,2026-09-21 17:02:55-04:00,5.776333116666667,after_hours,-0.0030793957398023153,301733.0,295.79,295.0501,2026-09-21T16:00:02-04:00,"Vendor latest observation, no executable bid/ask or overnight-session venue feed; after-hours bar volumes and extremes may include late regular-session batches and are not reliable liquidity/support measures",0.024554383412149872,"[0.02021216170525805, 0.029472255006201774]",0.0065279781622226175,-2.213923580821456,10996,424,2026-09-21 17:08:41.579987-04:00,True,,https://finance.yahoo.com/quote/FDX/,True,[],78,79,78,79
AZO,True,0.019379088567597742,0.00277694611541754,0.03696622401969047,0.08718949445143634,0.024908650468103206,0.008712064943493539,0.03633696589757026,0.07117530787176937,0.022143869517850474,0.005744505529455539,0.036651594958630365,0.07918240116160286,2803.25,-1.823271642148372,1.9064222808635107,70.12117288281925,2.5014241641958175,35.88865200889679,2915.9256909437036,2990.6942810839055,-9.158819195354473,-5.2299718969411995,0.0866375164837344,2870.719970703125,2796.85009765625,3046.469970703125,923577229.230957,2513,2.4068481477971915,,2815.0,2026-09-21 17:00:53-04:00,7.807001,after_hours,0.4191563363952655,46030.0,2813.99,2803.0,2026-09-21T16:00:03-04:00,"Vendor latest observation, no executable bid/ask or overnight-session venue feed; after-hours bar volumes and extremes may include late regular-session batches and are not reliable liquidity/support measures",0.02399409376153562,"[0.019797376915181464, 0.02874388863891979]",0.005529561900505464,-1.6068711676000902,10836,424,2026-09-21 17:08:41.420060-04:00,True,,https://finance.yahoo.com/quote/AZO/,True,[],79,78,79,75
COST,True,0.012378368822238379,0.001687649719147694,0.02864196980288939,0.0571950545478937,0.015287666086310136,0.007266279796745977,0.025017004528184204,0.03801728522909347,0.013833017454274257,0.0044769647579468354,0.0268294871655368,0.04760616988849359,898.47998046875,0.35406539844304863,0.9901448445367123,14.26028923341578,1.587157148006345,37.95497217497438,916.1049687936815,933.7612492595811,-9.126476423828045,-5.197629125414771,0.9311318648119689,899.4400024414062,885.5,974.489990234375,1931414250.2996826,2513,0.10684956743893803,,898.4431,2026-09-21 17:08:11-04:00,0.5090098166666667,after_hours,-0.004104762437862064,181.0,899.0,897.0,2026-09-21T16:00:01-04:00,"Vendor latest observation, no executable bid/ask or overnight-session venue feed; after-hours bar volumes and extremes may include late regular-session batches and are not reliable liquidity/support measures",0.016978996352660043,"[0.013384966503016517, 0.02111618436249463]",0.0029092972640717574,-1.2359488672663985,7951,423,2026-09-21 17:08:41.540589-04:00,True,,https://finance.yahoo.com/quote/COST/,True,[],80,80,80,80
