symbol,ret1,ret3,ret5,ret20,ret60,ema10_dist,ema20_dist,ema50_dist,ema200_dist,atr_pct,rv20,rv60,volume_ratio,range_position,gap,intraday,drawdown60,high20_dist,rsi14,QQQ_r1,QQQ_r5,QQQ_r20,SMH_r1,SMH_r5,IWM_r1,JNK_r20,TLT_r20,BZ=F_r5,VIX_level,VIX_r5,rs20,beta60
ALAB,0.12362733795342118,0.2658444145393284,0.32563017003956096,0.19570477164183764,-0.14386937127041455,0.1559037609067493,0.16009027234653028,0.12561853236039355,0.3489704690118205,0.06827860247150566,0.06146008825027518,0.06827122096232174,1.670964592446315,0.9347948780485658,0.019620815192188834,0.10200509955421833,-0.29456337628973284,0.0593502151411025,0.6063096102622154,0.027749612803871893,0.045531428355038095,0.03928847298413274,0.04019202320571558,0.10070180848915045,0.005209364438418129,-0.00659804357776872,0.0007733302344119508,-0.0070738730470507605,0.14869999885559082,-0.13040938281657388,0.1564162986577049,4.274944893103676
AAOI,0.03327945289470846,0.1233202456958471,0.1348161627476656,-0.1293863288364403,-0.2156055764741931,0.05102819703336592,0.018177222286950734,-0.06145751447270409,0.02711770352979559,0.08173123712325676,0.05216177941714574,0.0802583728254133,1.1257425609520624,0.7796744059884172,0.02690883217957807,0.006203686749493675,-0.298405328961426,-0.18733175907180188,0.4970140684278833,0.027749612803871893,0.045531428355038095,0.03928847298413274,0.04019202320571558,0.10070180848915045,0.005209364438418129,-0.00659804357776872,0.0007733302344119508,-0.0070738730470507605,0.14869999885559082,-0.13040938281657388,-0.16867480182057304,4.328488443162425
CIFR,0.03053432177116777,0.1303827987262287,0.20882630904073474,0.1988581799514737,-0.2640187151897737,0.10104992412883362,0.10909271196303227,0.04203138476077983,0.06606107389644111,0.08776343924513115,0.06574548885783311,0.0827689898727038,1.1958193270765691,0.6335074246796952,0.01772087024184632,0.012590339752270419,-0.2713955578483608,-0.03027194250983012,0.5613844944720521,0.027749612803871893,0.045531428355038095,0.03928847298413274,0.04019202320571558,0.10070180848915045,0.005209364438418129,-0.00659804357776872,0.0007733302344119508,-0.0070738730470507605,0.14869999885559082,-0.13040938281657388,0.15956970696734096,2.7720539438087513
CRDO,0.0646995560992778,0.1596383547116056,0.24771809475475437,-0.18779547068700486,-0.30130953577825403,0.08114611834194929,0.013978955182083252,-0.08216096720872001,0.023652472652255563,0.07584753674899743,0.06368577354289749,0.06514298691202931,1.3274443170700965,0.8785662943369571,0.028540589515496873,0.035155604895295456,-0.3378473961434466,-0.23394420711255792,0.4812443495481039,0.027749612803871893,0.045531428355038095,0.03928847298413274,0.04019202320571558,0.10070180848915045,0.005209364438418129,-0.00659804357776872,0.0007733302344119508,-0.0070738730470507605,0.14869999885559082,-0.13040938281657388,-0.2270839436711376,3.4519142005566583
UMAC,0.0461604694019484,0.10177191039638456,0.07016770358758317,-0.11593147173883722,0.28920790475870817,0.027710433877139007,0.01207227941637612,0.028255700237179937,0.2794932535064736,0.08405826196146786,0.05717769054321084,0.07852026084632462,0.7499106335909784,0.47572761598245983,0.047023301908434734,-0.0008240814745132941,-0.2880211678729928,-0.1342377792987235,0.5069993717945578,0.027749612803871893,0.045531428355038095,0.03928847298413274,0.04019202320571558,0.10070180848915045,0.005209364438418129,-0.00659804357776872,0.0007733302344119508,-0.0070738730470507605,0.14869999885559082,-0.13040938281657388,-0.15521994472296996,3.3493506738113625
NBIS,0.04142439851365709,0.11190719052869147,0.09712993248135127,0.062383050537765605,-0.09285742655827178,0.05170739930966883,0.05666336857286858,0.07198763409252629,0.3446297973902708,0.07404457472125746,0.04139925950423987,0.08894233221695028,1.155125070203482,0.690275958711521,0.010825863382024625,0.030270827290920232,-0.1616248588583955,-0.08612703920976794,0.5537009466197296,0.027749612803871893,0.045531428355038095,0.03928847298413274,0.04019202320571558,0.10070180848915045,0.005209364438418129,-0.00659804357776872,0.0007733302344119508,-0.0070738730470507605,0.14869999885559082,-0.13040938281657388,0.023094577553632867,4.083181735177971
ARM,0.17158307412048113,0.323469134973992,0.3509895038604718,0.3270589519020808,-0.07135255865029988,0.2042842931976323,0.23551727737548056,0.21573379503295476,0.4101923840004862,0.05832619023392912,0.05518236224364065,0.05428791210236766,3.149495557121496,0.9594591675421973,0.06803091686276486,0.09695614202057978,-0.08931949339633605,0.17086081414808119,0.6948875557912615,0.027749612803871893,0.045531428355038095,0.03928847298413274,0.04019202320571558,0.10070180848915045,0.005209364438418129,-0.00659804357776872,0.0007733302344119508,-0.0070738730470507605,0.14869999885559082,-0.13040938281657388,0.28777047891794805,3.132483439132553
ACMR,0.06218062142758418,0.12264728456758967,0.08839359824654003,-0.08361675749690545,-0.3190155696478898,0.040772871009738365,0.008021657078551625,-0.05331768036504303,0.09148594323411352,0.06627958624273016,0.04041057625125853,0.06308040424876761,1.6367404604971478,0.7741918723731238,0.04298641954452376,0.018403117742839648,-0.42651117508790126,-0.1285030342147736,0.48587813492273557,0.027749612803871893,0.045531428355038095,0.03928847298413274,0.04019202320571558,0.10070180848915045,0.005209364438418129,-0.00659804357776872,0.0007733302344119508,-0.0070738730470507605,0.14869999885559082,-0.13040938281657388,-0.12290523048103819,3.636358335716352
VICR,0.005298099269548606,0.2174432572349192,0.2120391873267713,0.11648549612256764,-0.3247685504108815,0.10490088509629647,0.11553022186224382,0.03875151220085127,0.11036315726297241,0.06959231125258357,0.061033748752542714,0.06453776297410883,1.303394847725212,0.0655385493837615,0.03268677594915603,-0.02652176566745923,-0.4104481683707617,0.00013400089315762642,0.5856856872843387,0.027749612803871893,0.045531428355038095,0.03928847298413274,0.04019202320571558,0.10070180848915045,0.005209364438418129,-0.00659804357776872,0.0007733302344119508,-0.0070738730470507605,0.14869999885559082,-0.13040938281657388,0.0771970231384349,3.073193115246219
SNDK,-0.0140527131047814,0.1622861297918965,0.13830632012107702,0.10686185109131596,-0.2434089873025964,0.06694474658576999,0.09373764747726399,0.12653207788510867,0.5172487073547425,0.06521331594709537,0.04776179097822411,0.07907315306446579,0.95722272518869,0.3039590259906957,0.019075607335282685,-0.032508206654743965,-0.22302118992852937,-0.022540910115366963,0.5976565866367458,0.027749612803871893,0.045531428355038095,0.03928847298413274,0.04019202320571558,0.10070180848915045,0.005209364438418129,-0.00659804357776872,0.0007733302344119508,-0.0070738730470507605,0.14869999885559082,-0.13040938281657388,0.06757337810718322,4.068329205438903
BE,0.027331286496899754,0.010628937676981698,0.06162235988210396,0.35462903341989205,-0.11737492362708901,0.03659771373489029,0.0865311388587946,0.13387276200096743,0.3563912731234866,0.06887154015582804,0.04727561628369708,0.07418697102391095,0.8739723239847224,0.452525400726259,0.0164514363470174,0.010703757957175819,-0.09848033153763225,-0.052465226915147545,0.5958475259947302,0.027749612803871893,0.045531428355038095,0.03928847298413274,0.04019202320571558,0.10070180848915045,0.005209364438418129,-0.00659804357776872,0.0007733302344119508,-0.0070738730470507605,0.14869999885559082,-0.13040938281657388,0.3153405604357593,3.6229486324291726
SMTC,-0.04124326963682434,0.058609321913269063,0.2061883130648956,0.4293657857335913,0.09305472636441658,0.07111811266963919,0.14044690246899094,0.22705752222773623,0.5156383606553394,0.06699551613065668,0.060746055380984224,0.06334657513974433,1.231222228255759,0.09047240553458068,0.02864866514463693,-0.06794539005369116,-0.04124326963682434,-0.043621326991329035,0.625742179382842,0.027749612803871893,0.045531428355038095,0.03928847298413274,0.04019202320571558,0.10070180848915045,0.005209364438418129,-0.00659804357776872,0.0007733302344119508,-0.0070738730470507605,0.14869999885559082,-0.13040938281657388,0.39007731274945856,2.8251062528869997
CRWV,0.05002457797801907,0.02495503142331179,0.029525148820537694,-0.027546934672494028,-0.13497368917294228,0.009018866740172937,-0.007688250328971691,-0.031507079028813445,-0.07997256342086323,0.06825510787481535,0.04534898353155029,0.06762579183131495,1.526281755464309,0.7124803841453272,0.002458172895057009,0.04744976535588741,-0.20699900080642264,-0.18319147818703574,0.4872522639681168,0.027749612803871893,0.045531428355038095,0.03928847298413274,0.04019202320571558,0.10070180848915045,0.005209364438418129,-0.00659804357776872,0.0007733302344119508,-0.0070738730470507605,0.14869999885559082,-0.13040938281657388,-0.06683540765662677,3.2346277316706034
FSLY,0.14920366198137858,0.1648257863153817,0.10297664533750717,0.09899796544388928,0.6910268158041153,0.13130340172029098,0.153372589763078,0.19082488311556878,0.4155565205745646,0.07658908828236208,0.05660620744395485,0.056609190347320607,1.9453788181268739,0.8510882811882106,0.015087958666972767,0.13212224829317099,-0.08660893876826448,0.06485437189491039,0.6285958552406852,0.027749612803871893,0.045531428355038095,0.03928847298413274,0.04019202320571558,0.10070180848915045,0.005209364438418129,-0.00659804357776872,0.0007733302344119508,-0.0070738730470507605,0.14869999885559082,-0.13040938281657388,0.05970949245975654,1.5627412052142673
LUNR,0.12931035782106792,0.13338142730598546,0.13256485139892282,-0.14192136851017334,-0.1593583087876954,0.06923979292692128,0.04377498094323706,-0.04719607781458024,-0.14701266624935516,0.06926254681157315,0.04861181499926109,0.050701284859055826,1.7565475917308393,0.9741952432573437,0.020833330478704726,0.10626321075497658,-0.2650771053955051,-0.17175971305758042,0.5241406729476987,0.027749612803871893,0.045531428355038095,0.03928847298413274,0.04019202320571558,0.10070180848915045,0.005209364438418129,-0.00659804357776872,0.0007733302344119508,-0.0070738730470507605,0.14869999885559082,-0.13040938281657388,-0.18120984149430608,2.3847160133865293
NVTS,0.063866974868388,0.160305379633374,0.11662070376958811,-0.06245184294065209,-0.3129943885159082,0.06496154963735656,0.042756126214676726,-0.053310446391619526,-0.062050141908401524,0.06853587874576236,0.044136040911092606,0.05807677494908148,0.893525557947593,0.6199989318847656,0.04811891709324745,0.015025067784116164,-0.3214285828325213,-0.09523807834335418,0.5204938186430133,0.027749612803871893,0.045531428355038095,0.03928847298413274,0.04019202320571558,0.10070180848915045,0.005209364438418129,-0.00659804357776872,0.0007733302344119508,-0.0070738730470507605,0.14869999885559082,-0.13040938281657388,-0.10174031592478483,3.381066331670511
RCAT,0.029629601372612946,-0.020436925329718303,-0.10897440521596258,-0.2775467887792781,-0.21997756135947077,-0.07699123821662934,-0.1337500906480218,-0.20526907045185594,-0.3076850021212425,0.08227779996390107,0.04285333311290722,0.0531143127077404,1.4452932657957334,0.4193537470947537,0.028148156625253273,0.001440886449888934,-0.37556156893047354,-0.3076310285602558,0.34188471657185504,0.027749612803871893,0.045531428355038095,0.03928847298413274,0.04019202320571558,0.10070180848915045,0.005209364438418129,-0.00659804357776872,0.0007733302344119508,-0.0070738730470507605,0.14869999885559082,-0.13040938281657388,-0.3168352617634108,2.260840075504917
COHR,0.013108154317252874,0.10895732465049468,0.20645399254661112,0.11052777429640237,-0.21050954201676642,0.0787025506296648,0.08815315604215601,0.058236977496628484,0.16287796754879258,0.0700476102361007,0.049948390022749485,0.0645196529846713,1.1986665556415457,0.3010777564608961,0.028737163019032508,-0.01519242160544998,-0.18493171085579263,0.009640372708306755,0.5710984057928763,0.027749612803871893,0.045531428355038095,0.03928847298413274,0.04019202320571558,0.10070180848915045,0.005209364438418129,-0.00659804357776872,0.0007733302344119508,-0.0070738730470507605,0.14869999885559082,-0.13040938281657388,0.07123930131226963,3.1795965993745874
INTC,0.12136280377864384,0.20514591886673328,0.25300952485020667,0.3520595002987974,-0.08346501652317795,0.15509121971747963,0.201387191563007,0.21620981718213228,0.48509226350490553,0.05400163678560908,0.045141635770248024,0.0487364180438401,1.9225173238587387,0.6991936840400215,0.07357272537783244,0.044514989316622344,-0.12783789643563093,0.09347217182352385,0.7091595084419506,0.027749612803871893,0.045531428355038095,0.03928847298413274,0.04019202320571558,0.10070180848915045,0.005209364438418129,-0.00659804357776872,0.0007733302344119508,-0.0070738730470507605,0.14869999885559082,-0.13040938281657388,0.31277102731466466,3.062795657797849
ASTS,0.05758713098980639,0.04420446957397606,0.03149998982747393,-0.09847053147816986,-0.0568424748675872,0.018422390286250367,0.003869889427065898,-0.05600966503529048,-0.1460194409105875,0.06820056590719813,0.05162883934485215,0.06162204072962653,1.0681886453306377,0.8469051246175983,0.017515340108744892,0.03938200172665596,-0.3035111527735158,-0.11711839177148564,0.49162208943874397,0.027749612803871893,0.045531428355038095,0.03928847298413274,0.04019202320571558,0.10070180848915045,0.005209364438418129,-0.00659804357776872,0.0007733302344119508,-0.0070738730470507605,0.14869999885559082,-0.13040938281657388,-0.1377590044623026,2.9472956074820753
ONTO,0.04764081030816003,0.13273687275363577,0.10334628232876941,-0.05914831889055128,-0.1982918347213879,0.04894549227725631,0.024574049028209144,-0.012392842377758506,0.10830985060301646,0.06264074180686584,0.044620936638693084,0.06064273442360625,0.8826502160502215,0.8692220620464953,0.03253239024595933,0.014632393332088656,-0.27076231448143506,-0.097322765764014,0.510187258579764,0.027749612803871893,0.045531428355038095,0.03928847298413274,0.04019202320571558,0.10070180848915045,0.005209364438418129,-0.00659804357776872,0.0007733302344119508,-0.0070738730470507605,0.14869999885559082,-0.13040938281657388,-0.09843679187468402,3.549007426630965
MSTR,0.09472454524753449,0.3353938785264712,0.23046587553624165,0.4129979035639413,0.9746864688180135,0.19427452058095507,0.26820218550096553,0.3769319099704358,0.10649848073497381,0.058141432342217886,0.07194500070445062,0.05722781938449896,1.4780476608754838,0.7979796734308869,0.06925678137293612,0.02381819252237749,0.0,0.09401373409861735,0.7090371393983539,0.027749612803871893,0.045531428355038095,0.03928847298413274,0.04019202320571558,0.10070180848915045,0.005209364438418129,-0.00659804357776872,0.0007733302344119508,-0.0070738730470507605,0.14869999885559082,-0.13040938281657388,0.37370943057980854,1.755234547006943
WULF,0.025867168026872056,0.133853175676534,0.12798968724846227,0.1157289245450337,-0.33039136145245407,0.06587199904753716,0.0665228617424587,-0.004806782859212766,0.004700833664844639,0.06947287005004012,0.05256305046343698,0.059351269334081205,0.8376191758319694,0.6400019327799479,0.0235155563285121,0.0022975827615121514,-0.3244289270429177,-0.03484508647262563,0.5433971840529437,0.027749612803871893,0.045531428355038095,0.03928847298413274,0.04019202320571558,0.10070180848915045,0.005209364438418129,-0.00659804357776872,0.0007733302344119508,-0.0070738730470507605,0.14869999885559082,-0.13040938281657388,0.07644045156090096,2.4793043773621424
IREN,0.011782331479538666,0.10816519769789901,0.09404682755376181,0.12774590109058614,-0.010682909893162118,0.06895737406807889,0.09671637528653898,0.10102397135151464,0.0951032550816322,0.0656872384256187,0.05349556142070473,0.07339497690866706,0.9872219319593037,0.3503580405752481,0.02506422796264607,-0.012957135875773962,0.0,-0.0417934943199012,0.6012008863458088,0.027749612803871893,0.045531428355038095,0.03928847298413274,0.04019202320571558,0.10070180848915045,0.005209364438418129,-0.00659804357776872,0.0007733302344119508,-0.0070738730470507605,0.14869999885559082,-0.13040938281657388,0.0884574281064534,3.3433465320349107
LITE,0.02533007247757002,0.038166157155233416,0.14306067655805088,0.10127951222016462,0.10733554842494075,0.04608174595457415,0.06011267367198392,0.09615356869161196,0.34583056563157455,0.06930515417985038,0.05445884034640511,0.0632558432238418,1.0726336291738183,0.22649592853125536,0.030464864707508754,-0.004982986228643682,-0.03487430576504458,-0.0703864767266762,0.5591474367970884,0.027749612803871893,0.045531428355038095,0.03928847298413274,0.04019202320571558,0.10070180848915045,0.005209364438418129,-0.00659804357776872,0.0007733302344119508,-0.0070738730470507605,0.14869999885559082,-0.13040938281657388,0.061991039236031886,2.972896456645813
WDC,0.015429645419140936,0.07482555607283858,0.04972598225728864,-0.02421671777707246,-0.33621482440985795,0.01719085337845505,-0.004331955430889711,-0.054220336469753994,0.1301675489746137,0.06296016710907965,0.03161434031524673,0.057287518652674216,1.18978864533442,0.4710160214790287,0.032343268279501736,-0.01638371981496889,-0.3122754806487793,-0.0955013779072661,0.47609043585786437,0.027749612803871893,0.045531428355038095,0.03928847298413274,0.04019202320571558,0.10070180848915045,0.005209364438418129,-0.00659804357776872,0.0007733302344119508,-0.0070738730470507605,0.14869999885559082,-0.13040938281657388,-0.0635051907612052,2.699602268008352
CIEN,0.04919725992735624,0.07477236844369495,0.14491294795361154,-0.07536829239199472,-0.24496071796050978,0.052177200973517746,0.02734086706090788,-0.04756246335625269,-0.003737416550518624,0.0703773936348426,0.04780984444920858,0.048920393657382086,1.0662554233266852,0.8512542009510762,0.04658830438275485,0.002492819319378947,-0.25399544749596725,-0.12600307989064918,0.5075933510360822,0.027749612803871893,0.045531428355038095,0.03928847298413274,0.04019202320571558,0.10070180848915045,0.005209364438418129,-0.00659804357776872,0.0007733302344119508,-0.0070738730470507605,0.14869999885559082,-0.13040938281657388,-0.11465676537612746,2.351863605017098
PL,0.039585847473210256,0.06554302166400339,0.053703635241490355,-0.23418577865857515,-0.3560920578104343,-0.0005862980446399435,-0.06588494175425896,-0.20795293436605866,-0.2935288936995031,0.0662746315564188,0.032228724044265786,0.04210217936375765,0.7874610972920035,0.7264955592941821,0.016138817808595718,0.023074632376686832,-0.48475704363159167,-0.256533084691267,0.35807350775588875,0.027749612803871893,0.045531428355038095,0.03928847298413274,0.04019202320571558,0.10070180848915045,0.005209364438418129,-0.00659804357776872,0.0007733302344119508,-0.0070738730470507605,0.14869999885559082,-0.13040938281657388,-0.2734742516427079,1.931566237529423
ABCL,0.002375275748168093,0.08483288471687467,0.13339299560797557,0.11837457497464166,0.9009009215415271,0.0633018890149839,0.11009898688948772,0.2878765339954459,0.9375826362227249,0.057506834345042196,0.05576783468104942,0.06915782763055217,0.9219212466116732,0.4894647329347345,0.019794140754928025,-0.017080765921899888,-0.005498797905841957,-0.03945375157233255,0.6681546531523365,0.027749612803871893,0.045531428355038095,0.03928847298413274,0.04019202320571558,0.10070180848915045,0.005209364438418129,-0.00659804357776872,0.0007733302344119508,-0.0070738730470507605,0.14869999885559082,-0.13040938281657388,0.07908610199050892,1.1440500626503973
MRVL,0.05375641712512791,0.12045621592537659,0.1762178789321609,0.08580835374951734,-0.08467791867966923,0.09134753012459074,0.11736960563846721,0.1466401740668668,0.46131185237625716,0.05703753404039455,0.044135777864893505,0.05511278914407131,0.9477699531308371,0.765142798942258,0.03017398205603894,0.022891701285274957,-0.1357766261851292,0.010919083710338118,0.6241676106504368,0.027749612803871893,0.045531428355038095,0.03928847298413274,0.04019202320571558,0.10070180848915045,0.005209364438418129,-0.00659804357776872,0.0007733302344119508,-0.0070738730470507605,0.14869999885559082,-0.13040938281657388,0.0465198807653846,3.0764507710159332
RDW,0.08007454643195278,0.07506954795925624,0.10581512245669411,-0.03494176874366661,0.07407409042651403,0.05318943158640077,0.05035984849745834,0.02842238987214607,0.03654501899832652,0.06699241593069159,0.04053510918329516,0.05365646374509215,1.1745328847134813,0.8582474261962544,0.027932979248437073,0.050724675865189583,-0.14643118092527885,-0.05882348389574843,0.5468269242744578,0.027749612803871893,0.045531428355038095,0.03928847298413274,0.04019202320571558,0.10070180848915045,0.005209364438418129,-0.00659804357776872,0.0007733302344119508,-0.0070738730470507605,0.14869999885559082,-0.13040938281657388,-0.07423024172779935,2.651453868958232
TER,0.027108534447269683,0.11839371353086725,0.15899147751238374,0.015826340318764398,-0.19127348181965143,0.057437150935372605,0.05328558507295611,0.039075954069429875,0.18967558582657196,0.055384772460768686,0.04393465254543111,0.05515328533744029,1.3317943991323382,0.7571032548501971,0.019476634257914016,0.007486096231044126,-0.21113058803924512,-0.010734246550195392,0.5488359073628966,0.027749612803871893,0.045531428355038095,0.03928847298413274,0.04019202320571558,0.10070180848915045,0.005209364438418129,-0.00659804357776872,0.0007733302344119508,-0.0070738730470507605,0.14869999885559082,-0.13040938281657388,-0.02346213266536834,3.026897588774332
LRCX,0.04918265297345936,0.12275744324300852,0.10526896622523352,-0.03732484465192076,-0.24772287773267965,0.045560456852660414,0.023431225311699277,-0.011622702724463752,0.13025154446949805,0.05274409554778942,0.037795801349442125,0.049771255496279594,1.3242039610912621,0.7821083072195063,0.015167907594154206,0.03350652155653422,-0.3024253844733955,-0.06185404923596183,0.5135834963792336,0.027749612803871893,0.045531428355038095,0.03928847298413274,0.04019202320571558,0.10070180848915045,0.005209364438418129,-0.00659804357776872,0.0007733302344119508,-0.0070738730470507605,0.14869999885559082,-0.13040938281657388,-0.0766133176360535,3.028823318928328
IOVA,-0.005853699474799967,0.03242144868637875,0.10043189292812404,0.2291917523851923,1.4204274318411692,0.07521132135239283,0.15450421628737532,0.3823462320398696,1.0502227345549824,0.054480012414414865,0.03365351579573583,0.0761962572194047,0.9382414481362255,0.262294569377392,0.017561005383003092,-0.023010615318331595,-0.005853699474799967,-0.07194899770388563,0.7434692433333595,0.027749612803871893,0.045531428355038095,0.03928847298413274,0.04019202320571558,0.10070180848915045,0.005209364438418129,-0.00659804357776872,0.0007733302344119508,-0.0070738730470507605,0.14869999885559082,-0.13040938281657388,0.18990327940105955,-0.004642574450913457
TSEM,0.04570662317411456,0.15637987563407552,0.22341991051668475,0.05045155294976067,-0.1336149285096232,0.08568370391731439,0.08125725598796718,0.04539926814287609,0.21489893206319044,0.05902702135652884,0.045059597969246155,0.05726813260952846,1.2589074533424491,0.6124372563697305,0.015339859490850483,0.02990797948037982,-0.11925569666990798,0.017537813463738505,0.5683807754190904,0.027749612803871893,0.045531428355038095,0.03928847298413274,0.04019202320571558,0.10070180848915045,0.005209364438418129,-0.00659804357776872,0.0007733302344119508,-0.0070738730470507605,0.14869999885559082,-0.13040938281657388,0.011163079965627931,2.761209946103884
AMD,0.09949628716069214,0.20101467225609748,0.2474818405845749,0.300623390451664,0.1557541939393008,0.15194957590599523,0.1990156527546818,0.2396956524548164,0.5836921202962679,0.04281182073462039,0.03757793842937848,0.04523604715930651,2.304983398292733,0.9662896236605868,0.04297809518025941,0.054189241597317306,0.0,0.09931962110695247,0.7296287920422287,0.027749612803871893,0.045531428355038095,0.03928847298413274,0.04019202320571558,0.10070180848915045,0.005209364438418129,-0.00659804357776872,0.0007733302344119508,-0.0070738730470507605,0.14869999885559082,-0.13040938281657388,0.26133491746753124,2.6921995486326766
TEM,0.002440935898576857,0.11519218833754885,0.2542999506131294,0.0734625967607454,0.4220885784263049,0.10141075455377191,0.1678524598954867,0.28390716121290693,0.350748329844804,0.06166486539448097,0.057524416472748786,0.05914436919889249,0.7305607893467319,0.28800387587415155,0.015930184371815814,-0.013277731758289835,-0.0289945472045523,-0.04643777302612384,0.6797756215822621,0.027749612803871893,0.045531428355038095,0.03928847298413274,0.04019202320571558,0.10070180848915045,0.005209364438418129,-0.00659804357776872,0.0007733302344119508,-0.0070738730470507605,0.14869999885559082,-0.13040938281657388,0.034174123776612664,1.5032129659913827
AMAT,0.04424496161706015,0.1176271962473181,0.09436363967286665,-0.05703610796250169,-0.30428678929253483,0.04620150777933252,0.01788308835786445,-0.03908301981691953,0.09671263923102358,0.04695283390815009,0.03207122973980984,0.046521957462392335,1.4112461473775164,0.7306832814602232,0.02558652138605555,0.01819294602837429,-0.3572110624044883,-0.07797420013033762,0.4974140767469668,0.027749612803871893,0.045531428355038095,0.03928847298413274,0.04019202320571558,0.10070180848915045,0.005209364438418129,-0.00659804357776872,0.0007733302344119508,-0.0070738730470507605,0.14869999885559082,-0.13040938281657388,-0.09632458094663443,2.714206977012697
FN,0.033509252194823036,0.022639336900919238,0.04971904362350532,-0.08038107729905852,-0.29274903949629094,0.011062026923272628,-0.029288371341968822,-0.12423184477450211,-0.19134559285437236,0.06099181527049757,0.031718261396865455,0.05205114973032063,0.7696972848064703,0.6714397393504153,0.03495050190834026,-0.0013925783995077934,-0.32912894540556437,-0.11536765835909635,0.43671484283034123,0.027749612803871893,0.045531428355038095,0.03928847298413274,0.04019202320571558,0.10070180848915045,0.005209364438418129,-0.00659804357776872,0.0007733302344119508,-0.0070738730470507605,0.14869999885559082,-0.13040938281657388,-0.11966955028319126,2.5190876871346264
STX,0.02158273227904073,0.12020866264675356,0.08910064614451851,0.032147073184742636,-0.1443736592605327,0.05141282240420986,0.048022336241237085,0.04324128217110701,0.32903271688282776,0.059652688832771465,0.03741448181405735,0.05214820627962904,1.1586612901660773,0.29067255388502145,0.041313991094079405,-0.018948423802802705,-0.11808016608012484,-0.05199147444182517,0.5504095277867026,0.027749612803871893,0.045531428355038095,0.03928847298413274,0.04019202320571558,0.10070180848915045,0.005209364438418129,-0.00659804357776872,0.0007733302344119508,-0.0070738730470507605,0.14869999885559082,-0.13040938281657388,-0.007141399799390102,2.2230290147060816
KLAC,0.039437230978608406,0.09924713521615636,0.08800050390371972,-0.0001087247777797895,-0.2883387181162924,0.04392581179945143,0.026114330554207088,-0.028085038610680235,0.056865655497732925,0.04645617592330625,0.031752908868084455,0.045141876051720826,0.975979720154933,0.7418086553075754,0.012599557366673952,0.026503738241528962,-0.38955305631612536,-0.0361502282862638,0.514716114531117,0.027749612803871893,0.045531428355038095,0.03928847298413274,0.04019202320571558,0.10070180848915045,0.005209364438418129,-0.00659804357776872,0.0007733302344119508,-0.0070738730470507605,0.14869999885559082,-0.13040938281657388,-0.03939719776191253,2.5855915257439506
ONDS,-0.0013531464445659669,0.025000043047800125,0.0207469011025887,-0.1526980387923177,-0.0384364910700673,-0.002734552173540461,-0.031005238312054817,-0.08154747447332589,-0.1172804012160309,0.059341871221207466,0.04105778579961263,0.050249477289571194,0.8451050525876971,0.12121203363870185,0.014884998038128039,-0.015999984741210893,-0.24462643104827642,-0.1651583725051815,0.427672851652919,0.027749612803871893,0.045531428355038095,0.03928847298413274,0.04019202320571558,0.10070180848915045,0.005209364438418129,-0.00659804357776872,0.0007733302344119508,-0.0070738730470507605,0.14869999885559082,-0.13040938281657388,-0.19198651177645043,2.320158163753022
HIMS,0.048588803911134626,0.048214299338204425,0.01874352396867285,-0.13114264529050879,-0.10272084368837264,0.03454043077284541,0.021386111211191938,-0.004611387712653792,-0.04169927073913571,0.05588643657452266,0.0403745506420859,0.053771082543508666,0.8539276438058463,0.8698889766537572,0.018220801466675374,0.029824574788411384,-0.23328105231436935,-0.1481890152753953,0.5142832327148895,0.027749612803871893,0.045531428355038095,0.03928847298413274,0.04019202320571558,0.10070180848915045,0.005209364438418129,-0.00659804357776872,0.0007733302344119508,-0.0070738730470507605,0.14869999885559082,-0.13040938281657388,-0.17043111827464152,1.6967632092467484
VRT,0.005894387201975881,0.04782589187209618,0.05674207529944697,-0.04210156670054588,-0.22928555871304013,0.003426918789155131,-0.020027575977968892,-0.06967880405603843,-0.02305241549966064,0.05691821950316789,0.04041181401502554,0.045391291245289754,0.9020998034362123,0.4476493304789489,0.021171654004647378,-0.014960527686760483,-0.25057794032525116,-0.15039781165530375,0.4590375722935376,0.027749612803871893,0.045531428355038095,0.03928847298413274,0.04019202320571558,0.10070180848915045,0.005209364438418129,-0.00659804357776872,0.0007733302344119508,-0.0070738730470507605,0.14869999885559082,-0.13040938281657388,-0.08139003968467862,2.0983970279179616
CLS,0.03538462808795173,0.06352100848334619,0.0895975972137164,0.16135561650038333,-0.04703929243803284,0.05105391856014507,0.06631861177464793,0.05218745710157413,0.08873404768443871,0.05656552011263898,0.04559756053928297,0.05222615048521183,0.8914644601258492,0.792148640987517,0.02651597028153274,0.008639571193409301,-0.07207328691876713,-0.027008695302805252,0.5738180558785021,0.027749612803871893,0.045531428355038095,0.03928847298413274,0.04019202320571558,0.10070180848915045,0.005209364438418129,-0.00659804357776872,0.0007733302344119508,-0.0070738730470507605,0.14869999885559082,-0.13040938281657388,0.12206714351625059,2.386441324806212
APP,0.071771784861276,0.011054678760808345,-0.012176809853861825,0.07979862409901672,-0.25959227042216815,0.027265901401274606,0.020375555954566416,-0.07465507265067084,-0.2399191565601626,0.0525699814547459,0.028582446823257213,0.0442337706724242,1.2315866994854177,0.7753820264310044,0.005291192935565903,0.06613068172971759,-0.4152246294012153,-0.024147257192723703,0.5019022308947054,0.027749612803871893,0.045531428355038095,0.03928847298413274,0.04019202320571558,0.10070180848915045,0.005209364438418129,-0.00659804357776872,0.0007733302344119508,-0.0070738730470507605,0.14869999885559082,-0.13040938281657388,0.040510151114883985,1.1653210984148072
MU,0.027721966413599253,0.12671736516256438,0.1297900802335219,0.07983194656674564,-0.13962185945509809,0.06273015879957455,0.07847274335194987,0.10987447692298313,0.4957548887944505,0.047143756115035816,0.03322886741822896,0.05123099134492719,1.0915337806800742,0.3927811936989793,0.028735974396719044,-0.0009856834098899148,-0.09544354058230531,0.0014964855016330603,0.612440997130815,0.027749612803871893,0.045531428355038095,0.03928847298413274,0.04019202320571558,0.10070180848915045,0.005209364438418129,-0.00659804357776872,0.0007733302344119508,-0.0070738730470507605,0.14869999885559082,-0.13040938281657388,0.0405434735826129,2.7056327624927152
PATH,0.014936505163337888,-0.002934700037944049,-0.07298770163446511,-0.1708358353465812,0.36858003372914494,-0.04430371189909643,-0.08061658295904872,-0.053352676513126474,0.04250510060583079,0.064047575287206,0.0527925840349258,0.04481502601084836,0.7597406786973937,0.42840906303403953,0.011949204130670354,0.0029520266634666115,-0.2720942636822127,-0.2782793304487091,0.4074168473262273,0.027749612803871893,0.045531428355038095,0.03928847298413274,0.04019202320571558,0.10070180848915045,0.005209364438418129,-0.00659804357776872,0.0007733302344119508,-0.0070738730470507605,0.14869999885559082,-0.13040938281657388,-0.21012430833071394,0.4299051148230827
CRWD,0.04923211658960769,0.03310409957308136,0.059350840899414115,0.29903625979609116,0.4696824409241045,0.0705183581473281,0.11436952126953592,0.1963831439760939,0.5326566173551661,0.05343791990374025,0.06457236353994533,0.047038634602562565,1.0390640710265855,0.9506684544392432,-0.025373443863513923,0.07654784284645921,0.0,-0.003875044712054354,0.6464141926875441,0.027749612803871893,0.045531428355038095,0.03928847298413274,0.04019202320571558,0.10070180848915045,0.005209364438418129,-0.00659804357776872,0.0007733302344119508,-0.0070738730470507605,0.14869999885559082,-0.13040938281657388,0.2597477868119584,1.3104424950939502
COIN,0.035006450716899895,0.22211421655237795,0.050143673317012194,0.07807387597040671,0.41067918204242293,0.0982293036821209,0.12402631758287974,0.16462855895674,0.036858614178452376,0.06308425608936906,0.06038441338033823,0.05016762076790724,1.2979894053310461,0.0514663342538306,0.05631918888754828,-0.020176418638284566,0.0,0.02466742863399829,0.6044455486297109,0.027749612803871893,0.045531428355038095,0.03928847298413274,0.04019202320571558,0.10070180848915045,0.005209364438418129,-0.00659804357776872,0.0007733302344119508,-0.0070738730470507605,0.14869999885559082,-0.13040938281657388,0.038785402986273976,1.1265273835624936
HOOD,0.029043593438466075,0.18080832420879545,0.07845710729505706,0.14029414763404446,0.319139846383649,0.07764979365704727,0.10787271369983586,0.17162684145443752,0.2778699414441854,0.05585140146159166,0.055422667960960695,0.04733982946340057,1.1126830768457805,0.3653061955335358,0.043607064658895967,-0.013954937364466846,-0.01138548873514278,-0.015568837910117317,0.6231309585612609,0.027749612803871893,0.045531428355038095,0.03928847298413274,0.04019202320571558,0.10070180848915045,0.005209364438418129,-0.00659804357776872,0.0007733302344119508,-0.0070738730470507605,0.14869999885559082,-0.13040938281657388,0.10100567464991173,1.438132170916261
RBRK,0.058569956457898975,0.07601443581981004,0.1273453345794171,0.12858430629904904,0.5905379389440002,0.10372878790548645,0.14795010061318337,0.23787211489515991,0.4753512106697808,0.054310535358157934,0.061468032911711774,0.046970331852753185,0.8528172341512572,0.9720809153700416,0.00805923172832923,0.0501069015983997,0.0,0.03633026683002427,0.674288432415573,0.027749612803871893,0.045531428355038095,0.03928847298413274,0.04019202320571558,0.10070180848915045,0.005209364438418129,-0.00659804357776872,0.0007733302344119508,-0.0070738730470507605,0.14869999885559082,-0.13040938281657388,0.0892958333149163,1.2033767024759763
SMMT,-0.05322133011972696,-0.023121366252628617,-0.08251902559543811,0.2841945147783287,0.19181941148207704,-0.014401004264205652,0.03252818997586071,0.09335797540694935,0.02091015496855686,0.05883116422969689,0.05168209447338775,0.044652298164178324,0.8690767990476406,0.1460674879692424,0.03165269030717499,-0.08226995501909729,-0.08251902559543811,-0.10249603361633608,0.5630196723808341,0.027749612803871893,0.045531428355038095,0.03928847298413274,0.04019202320571558,0.10070180848915045,0.005209364438418129,-0.00659804357776872,0.0007733302344119508,-0.0070738730470507605,0.14869999885559082,-0.13040938281657388,0.24490604179419595,0.9204131995443552
CAMT,0.0034201299780367567,0.07965949084813939,0.1179767556557505,0.019208550991857587,-0.10966317353036781,0.039971932562781864,0.03793639452304087,0.0073691543037450735,0.01729695497532724,0.051886138111449626,0.039224995007563844,0.04656962267353071,0.49415804727957036,0.3361124062221845,0.01944748692483822,-0.015721611120105727,-0.1410447330416995,-0.008941521280493192,0.5370004022160957,0.027749612803871893,0.045531428355038095,0.03928847298413274,0.04019202320571558,0.10070180848915045,0.005209364438418129,-0.00659804357776872,0.0007733302344119508,-0.0070738730470507605,0.14869999885559082,-0.13040938281657388,-0.02007992199227515,2.5568708214813562
RBLX,0.07172731758814765,0.08053973582638507,-0.0007798969548318269,0.33567895300127804,0.10476397228485479,0.08238119307450686,0.13389223292316865,0.1483435624053009,-0.11181157076531745,0.047074481875690494,0.04061387995338877,0.052535330197039445,0.9239197372829706,0.8426676432291667,0.06440823610854296,0.006876197713729937,-0.11561692277361069,-0.0009746440117766042,0.6834634255238646,0.027749612803871893,0.045531428355038095,0.03928847298413274,0.04019202320571558,0.10070180848915045,0.005209364438418129,-0.00659804357776872,0.0007733302344119508,-0.0070738730470507605,0.14869999885559082,-0.13040938281657388,0.2963904800171453,0.6562664598562317
NET,0.08674291345729923,0.083228153516816,0.06450547590833122,0.199665674607719,0.5515994833353015,0.08891052062325211,0.12822841479077507,0.20172160695662766,0.4516824659238825,0.052276256227219195,0.048108740701093514,0.03808296340675721,1.232495127267141,0.9743210278420782,0.010506779457219118,0.07544346613986042,0.0,0.04044382670927327,0.6541152578764537,0.027749612803871893,0.045531428355038095,0.03928847298413274,0.04019202320571558,0.10070180848915045,0.005209364438418129,-0.00659804357776872,0.0007733302344119508,-0.0070738730470507605,0.14869999885559082,-0.13040938281657388,0.16037720162358626,1.0270045823838923
RDDT,0.052237250945923464,0.007169984646328231,-0.022478193407541758,0.0354883076500101,0.00449304794255001,0.020777550865286765,0.0180612515869103,-0.009528798100901792,-0.0520392133223041,0.05152285954034703,0.03774474978749919,0.052335757748128604,1.137749065235325,0.8109674455705037,0.012064912109985393,0.039693440959419846,-0.21911746745093252,-0.04483088985794581,0.5138841571272118,0.027749612803871893,0.045531428355038095,0.03928847298413274,0.04019202320571558,0.10070180848915045,0.005209364438418129,-0.00659804357776872,0.0007733302344119508,-0.0070738730470507605,0.14869999885559082,-0.13040938281657388,-0.0038001653341226405,0.5843173635852755
MDB,0.06189381162134455,0.08226601412644219,0.06542148287694016,-0.05461550846658636,0.3849030239380875,0.05113165952189491,0.04344904552017903,0.0688566508647539,0.19542271597497707,0.05347043876821755,0.05030854012123904,0.04283398040254432,0.6295289795526203,0.9891647075388377,0.00883829041092743,0.05259070924915643,-0.1376061732751469,-0.110407377168666,0.5471606210885789,0.027749612803871893,0.045531428355038095,0.03928847298413274,0.04019202320571558,0.10070180848915045,0.005209364438418129,-0.00659804357776872,0.0007733302344119508,-0.0070738730470507605,0.14869999885559082,-0.13040938281657388,-0.0939039814507191,0.9301893144828126
VKTX,0.038634040982270745,0.019986454723537106,-0.045036474639069235,-0.11153729263422352,-0.1859962356292708,-0.02143812759929653,-0.05379840464980035,-0.08834756917535669,-0.09715030607617403,0.050755247886977384,0.025444664298614503,0.030413717746715627,2.5551876515174765,0.7423581149739301,0.02000689645689091,0.018261782925275583,-0.2853073855452767,-0.13956675267922147,0.38512530696714176,0.027749612803871893,0.045531428355038095,0.03928847298413274,0.04019202320571558,0.10070180848915045,0.005209364438418129,-0.00659804357776872,0.0007733302344119508,-0.0070738730470507605,0.14869999885559082,-0.13040938281657388,-0.15082576561835626,0.5529651147606752
TWLO,0.09112533445871907,0.11378094491045809,0.14740379487681632,0.18091430960820798,0.39385996831850845,0.0968119414269395,0.12498270280932888,0.1863955661153982,0.47595327283837685,0.044094463870731515,0.03363544406067672,0.042874629069183746,1.711504710815738,0.9814185011552803,0.013451438765409662,0.07664293790724885,0.0,0.06660358742973704,0.6840291619309251,0.027749612803871893,0.045531428355038095,0.03928847298413274,0.04019202320571558,0.10070180848915045,0.005209364438418129,-0.00659804357776872,0.0007733302344119508,-0.0070738730470507605,0.14869999885559082,-0.13040938281657388,0.14162583662407524,0.7654653431064141
TEAM,0.019008404412413915,0.028326673450845608,0.015043802625980707,0.13887434345730898,1.6201124446886777,0.034802311503673966,0.07788192543783623,0.25958700912782273,0.5306972768549387,0.044451369431643024,0.03724827790322299,0.06073341089312975,0.8216022305778166,0.3721975702296684,0.012707022118091826,0.0062223151974818425,0.0,-0.014753312409482522,0.6772593789830155,0.027749612803871893,0.045531428355038095,0.03928847298413274,0.04019202320571558,0.10070180848915045,0.005209364438418129,-0.00659804357776872,0.0007733302344119508,-0.0070738730470507605,0.14869999885559082,-0.13040938281657388,0.09958587047317624,-0.0002074122430596107
UPST,0.023199996948242152,0.02937623867324679,-0.019923388895153327,-0.15577555881854166,-0.22414319148877093,-0.008510562576097724,-0.04580594584452635,-0.09937918846359128,-0.25107840887547117,0.04956182360264152,0.02472400263800404,0.03039157624747314,1.1274605561149837,0.4615375586510049,0.021200027465820392,0.0019584502826395234,-0.2842753575157805,-0.19559746737684014,0.3988990239586677,0.027749612803871893,0.045531428355038095,0.03928847298413274,0.04019202320571558,0.10070180848915045,0.005209364438418129,-0.00659804357776872,0.0007733302344119508,-0.0070738730470507605,0.14869999885559082,-0.13040938281657388,-0.1950640318026744,1.3816368691577052
DDOG,0.06580551932544365,0.061787816545171736,0.0652032158270619,0.040022103938505804,0.10912465078271905,0.05984228121963353,0.060238840121675796,0.04695389416404261,0.24437369621452,0.050665132393701705,0.03843123494302606,0.044009719401983435,0.7760688255248424,0.9864627038567744,-0.0008263850161769337,0.06668701349034256,-0.14957484559312495,-0.027540784515735606,0.5695798955523845,0.027749612803871893,0.045531428355038095,0.03928847298413274,0.04019202320571558,0.10070180848915045,0.005209364438418129,-0.00659804357776872,0.0007733302344119508,-0.0070738730470507605,0.14869999885559082,-0.13040938281657388,0.0007336309543730657,0.7720010083882441
SHOP,0.07330737874665605,0.06124954635162205,0.030099326295227824,-0.07591291009081869,0.2356208096686203,0.034683272778601726,0.013016703017626252,0.023340514844659044,0.06745313920967888,0.04452755394865121,0.03541499429765421,0.04032805451234564,2.0005979710483923,0.9905497752474638,0.0022957055949051064,0.07084902464946952,-0.1300069436009048,-0.11866577207724582,0.5126455165747461,0.027749612803871893,0.045531428355038095,0.03928847298413274,0.04019202320571558,0.10070180848915045,0.005209364438418129,-0.00659804357776872,0.0007733302344119508,-0.0070738730470507605,0.14869999885559082,-0.13040938281657388,-0.11520138307495142,0.13539061202976393
S,0.05730781852785394,0.027190296016061488,0.052631516788379296,0.12317124290808823,0.5909090358537556,0.06938258415084575,0.09942622616805252,0.16136112121986446,0.3332608190608042,0.05065503890539009,0.050840065757104286,0.04059612526201489,0.8670372700176471,0.9965027503161129,0.0035539725851894133,0.05356348279325007,-0.0016778907412465793,-0.01875901626259524,0.6338753287662495,0.027749612803871893,0.045531428355038095,0.03928847298413274,0.04019202320571558,0.10070180848915045,0.005209364438418129,-0.00659804357776872,0.0007733302344119508,-0.0070738730470507605,0.14869999885559082,-0.13040938281657388,0.08388276992395549,0.6549924009484204
PANW,0.022498551888068485,-0.010355341924832562,-0.005829792644671206,0.03881301824113281,0.2684158941304813,0.024931220384909247,0.03635362018062649,0.07602099069772761,0.3737790921867452,0.050837400785140055,0.05139738354180165,0.04014680377322356,0.7282710720714378,0.835003677574707,0.001402744332638317,0.021066256982837483,-0.06121209655145199,-0.04019822204944534,0.5592340037048029,0.027749612803871893,0.045531428355038095,0.03928847298413274,0.04019202320571558,0.10070180848915045,0.005209364438418129,-0.00659804357776872,0.0007733302344119508,-0.0070738730470507605,0.14869999885559082,-0.13040938281657388,-0.00047545474299992563,1.1031935775754567
VERA,0.007352941176470562,0.07806104836332439,0.005873737662871026,0.06119282357082123,-0.154320987654321,0.007755688306291253,0.00786512647694071,-0.006998075664346404,-0.04691238578265444,0.06068005847210228,0.03753528702600564,0.03631291691069893,0.4423674353701528,0.4511273451101531,0.014705882352941124,-0.007246376811594235,-0.20625727024693596,-0.0778136628201973,0.5087215666991313,0.027749612803871893,0.045531428355038095,0.03928847298413274,0.04019202320571558,0.10070180848915045,0.005209364438418129,-0.00659804357776872,0.0007733302344119508,-0.0070738730470507605,0.14869999885559082,-0.13040938281657388,0.021904350586688492,0.12513709473577528
AMPL,0.017424280245004642,-0.0029695590987430798,-0.016117166263934335,0.010534262131271843,0.9866863684111475,0.010101532972607075,0.028388005169591946,0.13727144206668496,0.3730331963264353,0.047432618393379686,0.03754249609070741,0.04229418832328475,0.9317071530123981,0.640777310301917,0.006060600368335001,0.01129522403770622,-0.0608391520248206,-0.09010839451774255,0.5697360479020315,0.027749612803871893,0.045531428355038095,0.03928847298413274,0.04019202320571558,0.10070180848915045,0.005209364438418129,-0.00659804357776872,0.0007733302344119508,-0.0070738730470507605,0.14869999885559082,-0.13040938281657388,-0.028754210852860895,0.2079729069911728
ORCL,0.006435857626949648,0.037719989929796416,0.02603774050193297,0.014269108489603832,-0.022190566034135495,2.650297382267297e-05,0.0008213192995725205,-0.0033327049313796042,-0.11138024844102445,0.049628931413244516,0.03234883692019642,0.034582771027341974,0.7123017499967416,0.6289467026987957,0.008942429780988137,-0.0024843559751793753,-0.08589715940730325,-0.12970122897167646,0.5048292525453433,0.027749612803871893,0.045531428355038095,0.03928847298413274,0.04019202320571558,0.10070180848915045,0.005209364438418129,-0.00659804357776872,0.0007733302344119508,-0.0070738730470507605,0.14869999885559082,-0.13040938281657388,-0.025019364494528906,1.656267905156874
MPWR,0.04917063761036489,0.11333995871387348,0.11759566200006799,-0.02932504841432315,-0.11031804473130113,0.05677660540237861,0.037931885543976085,-0.010376250477647897,0.02464509418957994,0.041113808265857255,0.028877022106004253,0.03530373726400554,1.4884986978072754,0.9076452094847893,0.02089830033786355,0.027693588345817366,-0.10403005023609746,-0.04486798209744858,0.5378754780300146,0.027749612803871893,0.045531428355038095,0.03928847298413274,0.04019202320571558,0.10070180848915045,0.005209364438418129,-0.00659804357776872,0.0007733302344119508,-0.0070738730470507605,0.14869999885559082,-0.13040938281657388,-0.06861352139845589,1.562009965625567
ZS,0.04976943614477802,0.08116715159795551,0.08032133468128722,0.1396737761568454,0.6731017752577633,0.09208680137439806,0.13142741702635963,0.20682064807338407,0.1690866270823317,0.04830381087485539,0.05296330591135513,0.0396893860989099,0.6982923538002166,0.9576213981591883,-0.0016725043593226463,0.05152812151195718,0.0,0.03689432608451715,0.6761677363917284,0.027749612803871893,0.045531428355038095,0.03928847298413274,0.04019202320571558,0.10070180848915045,0.005209364438418129,-0.00659804357776872,0.0007733302344119508,-0.0070738730470507605,0.14869999885559082,-0.13040938281657388,0.10038530317271266,0.5547286735096038
SOFI,0.00058963616873009,0.0077196650587099125,-0.0385269303043988,-0.10259125064578534,-0.019075140939839974,-0.014225851460821337,-0.03005897652774958,-0.03818971929601933,-0.09405590435229583,0.042082445846797274,0.02889064778926613,0.0339428111923265,1.5804519367549332,0.20289750911518442,0.02948113366690941,-0.028064134983484923,-0.1152242417444026,-0.12952046253813843,0.4386898558065657,0.027749612803871893,0.045531428355038095,0.03928847298413274,0.04019202320571558,0.10070180848915045,0.005209364438418129,-0.00659804357776872,0.0007733302344119508,-0.0070738730470507605,0.14869999885559082,-0.13040938281657388,-0.14187972362991808,1.5844175169695156
QCOM,0.0928989106090139,0.050800690195228926,0.07815710412482813,0.21484973209290503,-0.04691509308653019,0.06600838042330559,0.09922843197814246,0.11581619906900964,0.14299058420838362,0.04593506854168839,0.03055175111351655,0.030390756480305908,1.2960993429710879,0.9327520550912677,0.016261531452835598,0.0754110795147569,0.0,0.010982722589934157,0.6586808856003787,0.027749612803871893,0.045531428355038095,0.03928847298413274,0.04019202320571558,0.10070180848915045,0.005209364438418129,-0.00659804357776872,0.0007733302344119508,-0.0070738730470507605,0.14869999885559082,-0.13040938281657388,0.1755612591087723,1.2053539772747066
AFRM,-0.002246819755257201,-0.0074042856348033315,-0.031752443293415755,-0.07763203715831146,-0.07547164004585383,-0.00680747260925918,-0.02029018462583676,-0.032873864484157855,0.028942171370784253,0.050075473824502184,0.030232640069513757,0.030212378891411294,0.6739183872055984,0.3215433452557932,0.01671117057584315,-0.018646387371118345,-0.17171830190202997,-0.2143962722934546,0.453714228622353,0.027749612803871893,0.045531428355038095,0.03928847298413274,0.04019202320571558,0.10070180848915045,0.005209364438418129,-0.00659804357776872,0.0007733302344119508,-0.0070738730470507605,0.14869999885559082,-0.13040938281657388,-0.1169205101424442,0.9221100994937709
KGS,-0.042397375841605855,-0.03715114149313692,-0.006711361013537198,-0.08493324900365395,-0.23384423968325596,-0.047481699541619515,-0.060989358051289466,-0.08398481073518038,-0.009936160064844879,0.04864178323543183,0.034144415459537336,0.03308112148011833,0.953952386289879,0.0,0.0049378668106201395,-0.047102656010420074,-0.2570488990822729,-0.1370261890652288,0.39714971398469867,0.027749612803871893,0.045531428355038095,0.03928847298413274,0.04019202320571558,0.10070180848915045,0.005209364438418129,-0.00659804357776872,0.0007733302344119508,-0.0070738730470507605,0.14869999885559082,-0.13040938281657388,-0.12422172198778669,0.8855815160180919
CDNA,0.009288500520012066,0.014565874978655913,0.03742606337875243,0.11767128469208532,0.9508079384876307,0.033254369353227675,0.06735683161933026,0.201637633578305,0.7754986938023105,0.03873615743164673,0.024722101257684332,0.05598170757278838,0.6867888501929568,0.60150522584124,-0.00018580969515591406,0.00947607096102443,0.0,-0.015047099685522647,0.7134505988044741,0.027749612803871893,0.045531428355038095,0.03928847298413274,0.04019202320571558,0.10070180848915045,0.005209364438418129,-0.00659804357776872,0.0007733302344119508,-0.0070738730470507605,0.14869999885559082,-0.13040938281657388,0.07838281170795258,0.22294597782477957
GEV,0.006263709023678343,0.022840959511238434,0.08169093252976478,-0.011109374671095185,-0.12828544663451102,0.017249343868783962,0.007079426816054335,-0.022988834772909028,0.05735919374478793,0.04282346639814689,0.030994288660439455,0.03432838183333062,1.1204599663450103,0.04589719616350285,0.01560088760705236,-0.009193747954842957,-0.1946104365619532,-0.03774895269040002,0.49680917864780294,0.027749612803871893,0.045531428355038095,0.03928847298413274,0.04019202320571558,0.10070180848915045,0.005209364438418129,-0.00659804357776872,0.0007733302344119508,-0.0070738730470507605,0.14869999885559082,-0.13040938281657388,-0.05039784765522792,1.5086864216603433
PLTR,0.030680009946902675,0.05018928635883135,0.056430667111344146,0.017505801121182607,0.7068145993059931,0.04133643633586703,0.05435929374251214,0.12117760702341118,0.21692735782833816,0.03848014952257065,0.03246384049093293,0.0496556927368371,0.7518082913578698,0.9561921313636772,0.006107896406187585,0.02442294074868756,-0.017652153979663687,-0.02802993531964637,0.6113127792903285,0.027749612803871893,0.045531428355038095,0.03928847298413274,0.04019202320571558,0.10070180848915045,0.005209364438418129,-0.00659804357776872,0.0007733302344119508,-0.0070738730470507605,0.14869999885559082,-0.13040938281657388,-0.02178267186295013,1.3269866005253659
SNOW,0.02093680511988083,0.025285559520757284,0.021182513662205693,0.01986302029385012,0.49471513387494226,0.019711281453955065,0.03090116580014035,0.09924543934155361,0.38244969459294875,0.045920511465726836,0.045669789822582185,0.03291502447821668,0.6641703054009708,0.9865399795179981,0.00962612362763604,0.011202841554460718,-0.04791423265289241,-0.1174588703893309,0.5696471231890847,0.027749612803871893,0.045531428355038095,0.03928847298413274,0.04019202320571558,0.10070180848915045,0.005209364438418129,-0.00659804357776872,0.0007733302344119508,-0.0070738730470507605,0.14869999885559082,-0.13040938281657388,-0.01942545269028262,0.6404162411447019
DUOL,0.05299509933697921,0.00843625575654472,-0.011380185441637103,0.02251415298843784,0.24578952082263616,0.011930078774468944,0.018899835879496507,0.06566814080009897,-0.030664577361574352,0.05091403485630604,0.03530047430145523,0.04030125067447473,1.1037911327251428,0.7922005339072756,0.00070476467806313,0.05225350823200925,-0.05918655535687045,-0.10730078975945478,0.5350935431176596,0.027749612803871893,0.045531428355038095,0.03928847298413274,0.04019202320571558,0.10070180848915045,0.005209364438418129,-0.00659804357776872,0.0007733302344119508,-0.0070738730470507605,0.14869999885559082,-0.13040938281657388,-0.016774319995694897,-0.7550646887894326
CRM,-0.006304640263719463,-0.05469809346884147,-0.08709122582377027,0.13226527067088334,0.5769087500913432,-0.03271402787952249,-0.009733252282947302,0.08781065425658485,0.14555361864293648,0.03937536339213615,0.05530634939233484,0.03937924554228875,0.5884038636111077,0.025768986480355683,0.007901836320112654,-0.014095099415336376,-0.1043530210847291,-0.11717324421785846,0.5244954269935513,0.027749612803871893,0.045531428355038095,0.03928847298413274,0.04019202320571558,0.10070180848915045,0.005209364438418129,-0.00659804357776872,0.0007733302344119508,-0.0070738730470507605,0.14869999885559082,-0.13040938281657388,0.0929767976867506,-0.33951075522852797
NOW,0.016313511738127673,-0.015305496612335157,-0.032806555865817044,0.07160645434447366,0.5379803154454763,0.0014692401849862868,0.017972905125166028,0.08882744355202887,0.09885202021408523,0.045026467958625506,0.03992688961544714,0.03830659026068524,0.6829198141877225,0.45374310162872145,0.009965350936376183,0.006285523355693323,-0.06966695340692486,-0.07967923089178441,0.5498481274147189,0.027749612803871893,0.045531428355038095,0.03928847298413274,0.04019202320571558,0.10070180848915045,0.005209364438418129,-0.00659804357776872,0.0007733302344119508,-0.0070738730470507605,0.14869999885559082,-0.13040938281657388,0.03231798136034092,-0.31414688788568307
ASML,0.01869130763509852,0.0680930069409007,0.0864488586892882,-0.02973197214258816,-0.06932880316713319,0.02675895669043271,0.015925631091728842,0.0039489989770908895,0.13356925399149233,0.03217270968531079,0.025363894655831897,0.029813363296776387,1.0407282132908875,0.7567984799905,0.00782769536630279,0.010779235695489664,-0.13868565378109043,-0.04395533726868017,0.5185483429888362,0.027749612803871893,0.045531428355038095,0.03928847298413274,0.04019202320571558,0.10070180848915045,0.005209364438418129,-0.00659804357776872,0.0007733302344119508,-0.0070738730470507605,0.14869999885559082,-0.13040938281657388,-0.0690204451267209,1.6152078231138083
SE,0.008448772989650077,-0.008212545643682012,-0.055483978306629655,-0.12660595088884752,0.15324119831805327,-0.026625896184379827,-0.05499835719607282,-0.05613865885819114,-0.06602091810444466,0.03986745645202988,0.026851188476807442,0.032417006274845984,0.6851995138353882,0.7704416171435837,0.003045461791979065,0.005386905582542401,-0.21945094811373356,-0.1703709792219399,0.38271699096506917,0.027749612803871893,0.045531428355038095,0.03928847298413274,0.04019202320571558,0.10070180848915045,0.005209364438418129,-0.00659804357776872,0.0007733302344119508,-0.0070738730470507605,0.14869999885559082,-0.13040938281657388,-0.16589442387298026,0.21127545208380397
ETN,0.0250959435407907,0.09459528918436444,0.10751345157174153,0.03871655533429341,0.03961067670649898,0.052080608407738094,0.053465030482881426,0.05298275579711742,0.11402468738982185,0.0354294769304953,0.02909616765529425,0.03007920384824371,1.0664354293770204,0.7633140633429556,0.012806936888451359,0.012133612246074899,-0.05333072274763839,0.012039494888509639,0.5835283083460329,0.027749612803871893,0.045531428355038095,0.03928847298413274,0.04019202320571558,0.10070180848915045,0.005209364438418129,-0.00659804357776872,0.0007733302344119508,-0.0070738730470507605,0.14869999885559082,-0.13040938281657388,-0.0005719176498393264,1.5182707970600837
MLKN,-0.01645692909482177,-0.03099664472169672,-0.04421451194438941,-0.11055403963877253,0.06079454153719799,-0.039141906251642156,-0.06166436158309885,-0.055104160709687044,0.05182006909389014,0.04110767761342698,0.018035257280293194,0.02270395020585198,2.0936667075213466,0.6309519484471006,0.009196540922599139,-0.025419696736146857,-0.1635793874107908,-0.14369995420112636,0.34080469491382515,0.027749612803871893,0.045531428355038095,0.03928847298413274,0.04019202320571558,0.10070180848915045,0.005209364438418129,-0.00659804357776872,0.0007733302344119508,-0.0070738730470507605,0.14869999885559082,-0.13040938281657388,-0.14984251262290527,0.1675144248086605
WDAY,-0.010058270992700513,0.02215596391039476,-0.011791403458915384,-0.04044796040236942,0.6869122249432857,-0.003264495247353283,0.0034404792569915355,0.07365638972761213,0.1315999385448159,0.044842586935781144,0.031898490117767256,0.04336854609245349,0.5205363468284001,0.06260583007589966,0.0012895239402512804,-0.011333180525345043,-0.07249178490593666,-0.09399048052687375,0.5233960306459562,0.027749612803871893,0.045531428355038095,0.03928847298413274,0.04019202320571558,0.10070180848915045,0.005209364438418129,-0.00659804357776872,0.0007733302344119508,-0.0070738730470507605,0.14869999885559082,-0.13040938281657388,-0.07973643338650216,-0.5120260580152428
CEG,0.029052563474697646,0.009940995585869139,-0.009298189154304248,-0.039467968845409374,-0.022989630209352407,-0.023033300204252094,-0.038427627478388016,-0.03832721319003074,-0.07925647499027821,0.039197207510796805,0.02663225434060634,0.024425297914863975,1.1535554719926717,0.7555542479762163,0.006556468630701806,0.022349560650679834,-0.12352450743779897,-0.1428711713062103,0.4245692702545024,0.027749612803871893,0.045531428355038095,0.03928847298413274,0.04019202320571558,0.10070180848915045,0.005209364438418129,-0.00659804357776872,0.0007733302344119508,-0.0070738730470507605,0.14869999885559082,-0.13040938281657388,-0.07875644182954211,0.5180318803918478
AVGO,0.014121580821022883,0.06818648414067541,0.05204224407599822,-0.015714502247508366,-0.04288617308317577,0.020956390029027494,0.004463669046261831,-0.02864756238522137,-0.003562559164863144,0.033330851542674476,0.021607534974012525,0.025633009802411302,0.9608610663066156,0.874880859039119,0.002922215459691513,0.011166733759305547,-0.15218815367800442,-0.03698981069928031,0.4862225243215874,0.027749612803871893,0.045531428355038095,0.03928847298413274,0.04019202320571558,0.10070180848915045,0.005209364438418129,-0.00659804357776872,0.0007733302344119508,-0.0070738730470507605,0.14869999885559082,-0.13040938281657388,-0.055002975231641105,1.3405696039884827
KBH,0.015704620017851,-0.016642646169454434,-0.034496653116808496,-0.13563298657043277,-0.20843548965507142,-0.025867404163510632,-0.057654462837437026,-0.09691481334366225,-0.13240551865909533,0.035749054907831715,0.019797739595241212,0.021890019869116626,1.1961380328760736,0.5278980215980458,0.009550101297539415,0.006096298452549664,-0.23269798668882546,-0.162994047657964,0.3438717698523912,0.027749612803871893,0.045531428355038095,0.03928847298413274,0.04019202320571558,0.10070180848915045,0.005209364438418129,-0.00659804357776872,0.0007733302344119508,-0.0070738730470507605,0.14869999885559082,-0.13040938281657388,-0.1749214595545655,0.37704735157025754
VST,0.00078197634025301,0.0027779713038249554,0.0003553119681365402,0.03355107437172178,-0.16087503609603482,-0.013606397199124265,-0.017846525635477395,-0.03688554086142404,-0.09298526252170647,0.035029593181884866,0.021231669016125564,0.026043359572861816,0.9815594269387644,0.5335269964277611,0.00945476539679313,-0.008591557892275503,-0.16688364102998,-0.09115555631734573,0.45207004354418046,0.027749612803871893,0.045531428355038095,0.03928847298413274,0.04019202320571558,0.10070180848915045,0.005209364438418129,-0.00659804357776872,0.0007733302344119508,-0.0070738730470507605,0.14869999885559082,-0.13040938281657388,-0.00573739861241096,0.5852159710269693
THO,0.03202015502182931,0.0028678603923590895,-0.048176384782286585,-0.12014084386730173,-0.09650727476561827,-0.01733637430950974,-0.04356836896942817,-0.07019407493834551,-0.15277245662960992,0.035335458361789494,0.018520597078436736,0.02100946968690088,2.0275238686235073,0.9194135713626976,0.009148631803060026,0.02266417700820189,-0.13983514276942433,-0.13139585994470115,0.38015057588661316,0.027749612803871893,0.045531428355038095,0.03928847298413274,0.04019202320571558,0.10070180848915045,0.005209364438418129,-0.00659804357776872,0.0007733302344119508,-0.0070738730470507605,0.14869999885559082,-0.13040938281657388,-0.15942931685143447,0.04291576820485277
BILI,0.018791992873428365,0.018791992873428365,-0.035578111441268545,-0.11019925085693738,-0.05947949942850439,-0.006446372815106849,-0.03583068749625862,-0.09459884310166011,-0.25661962093323565,0.03554316640996691,0.027465585062601904,0.02578038340773623,0.5771299920317926,0.9090913594681225,0.012751714021611349,0.005964224763275183,-0.21101868577134753,-0.12025493807666077,0.41353087528595733,0.027749612803871893,0.045531428355038095,0.03928847298413274,0.04019202320571558,0.10070180848915045,0.005209364438418129,-0.00659804357776872,0.0007733302344119508,-0.0070738730470507605,0.14869999885559082,-0.13040938281657388,-0.14948772384107012,0.30592805381108945
NVDA,0.022990059441793553,0.06302015601202737,0.07783464944242424,0.06014543657080784,0.16294282071526833,0.03275265706237285,0.03713409911435139,0.05549717041007618,0.1401076604221252,0.02834928874225821,0.029501490298941602,0.025073561590478976,0.8053043436968366,0.8386174750450728,0.0029918264873818323,0.01993858018210215,-0.011831764710329207,-0.03035252764145835,0.5838939338360616,0.027749612803871893,0.045531428355038095,0.03928847298413274,0.04019202320571558,0.10070180848915045,0.005209364438418129,-0.00659804357776872,0.0007733302344119508,-0.0070738730470507605,0.14869999885559082,-0.13040938281657388,0.020856963586675104,1.161445608889458
TSM,0.024087240659042664,0.06564208883368017,0.06775961180331547,0.0653638365154714,0.026079207541903182,0.03827543740218364,0.04759478532234329,0.05869339572747112,0.17851194186750052,0.02442629269668335,0.018639318278305925,0.02573344060290525,1.0093275310965328,0.932949481906415,0.014102593176130274,0.009845796224266623,-0.06540574845687663,0.004601025290257521,0.6193104309578069,0.027749612803871893,0.045531428355038095,0.03928847298413274,0.04019202320571558,0.10070180848915045,0.005209364438418129,-0.00659804357776872,0.0007733302344119508,-0.0070738730470507605,0.14869999885559082,-0.13040938281657388,0.026075363531338658,1.5893569996815184
BABA,0.022165331893153617,0.07905289104417723,0.059690528633976614,-0.03008208855416894,0.2175239336442496,0.036256958171567266,0.0208053617401045,-0.0031552651118751385,-0.08003496476658123,0.027265130968332288,0.019637803260376435,0.027291397549980796,0.79884431009194,0.8421062494144101,0.016601950885535954,0.005472526393217825,-0.12522677151625217,-0.07966921293242157,0.5270204496487292,0.027749612803871893,0.045531428355038095,0.03928847298413274,0.04019202320571558,0.10070180848915045,0.005209364438418129,-0.00659804357776872,0.0007733302344119508,-0.0070738730470507605,0.14869999885559082,-0.13040938281657388,-0.06937056153830168,0.3258750902924408
NKE,0.0166150430998504,0.008943535655159929,-0.025641046761188058,-0.10493252895723681,-0.10799641969364548,-0.014039132563963386,-0.038041684764450356,-0.08500695076462284,-0.24395391329679872,0.027319021494985773,0.016423592218255692,0.01967833163486437,1.3610865935370084,0.7462678635820159,0.0003942534392167296,0.016214397078820664,-0.18144604885496796,-0.11749040160232038,0.3748693479848476,0.027749612803871893,0.045531428355038095,0.03928847298413274,0.04019202320571558,0.10070180848915045,0.005209364438418129,-0.00659804357776872,0.0007733302344119508,-0.0070738730470507605,0.14869999885559082,-0.13040938281657388,-0.14422100194136955,-0.21075548825119347
FERG,0.007974661998206178,0.008350796525139259,-0.027754029223625465,-0.10774440848603828,-0.09891011322155663,-0.011258239995098673,-0.03243589901303878,-0.05878705920136329,-0.06865784499489569,0.02684127925724743,0.01471226840848385,0.018695240723987268,0.8822310284482884,0.7006537440406521,0.006109279774884735,0.0018540552808925526,-0.17754799878997818,-0.1130170474142087,0.36614723421590567,0.027749612803871893,0.045531428355038095,0.03928847298413274,0.04019202320571558,0.10070180848915045,0.005209364438418129,-0.00659804357776872,0.0007733302344119508,-0.0070738730470507605,0.14869999885559082,-0.13040938281657388,-0.14703288147017102,0.46925235730010323
FDX,-0.025885017321100268,-0.019653959471661153,-0.053683969626335704,-0.0865288348869575,-0.09861825816476832,-0.03708290751089427,-0.05353149201891649,-0.06359868138591829,0.016259932172408842,0.025547037995484193,0.015652701162671426,0.015621522063507266,1.4207600710920227,0.3805541770481068,-0.0015478387292948703,-0.024374907016909142,-0.1249412034916233,-0.12874099356014734,0.32745154478824545,0.027749612803871893,0.045531428355038095,0.03928847298413274,0.04019202320571558,0.10070180848915045,0.005209364438418129,-0.00659804357776872,0.0007733302344119508,-0.0070738730470507605,0.14869999885559082,-0.13040938281657388,-0.12581730787109024,0.19301939642566873
AZO,-0.01823271642148372,-0.016072093910469487,-0.05471890881279551,-0.05229971896941199,-0.08361774798504817,-0.025086962352370623,-0.03864148228936437,-0.06267584161627204,-0.14414561002943438,0.025014241641958174,0.015067497686241134,0.018924113550661478,1.9064222808635107,0.0866375164837344,0.0026932071293290782,-0.020869717079986083,-0.12892497706262285,-0.0798366545681033,0.35888652008896793,0.027749612803871893,0.045531428355038095,0.03928847298413274,0.04019202320571558,0.10070180848915045,0.005209364438418129,-0.00659804357776872,0.0007733302344119508,-0.0070738730470507605,0.14869999885559082,-0.13040938281657388,-0.09158819195354473,-0.37212588528539436
PDD,0.005006294492108987,0.006792737661299952,-0.0010707871934197977,-0.1027947427789867,0.08178710596989158,-0.0012083031588171478,-0.022546630265302015,-0.05446727422366071,-0.16201553403579083,0.025286613838500668,0.013825082959800356,0.02077775862027428,0.807468649228471,0.6676839196494199,0.011913748971264626,-0.006826129683659143,-0.1473656110866095,-0.13715999072518015,0.4058730267784194,0.027749612803871893,0.045531428355038095,0.03928847298413274,0.04019202320571558,0.10070180848915045,0.005209364438418129,-0.00659804357776872,0.0007733302344119508,-0.0070738730470507605,0.14869999885559082,-0.13040938281657388,-0.14208321576311944,-0.21039710072901757
COST,0.0035406539844304863,0.0053035449752361075,-0.022232855527587025,-0.05197629125414771,-0.044926431021191426,-0.00683629664399199,-0.019239048935778436,-0.037784036142865296,-0.057163300122242244,0.015871571480063452,0.011185612802126921,0.012689866065245069,0.9901448445367123,0.9311318648119689,-0.004735778943535718,0.008315814788540044,-0.07756439386438885,-0.07799978504380922,0.3795497217497438,0.027749612803871893,0.045531428355038095,0.03928847298413274,0.04019202320571558,0.10070180848915045,0.005209364438418129,-0.00659804357776872,0.0007733302344119508,-0.0070738730470507605,0.14869999885559082,-0.13040938281657388,-0.09126476423828045,-0.37433675288134577
