symbol,close,rsi2,ret3_pct,above_sma200,sma200_raw,lrcx_signal,liquidity_eligible,atr14
ALAB,340.739990234375,97.08784998199769,26.58444145393284,True,232.17584972381593,False,True,23.26525033935761
AAOI,108.66999816894531,95.2239682329648,12.33202456958471,True,105.48980020523071,False,True,8.881733388529948
CIFR,18.899999618530273,94.6991791453536,13.038279872622871,True,18.38200001716614,False,True,1.6587289682538835
CRDO,187.27000427246094,97.44756161366846,15.963835471160559,True,175.82697540283203,False,True,14.203968531040386
UMAC,24.25,75.45748628956079,10.177191039638455,True,18.066750001907348,False,True,2.0384128525655956
NBIS,232.8000030517578,94.43627558669498,11.190719052869147,True,161.38682537078859,False,True,17.237577221074847
ARM,322.8999938964844,98.50957001136187,32.3469134973992,True,208.22257480621337,False,True,18.8335264705409
ACMR,72.7699966430664,93.62867137310971,12.264728456758967,True,65.15147487640381,False,True,4.823165268387304
VICR,223.89999389648438,95.86018375763152,21.74432572349192,True,207.86205017089844,False,True,15.581718064695702
SNDK,1766.6400146484375,77.92616262626878,16.22861297918965,True,1076.0445728302002,False,True,115.20845344004974
BE,272.8900146484375,58.741367395034125,1.0628937676981698,True,199.67860076904296,False,True,18.794355601984364
SMTC,177.3699951171875,50.775631713713416,5.860932191326906,True,112.29690029144287,False,True,11.882994368968033
CRWV,85.43000030517578,80.42317436467492,2.495503142331179,False,92.1244750213623,False,True,5.831033886575281
FSLY,27.420000076293945,88.88180324395282,16.482578631538168,True,19.270674996376037,False,True,2.100072806545652
LUNR,15.720000267028809,81.53612830078934,13.338142730598545,False,20.05765003681183,False,True,1.0888072543730252
NVTS,12.15999984741211,93.35676113404493,16.030537963337398,False,13.072875006198883,False,True,0.8333962750907251
RCAT,6.949999809265137,42.04513512269886,-2.0436925329718303,False,11.018049952983857,False,True,0.5718306940558675
COHR,321.5199890136719,93.67723945599016,10.895732465049468,True,283.7496006011963,False,True,22.521706873545067
INTC,121.77999877929688,97.94306895199601,20.51459188667333,True,77.54744995117187,False,True,6.576319261831507
ASTS,61.88999938964844,66.11100356312761,4.420446957397606,False,81.7016248703003,False,True,4.2209329823701704
ONTO,275.9800109863281,93.36021342063215,13.273687275363578,True,247.41725006103516,False,True,17.287592612050577
MSTR,168.5,96.62312823493198,33.53938785264712,True,136.97825016021727,False,True,9.796831349663714
WULF,17.450000762939453,90.82831152317796,13.385317567653399,False,18.024850001335142,False,True,1.2123016353767935
IREN,47.22999954223633,94.71749148916226,10.8165197697899,True,45.57152502059937,False,True,3.10240824077274
LITE,954.489990234375,84.2190177600909,3.8166157155233416,True,716.9861755371094,False,True,66.15107593631724
WDC,448.1700134277344,90.18787024076214,7.482555607283858,True,387.1111152648926,False,True,28.216858938688624
CIEN,365.9599914550781,95.7275410944312,7.477236844369495,False,384.60224975585936,False,True,25.75531037323767
PL,17.06999969482422,73.85515121802666,6.554302166400339,False,27.23215000629425,False,True,1.1313079404426565
ABCL,12.65999984741211,86.40885140739249,8.483288471687466,True,5.538399983644485,False,True,0.7280365140333876
MRVL,257.3800048828125,96.9162077225543,12.045621592537659,True,159.18510101318358,False,True,14.680320789820334
RDW,11.600000381469727,72.12579793827858,7.506954795925624,True,10.860850014686584,False,True,0.777112050351601
TER,381.5400085449219,93.36143787949797,11.839371353086726,True,325.60476791381836,False,True,21.131506557940238
LRCX,302.2799987792969,94.78210412893941,12.275744324300852,True,267.7316590118408,False,True,15.943485137800904
IOVA,10.1899995803833,79.77828728948789,3.242144868637875,True,4.275600003004074,False,True,0.5551513036421645
TSEM,233.82000732421875,96.10988587321384,15.637987563407552,True,191.66710079193115,False,True,13.80169856591039
AMD,615.52001953125,98.85356375501185,20.10146722560975,True,356.62550048828126,False,True,26.35153273474192
TEM,78.02999877929688,72.73184254202765,11.519218833754884,True,56.174099884033204,False,True,4.811709371456856
AMAT,464.239990234375,94.26698757680666,11.76271962473181,True,416.522791519165,False,True,21.797383154995828
FN,401.57000732421875,80.9436748891529,2.263933690091924,False,534.7329008483887,False,True,24.492483704891104
STX,877.3250122070312,93.5556401746473,12.020866264675355,True,621.8266122436523,False,True,52.334795958393464
KLAC,183.97000122070312,95.18725865934114,9.924713521615637,True,174.28538608551025,False,True,8.54654274131985
ONDS,7.380000114440918,73.91295767599465,2.5000043047800125,False,9.50212501525879,False,True,0.4379430164036493
HIMS,29.350000381469727,94.06037350745652,4.8214299338204425,True,27.94774998664856,False,True,1.6402669347812238
VRT,250.86000061035156,86.91165377527865,4.782589187209618,False,261.3231916809082,False,True,14.27850457930482
CLS,344.3999938964844,93.9801132302264,6.352100848334619,True,328.93269889831544,False,True,19.48116478154433
APP,330.1700134277344,71.93080044030042,1.1054678760808345,False,473.7028756713867,False,True,17.3570314828092
MU,1043.9599609375,96.49661342162264,12.671736516256438,True,644.0407720184326,False,True,49.21619379229982
PATH,13.59000015258789,47.10453807955514,-0.2934700037944049,True,12.905449995994568,False,True,0.8704065579260141
CRWD,249.35000610351562,77.01066779138131,3.310409957308136,True,147.57037490844726,False,True,13.32474565415681
COIN,201.0500030517578,89.96689962341058,22.211421655237796,True,188.91004951477052,False,True,12.683089879285522
HOOD,123.30000305175781,90.46102478491923,18.080832420879545,True,94.88742496490478,False,True,6.886477970659203
RBRK,112.95999908447266,92.71087234630303,7.6014435819810044,True,70.45659999847412,False,True,6.13491802433474
SMMT,16.899999618530273,16.831693175437792,-2.3121366252628617,True,16.427325015068053,True,True,0.9942466530395694
CAMT,149.6300048828125,91.27343208320501,7.965949084813939,False,154.15079986572266,False,True,7.763723098966492
RBLX,51.25,90.1015568612405,8.053973582638507,False,57.60160001754761,False,True,2.412567196129138
NET,351.6700134277344,84.36475865627195,8.322815351681601,True,228.5960001373291,False,True,18.383991729377858
RDDT,158.72999572753906,75.54857311309658,0.7169984646328231,False,172.18685005187987,False,True,8.178223274709879
MDB,407.29998779296875,83.64946893012579,8.226601412644218,True,344.41730003356935,False,True,21.77850905757969
VKTX,30.110000610351562,73.48297954824866,1.9986454723537106,False,33.28117488861084,False,True,1.528240544855434
TWLO,266.05999755859375,93.63473082040016,11.37809449104581,True,168.90875011444092,False,True,11.731772949794328
TEAM,195.6699981689453,90.88916203935032,2.8326673450845608,True,111.18372497558593,False,True,8.697799375296702
UPST,25.579999923706055,83.87645937194713,2.937623867324679,False,33.31327503204346,False,True,1.267791443974303
DDOG,245.0500030517578,84.51072026025781,6.178781654517174,True,179.67057525634766,False,True,12.415490847694317
SHOP,137.9199981689453,93.26349646306241,6.124954635162205,True,130.25060005187987,False,True,6.141240159065589
S,23.799999237060547,79.09833864741879,2.719029601606149,True,16.307349939346313,False,True,1.2055898873015565
PANW,371.760009765625,61.70288555822561,-1.0355341924832562,True,241.48790000915528,False,True,18.89931261234266
VERA,34.25,67.32193320940574,7.806104836332439,False,39.59199986457825,False,True,2.078292002669503
AMPL,13.430000305175781,52.810259973892,-0.296955909874308,True,9.020050017833709,False,False,0.6370200794983756
ORCL,148.55999755859375,60.73639135122759,3.7719989929796416,False,165.21912761688233,False,True,7.372873929587222
MPWR,1277.6800537109375,96.68464002930115,11.333995871387348,True,1262.8799075317384,False,True,52.53029275338168
ZS,207.1300048828125,96.73854466075711,8.11671515979555,True,168.13742485046387,False,True,10.005168582367249
SOFI,16.969999313354492,58.661941358262276,0.7719665058709912,False,19.452974972724913,False,True,0.7141390771244274
QCOM,194.22999572753906,75.3043715272566,5.080069019522893,True,167.12698402404786,False,True,8.92196816659635
AFRM,71.05000305175781,47.21542366123796,-0.7404285634803331,True,66.71215009689331,False,True,3.5578625680490985
KGS,56.2400016784668,12.847475202134214,-3.715114149313692,False,56.58803188323974,False,True,2.735613970804304
CDNA,54.33000183105469,79.53460465154656,1.4565874978655913,True,26.81752492904663,False,True,2.1045355041893896
GEV,946.219970703125,87.27598127344818,2.2840959511238434,True,903.1884146118164,False,True,40.520419120660804
PLTR,183.08999633789062,98.63474859338166,5.018928635883135,True,151.81467472076417,False,True,7.045330435168944
SNOW,339.3900146484375,73.22617246107639,2.5285559520757284,True,223.10789985656737,False,True,15.584963059016774
DUOL,149.4199981689453,68.55766907955041,0.8436255756544719,True,129.75870018005372,False,True,7.6075749950028655
CRM,236.4199981689453,6.20549065744931,-5.469809346884147,True,200.6292308807373,True,True,9.309123341070386
NOW,137.67999267578125,54.10119208465086,-1.5305496612335157,True,117.25568000793457,False,True,6.199243778759858
ASML,1711.3199462890625,93.84032499075734,6.80930069409007,True,1509.17888671875,False,True,55.05779981063966
SE,102.6500015258789,57.0014147994167,-0.8212545643682012,False,104.2171000289917,False,True,4.092394465633778
ETN,435.42999267578125,95.15428557846893,9.459528918436444,True,383.1360772705078,False,True,15.42705688035233
MLKN,20.31999969482422,8.567145094962346,-3.099664472169672,True,18.707351236343385,True,False,0.8353079965597686
WDAY,191.9199981689453,37.444693341636594,2.215596391039476,True,158.63909946441652,False,True,8.606189202605888
CEG,262.1099853515625,61.6743150724607,0.9940995585869139,False,291.529584197998,False,True,10.273979486477106
AVGO,362.6600036621094,92.92841482255298,6.818648414067541,False,368.30218627929685,False,True,12.087766742527549
KBH,47.86000061035156,47.01049572238912,-1.6642646169454434,False,55.41266857147217,False,True,1.7109497897083175
VST,140.77999877929688,34.60832543667063,0.27779713038249554,False,156.02595108032227,False,True,4.931466085385018
THO,69.94000244140625,66.57651051697387,0.28678603923590895,False,86.19242626190186,False,False,2.4713620440917663
BILI,15.180000305175781,71.25968440055141,1.8791992873428365,False,22.45547499656677,False,True,0.5395452769502113
NVDA,227.3800048828125,96.6254712197402,6.302015601202737,True,198.2531374359131,False,True,6.446061412638933
TSM,445.1400146484375,95.32478648847663,6.564208883368017,True,378.2082646179199,False,True,10.873120288808648
BABA,115.75,94.8512587072945,7.905289104417723,False,132.20982124328614,False,True,3.1559389095844623
NKE,36.099998474121094,57.93703998212407,0.8943535655159929,False,49.15976140975952,False,True,0.9862166342834677
FERG,216.13999938964844,74.97426966361402,0.8350796525139259,False,236.7418462371826,False,True,5.801474082278843
FDX,295.7900085449219,10.007312741025585,-1.9653959471661153,True,293.94270072937013,True,True,7.556558586981713
AZO,2803.25,11.857280007688065,-1.6072093910469487,False,3331.0434985351562,False,True,70.12117288281925
PDD,79.29499816894531,75.83098519880282,0.6792737661299952,False,96.17847499847412,False,True,2.0051019980227376
COST,898.47998046875,67.56897040516202,0.5303544975236107,False,958.1309545898438,False,True,14.26028923341578
