symbol,daily_date,price,ema10,ema20,ema50,rsi14,atr14,atr_pct,ret20,ret63,ret126,volume_ratio,dollar_volume20_m,prior20high,prior252high,high252_inclusive,dist52high_pct,extension20_atr,above_stack,breakout,close_highs20,prior10low,rs20_SPY,rs20_XBI,rs20_IGV,rs20_XHE,rs20_XLP,rs20_CRAK,rs20_QQQ
IOVA,2026-09-16,9.869999885559082,8.910070921274276,8.359649576855135,7.016517105153284,73.11154054722824,0.5171165309004334,5.2392759563962406,40.39828721183147,158.37696487027003,153.72749664237392,1.3554341816545334,128.93185875981808,9.40999984741211,9.40999984741211,9.930000305175781,4.888417062764128,2.9207155804399383,True,True,5.0,7.96999979019165,42.14433245268393,44.10199585711576,,,,,
ABCL,2026-09-16,11.670000076293945,11.276510440744035,10.960798950089792,9.467702103377304,60.87721205213752,0.7023494321053139,6.018418402001928,4.946044931611171,129.2730791051275,228.73240093086676,0.8800829823079308,57.288510626225474,12.579999923706055,12.579999923706055,12.579999923706055,-7.233703123457769,1.0097553920963545,True,False,2.0,10.319999694824219,6.692090172463628,8.649753576895458,,,,,
TXG,2026-09-16,72.68000030517578,68.34947186178854,64.85721441072751,56.115998695597405,70.2726242761381,4.09150392999894,5.629477040202449,30.648928473296188,128.91338678795523,301.7689314103098,1.4957980419590677,185.79254612262727,75.61000061035156,75.61000061035156,77.87000274658203,-3.87514916217927,1.911958543432292,True,False,8.0,59.40999984741211,32.39497371414865,34.352637118580475,,,,,
CDNA,2026-09-16,53.54999923706055,51.284410160399545,49.76420643440718,44.07406587820533,71.09807263756606,2.2485476919613534,4.198968672263197,15.959287317412052,130.3225773637013,204.26135270679316,0.7385262643367142,57.306145729312895,53.7400016784668,53.7400016784668,54.487998962402344,-0.35355868156287107,1.6836613322402398,True,False,7.0,48.25,17.70533255826451,19.66299596269634,,,,,
TEAM,2026-09-16,190.27999877929688,185.3440853477259,177.33601769000134,150.48569688597655,65.11797846214202,9.10093990900175,4.782919890365253,16.73619557012078,116.3502050958285,154.01146639583385,0.671349192050508,681.5532282415008,198.60000610351562,198.60000610351562,198.60000610351562,-4.1893288361140035,1.4222686028827227,True,False,4.0,174.2100067138672,18.482240810973238,,13.793865218082878,,,,
ATRC,2026-09-16,57.13999938964844,53.97600476371745,51.22684705605113,44.912330501234656,81.06501205585684,1.9673679294308293,3.4430660665831936,24.868884365234265,104.21729922973925,93.1710599629015,1.2755297237522731,50.58201626625061,56.779998779296875,56.779998779296875,57.25,0.6340271540879794,3.005615901906065,True,True,9.0,47.540000915527344,26.614929606086722,,,28.66155034033634,,,
AMPL,2026-09-16,13.470000267028809,13.1628091050202,12.916205306594966,11.596521228888664,59.50245978887674,0.6337019235452798,4.704542768988829,6.989675168987453,102.55639208805985,88.39160961349049,0.6874937524622649,21.616513843569756,14.760000228881836,14.760000228881836,14.760000228881836,-8.739837004397888,0.8739044965109253,True,False,2.0,11.949999809265137,8.735720409839908,,4.04734481694955,,,,
UTZ,2026-09-16,14.260000228881836,14.235096623559839,14.10401813673068,12.89454336193055,75.46902109991731,0.08283006474557246,0.5808559846851234,0.7062173908709557,98.7372820256439,90.66559760154014,0.34408370714240294,29.086138665189743,14.300000190734863,14.300000190734863,14.300000190734863,-0.2797200092273022,1.883157916515979,True,False,3.0,14.180000305175781,2.452262631723412,,,,3.3353362876451964,,
PBF,2026-09-16,75.93000030517578,74.77692262627819,73.27985577515041,66.99040229391346,56.65524978395527,4.446576088185931,5.856151811292472,0.9707491842533278,94.66627964075833,72.22754504592785,1.2023099139855165,239.44726086250304,82.61000061035156,82.61000061035156,82.61000061035156,-8.086188422493167,0.5959966674283429,True,False,4.0,69.02999877929688,2.716794425105784,,,,,-7.5816626629145345,
RNG,2026-09-16,73.54000091552734,71.24142078152539,69.08824263095438,61.38184597393253,66.25937162926141,3.1538286635036603,4.288589372097433,12.808710172432036,93.66577194436294,94.47314140772905,1.0703908718797057,98.99258343509675,77.94999694824219,77.94999694824219,77.94999694824219,-5.657467870900657,1.4115409426292045,True,False,6.0,67.97000122070312,14.554755413284493,,9.866379820394133,,,,
SNDK,2026-09-16,1519.969970703125,1591.2517580433291,1575.3061482106011,1548.052947433436,47.028640779743334,111.96215749159207,7.366076938993691,-6.508264137031583,-23.679047303003454,111.05711245573349,0.6450448044183246,17143.16366334778,1807.3800048828125,2354.389892578125,2354.389892578125,-35.44102548627942,-0.49424000704552035,False,False,0.0,1505.0,-4.762218896179126,,,,,,-4.725705163857419
SPY,2026-09-16,754.0499877929688,761.3438112836103,762.9875350505115,758.1656337625199,41.78426026914665,6.5444216575294565,0.8679028928419381,-1.7460452408524563,0.7546760194940161,13.009628685216402,1.527591484307778,30070.782671295776,775.2999877929688,779.3699951171875,779.3699951171875,-3.2487788191552847,-1.3656741153375964,False,False,0.0,756.1500244140625,0.0,,,,,,0.03651373232170796
QQQ,2026-09-16,704.719970703125,710.6051303534239,712.1307923105137,710.4146353102674,44.129185341996994,9.194434554382697,1.3046933443945221,-1.7825589731741642,-3.3383873735558622,17.084746848959554,1.1319691085187953,21761.076968154906,724.1300048828125,747.828194840854,747.828194840854,-5.764455584200457,-0.8060116762543263,False,False,0.0,702.739990234375,-0.03651373232170796,,,,,,0.0
