symbol,signal_date,entry_date,end_date,ret63_net_pct,mae_close_pct,new_52w_closes,trend_success,return_positive
IOVA,2023-12-26,2023-12-27,2024-03-27,99.51672090295398,2.4079331114982283,8,True,True
IOVA,2026-03-04,2026-03-05,2026-06-03,-10.176248752691407,-21.615203743115032,3,False,False
ABCL,2025-06-18,2025-06-20,2025-09-18,34.65713686261857,-4.857145036969868,7,True,True
ABCL,2025-10-01,2025-10-02,2025-12-31,-43.71775106107099,-44.67382329304302,2,False,False
ABCL,2026-05-29,2026-06-01,2026-08-28,85.56104964733171,-16.69394367655801,11,True,True
TXG,2023-05-03,2023-05-04,2023-08-03,3.837709726921412,-8.858056624165345,8,False,True
TXG,2023-12-28,2023-12-29,2024-04-01,-35.43859494848992,-36.93409821982125,0,False,False
TXG,2025-11-10,2025-11-11,2026-02-11,12.447056579589844,-9.058823305017805,9,False,True
TXG,2026-02-26,2026-02-27,2026-05-28,29.503428498952868,-22.659867502022912,6,False,True
TXG,2026-05-29,2026-06-01,2026-08-28,119.42883622464781,2.9264799479937764,21,True,True
CDNA,2024-03-06,2024-03-07,2024-06-05,23.339370314953968,-35.986454918137035,8,False,True
CDNA,2024-06-06,2024-06-07,2024-09-06,78.08947843111788,-10.921051764752388,14,True,True
CDNA,2024-10-07,2024-10-08,2025-01-07,-29.684796857314698,-36.68529222332199,0,False,False
CDNA,2026-04-17,2026-04-20,2026-07-20,79.01531623234767,-6.725831594210286,13,True,True
TEAM,2023-12-11,2023-12-12,2024-03-13,4.139745616843982,-1.3863049663990878,11,False,True
TEAM,2024-11-07,2024-11-08,2025-02-11,34.47869546454039,1.0047484328736145,13,True,True
TEAM,2025-02-12,2025-02-13,2025-05-14,-29.582949831192618,-42.270375477840375,0,False,False
ATRC,2023-05-09,2023-05-10,2023-08-09,6.39814796257534,-7.564234716864792,4,False,True
ATRC,2024-11-29,2024-12-02,2025-03-05,3.4418346103133324,-17.716322945247086,7,False,True
ATRC,2025-12-04,2025-12-05,2026-03-09,-25.340090050567575,-25.140090050567576,1,False,False
AMPL,2024-02-20,2024-02-21,2024-05-20,2.945335720760034,-2.6030446620564085,0,False,True
AMPL,2025-02-20,2025-02-21,2025-05-21,-14.902744911643383,-45.105019606511746,0,False,False
UTZ,2022-11-21,2022-11-22,2023-02-23,-10.303505514129961,-14.12791327708135,3,False,False
UTZ,2023-04-20,2023-04-21,2023-07-21,-4.996906233378051,-12.26309150216377,0,False,False
UTZ,2024-01-03,2024-01-04,2024-04-04,0.8544883714157738,-5.44812289513853,2,False,True
UTZ,2024-04-24,2024-04-25,2024-07-25,-21.45561893799158,-21.845262016690114,1,False,False
UTZ,2024-09-17,2024-09-18,2024-12-16,-3.8378044340960815,-10.639475359769957,0,False,False
PBF,2022-10-06,2022-10-07,2023-01-06,-1.6651444893519327,-18.26429912762232,6,False,False
PBF,2023-01-24,2023-01-25,2023-04-25,-22.790302155429174,-22.590302155429175,1,False,False
PBF,2023-07-24,2023-07-25,2023-10-20,7.123554215410777,-0.11074872661777091,9,False,True
PBF,2024-01-30,2024-01-31,2024-04-30,4.182021288502824,-10.235781944614875,8,False,True
PBF,2025-09-09,2025-09-10,2025-12-08,8.645885796362052,-7.200810889480202,12,False,True
PBF,2026-03-02,2026-03-03,2026-06-01,5.0823735875060505,-7.100000712704302,8,False,True
RNG,2024-10-30,2024-10-31,2025-02-03,-4.242677665621386,-9.039876375163193,6,False,False
RNG,2026-02-26,2026-02-27,2026-05-28,16.221003974287697,-6.857619758326427,5,False,True
RNG,2026-06-01,2026-06-02,2026-08-31,47.38163157571242,-26.697695242224896,12,True,True
