symbol,time_et,price,prev_close,change_pct,open,high,low,volume,vwap_5m_proxy,same_time_volume_ratio,comparison_days,last_complete_bar
IOVA,2026-09-17T12:30:16-04:00,10.421,9.869999885559082,5.582574679125307,10.170000076293945,10.98,10.155,13767546,10.62394648976428,2.4729220682161808,4,2026-09-17 12:25:00-04:00
ABCL,2026-09-17T12:29:29-04:00,12.856,11.670000076293945,10.162809905333736,12.149999618530273,13.18,11.99,4485623,12.707579378347088,2.666546251267263,4,2026-09-17 12:25:00-04:00
TXG,2026-09-17T12:29:31-04:00,78.96,72.68000030517578,8.640615944489749,76.41999816894531,79.94,75.0,1517672,78.3159326757735,1.3108888529571219,4,2026-09-17 12:25:00-04:00
CDNA,2026-09-17T12:28:26-04:00,54.12,53.54999923706055,1.0644272101967944,54.0,55.16,53.206,352629,54.53072237162643,1.3281393606841838,4,2026-09-17 12:25:00-04:00
TEAM,2026-09-17T12:30:01-04:00,192.67,190.27999877929688,1.2560443746245875,188.6199951171875,195.54,185.72,1068635,193.25014650224472,0.9456429492273104,4,2026-09-17 12:25:00-04:00
ATRC,2026-09-17T12:28:54-04:00,58.37,57.13999938964844,2.1526087215436585,57.959999084472656,59.195,57.31,523336,58.65569165520546,1.3328241706437005,4,2026-09-17 12:25:00-04:00
AMPL,2026-09-17T12:29:56-04:00,13.55,13.470000267028809,0.5939104037511633,13.74899959564209,13.75,13.33,432934,13.57265769559788,0.9730562300838622,4,2026-09-17 12:25:00-04:00
UTZ,2026-09-17T12:29:51-04:00,14.275,14.260000228881836,0.10518773406318349,14.279999732971191,14.32,14.265,673325,14.277868387656973,1.338701524984894,4,2026-09-17 12:25:00-04:00
PBF,2026-09-17T12:29:55-04:00,77.235,75.93000030517578,1.7186878566827435,74.27999877929688,77.24,74.111,951778,76.353092811239,0.33417598474518023,4,2026-09-17 12:25:00-04:00
RNG,2026-09-17T12:30:00-04:00,74.2,73.54000091552734,0.8974695080991024,73.11000061035156,75.16,71.976,435603,74.17587938081314,1.1083486939136284,4,2026-09-17 12:25:00-04:00
SNDK,2026-09-17T12:30:17-04:00,1592.96,1519.969970703125,4.802070481899756,1575.0,1625.355,1564.5,5291166,1602.0296612128564,1.0398702538531661,4,2026-09-17 12:25:00-04:00
SPY,2026-09-17T12:30:15-04:00,762.548,754.0499877929688,1.1269826065383404,763.1500244140625,763.41,759.96,18112796,761.5328585708867,1.1107597451989144,4,2026-09-17 12:25:00-04:00
QQQ,2026-09-17T12:30:15-04:00,716.81,704.719970703125,1.7155792086908317,716.0499877929688,716.939,713.32,15237671,715.3123457341618,1.0722946648661842,4,2026-09-17 12:25:00-04:00
