symbol,price,time,daily_cutoff,change_pct,cap,atr,rsi2,sma200,ema20,ema50,r3_pct,r20_pct,r63_pct,active,price_ok,entry_band_low,entry_band_note
SPY,759.8,2026-09-18T10:56:43-04:00,2026-09-17,-0.3671617723022047,765.97,6.756964363484788,73.6200938341792,713.8095346069335,762.9506246253587,758.3395295696283,0.22605019084316336,-0.8399893367440514,3.1856779930188983,[],True,759.22,"Lower edge descriptive only; historical rule imposes an upper ceiling only, not this lower edge"
QQQ,717.44,2026-09-18T10:56:44-04:00,2026-09-17,0.07253488565528432,721.66,9.48911832365764,85.50851099357929,661.2403253173828,712.5869057009559,710.6697469849073,1.0913999709962985,0.11730055304799425,-0.6646477697486608,[],True,712.18,"Lower edge descriptive only; historical rule imposes an upper ceiling only, not this lower edge"
IWM,283.195,2026-09-18T10:56:44-04:00,2026-09-17,-0.7830265680313309,287.19,3.522666823243098,53.14262202234996,273.30590759277345,291.14216799757884,292.55877526006077,-0.6024554131026427,-5.151969281835955,-1.277954799449954,[],True,283.67,"Lower edge descriptive only; historical rule imposes an upper ceiling only, not this lower edge"
RSP,212.315,2026-09-18T10:56:42-04:00,2026-09-17,-0.4664561295681602,214.27,1.9227936771990954,49.011794349978786,203.81228416442872,216.58185698132533,216.120452056444,-0.790659500336921,-3.9447063883937816,2.4623686098832254,[],True,212.35,"Lower edge descriptive only; historical rule imposes an upper ceiling only, not this lower edge"
SMH,565.16,2026-09-18T10:56:41-04:00,2026-09-17,0.8116185525279374,568.68,16.154819052619576,82.12480904329587,486.1298994445801,558.7873918526634,564.0330472560947,3.529083167416891,-0.05526591457580832,-10.15433247214843,[],True,552.53,"Lower edge descriptive only; historical rule imposes an upper ceiling only, not this lower edge"
SOXX,525.07,2026-09-18T10:56:39-04:00,2026-09-17,1.1500721816301018,527.79,17.38272038198151,82.67011729838883,440.3804808044434,515.6681012909646,523.9254734163446,4.430913411059345,-0.044378054957805446,-13.387794723101532,[],True,510.41,"Lower edge descriptive only; historical rule imposes an upper ceiling only, not this lower edge"
IGV,104.04,2026-09-18T10:56:38-04:00,2026-09-17,-1.64492229095905,107.14,2.7379559123761914,70.27986801802244,93.66157135009766,104.00540796115685,100.76637011257489,-0.8064521898666133,2.888825300292863,18.640639787513337,[],True,104.41,"Lower edge descriptive only; historical rule imposes an upper ceiling only, not this lower edge"
XBI,157.37,2026-09-18T10:56:44-04:00,2026-09-17,-0.556082148499204,160.31,4.1234553588643,80.14699966533729,136.8093341445923,159.40678157479556,156.69868468340752,0.41243265946160346,-6.664702358223085,13.641834456412072,[],True,156.19,"Lower edge descriptive only; historical rule imposes an upper ceiling only, not this lower edge"
XLF,55.805,2026-09-18T10:56:38-04:00,2026-09-17,-0.134218086402349,56.24,0.7238862928338217,4.148306375465097,53.4335795211792,57.14992885104505,56.684933623349515,-2.0164785828456155,-2.783574263854016,3.74791519455151,['pullback'],True,55.52,"Lower edge descriptive only; historical rule imposes an upper ceiling only, not this lower edge"
XLI,168.74,2026-09-18T10:56:44-04:00,2026-09-17,-0.15975061570989713,170.29,2.5618626118003394,36.41736522846231,171.0457258605957,173.9895499151507,176.96990875332446,-0.541398345553179,-7.111845374247072,-5.6649142885954245,[],True,167.73,"Lower edge descriptive only; historical rule imposes an upper ceiling only, not this lower edge"
XLU,41.18,2026-09-18T10:56:42-04:00,2026-09-17,-1.2233116898743401,42.0,0.6273472011999893,62.37184090675166,44.23345323562622,42.62199338905573,43.48035564253951,-0.31085860608297544,-5.2930527188210235,-5.631556660356319,[],True,41.38,"Lower edge descriptive only; historical rule imposes an upper ceiling only, not this lower edge"
XLY,111.535,2026-09-18T10:56:23-04:00,2026-09-17,0.130173813758927,112.22,1.6709472391287166,58.36559153075097,116.61028991699219,113.94573822203661,115.2198198518218,-1.2937519753777105,-6.071335838250402,-3.3578972319593503,[],True,110.55,"Lower edge descriptive only; historical rule imposes an upper ceiling only, not this lower edge"
XLP,83.095,2026-09-18T10:56:41-04:00,2026-09-17,-0.4731080056009196,83.99,1.004470818822916,43.932078966851954,82.94256431579589,84.40043852567665,84.62635333750794,-1.1016350691155252,-3.5243852778958917,0.465227257662737,[],True,82.99,"Lower edge descriptive only; historical rule imposes an upper ceiling only, not this lower edge"
XLV,168.28,2026-09-18T10:56:44-04:00,2026-09-17,-0.31396100127883964,169.99,2.3703571202952958,92.0977781666751,155.10487442016603,168.78894755652286,166.11065081273173,0.6318912420827161,-3.910516509336459,12.503810928328928,['reclaim'],True,167.62,"Lower edge descriptive only; historical rule imposes an upper ceiling only, not this lower edge"
XLB,49.945,2026-09-18T10:56:41-04:00,2026-09-17,-1.5085764115245204,51.1,0.7831985030665548,60.45793007026916,50.14393556594849,51.64307586663965,51.75772635535772,0.43572469537009884,-3.4463087538367576,-2.1537720047472675,[],True,50.32,"Lower edge descriptive only; historical rule imposes an upper ceiling only, not this lower edge"
XLRE,42.71,2026-09-18T10:56:44-04:00,2026-09-17,-0.5356279321488411,43.21,0.5432237447798648,43.418194720616164,42.76478513717652,43.793732940668015,44.22910673224833,-0.41744042123035285,-4.5565747394470275,-1.4867571388751166,[],True,42.67,"Lower edge descriptive only; historical rule imposes an upper ceiling only, not this lower edge"
XLC,111.67,2026-09-18T10:56:35-04:00,2026-09-17,-0.6052500964454643,113.19,1.6952270463042962,21.757129475595747,113.642106590271,112.29678015902236,111.7158618782108,-2.36377963667056,0.9252594162060257,3.152272536073508,[],True,111.5,"Lower edge descriptive only; historical rule imposes an upper ceiling only, not this lower edge"
XLK,187.86,2026-09-18T10:56:40-04:00,2026-09-17,-0.10634774071579534,189.81,3.516270651415834,87.2255278816111,162.00028995513915,185.3796958528624,183.4358088224341,2.0512257457869776,2.4068820429295146,1.3370484851818576,['reclaim'],True,186.3,"Lower edge descriptive only; historical rule imposes an upper ceiling only, not this lower edge"
XLE,64.46,2026-09-18T10:56:40-04:00,2026-09-17,-0.031022574274497394,65.14,1.3249976623370368,44.3012287471567,55.216672592163086,63.8704276313411,61.61405554721719,-0.07747624873553072,1.4155418369920847,18.79462473180269,[],True,63.82,"Lower edge descriptive only; historical rule imposes an upper ceiling only, not this lower edge"
XHE,90.645,2026-09-18T10:09:16-04:00,2026-09-17,-0.21465912125900877,91.56,1.4585514064268381,33.063855486659676,86.00680290222168,92.43585549665919,91.17414681115592,-0.6453067541461577,-6.263550815024943,13.351630933034775,[],True,90.11,"Lower edge descriptive only; historical rule imposes an upper ceiling only, not this lower edge"
NVDA,219.3,2026-09-18T10:56:45-04:00,2026-09-17,-0.018234858465571158,222.6,6.539455872202907,85.2204919948765,197.8074684906006,217.97251381322923,214.63725046079747,3.9723119820476382,0.9309738271302548,7.298041173696901,['reclaim'],True,216.07,"Lower edge descriptive only; historical rule imposes an upper ceiling only, not this lower edge"
AMD,544.265,2026-09-18T10:56:44-04:00,2026-09-17,-0.15135607235894355,557.3,24.437404444189404,92.30529527752836,352.9238003540039,496.5770382975156,488.86899003805746,10.474052574894731,16.86677483017638,6.363184442227632,['breakout'],True,532.87,"Lower edge descriptive only; historical rule imposes an upper ceiling only, not this lower edge"
AVGO,357.94,2026-09-18T10:56:46-04:00,2026-09-17,3.0636373685604346,353.26,11.922379417924907,68.44562434381697,368.5176957702637,361.2228425528802,374.4527983334015,0.7484296133469348,-4.187823530476531,-11.466109567430982,[],False,341.34,"Lower edge descriptive only; historical rule imposes an upper ceiling only, not this lower edge"
TSM,431.68,2026-09-18T10:56:45-04:00,2026-09-17,0.3300307261064006,435.88,11.245631924005195,82.70440061478459,376.67770599365235,421.53659615378785,418.833366756649,3.206686858891028,4.68933640132243,-0.1702494773700769,[],True,424.64,"Lower edge descriptive only; historical rule imposes an upper ceiling only, not this lower edge"
MU,994.875,2026-09-18T10:56:46-04:00,2026-09-17,1.777493606138103,1002.52,50.05025986610865,85.6832921283275,636.1393772888183,954.1291011309269,933.1513839089691,5.786605305869985,4.310061282004685,-6.282616017933407,[],True,952.47,"Lower edge descriptive only; historical rule imposes an upper ceiling only, not this lower edge"
AMAT,434.1,2026-09-18T10:56:46-04:00,2026-09-17,4.00095983414348,427.98,21.17353245471989,22.492578336924964,414.56990730285645,456.34686254588615,485.4975406246206,-1.6053364361444777,-15.785654595997368,-29.527364112042587,[],False,406.81,"Lower edge descriptive only; historical rule imposes an upper ceiling only, not this lower edge"
LRCX,282.19,2026-09-18T10:56:44-04:00,2026-09-17,4.782593501232335,277.09,15.575875496064237,4.763971423365987,266.3390689849854,295.31728923323624,306.7090869580678,-1.5283896394888474,-12.325427031974156,-28.026617448799584,['pullback'],False,261.52,"Lower edge descriptive only; historical rule imposes an upper ceiling only, not this lower edge"
KLAC,172.82,2026-09-18T10:56:46-04:00,2026-09-17,2.2724608649253852,173.25,8.54285427526336,45.2325124134064,173.64976806640624,178.98519180142006,190.01383122168446,-0.06505447556562904,-9.766651427161587,-29.137106528350277,[],True,164.71,"Lower edge descriptive only; historical rule imposes an upper ceiling only, not this lower edge"
MRVL,239.48,2026-09-18T10:56:41-04:00,2026-09-17,-0.5316475062469794,248.24,14.970905520035158,87.25591738744505,157.59555290222167,225.73542567566398,222.25859424848895,10.026499610755145,1.4708939906147522,-16.826903968421902,[],True,233.27,"Lower edge descriptive only; historical rule imposes an upper ceiling only, not this lower edge"
CLS,331.8,2026-09-18T10:56:04-04:00,2026-09-17,0.5637381174851797,340.2,20.528276663710436,73.59810846607915,328.6608489227295,319.47260133960145,326.3756038654137,4.384971038326646,9.483680143036466,-13.258141631346177,[],True,319.68,"Lower edge descriptive only; historical rule imposes an upper ceiling only, not this lower edge"
LITE,903.37,2026-09-18T10:56:43-04:00,2026-09-17,1.0922007149011037,927.56,67.90640338805136,51.646875204161475,710.6628756713867,890.8545424552724,864.751126528975,7.015311306111216,7.976076814029653,2.7161550165879067,[],True,859.66,"Lower edge descriptive only; historical rule imposes an upper ceiling only, not this lower edge"
COHR,309.677,2026-09-18T10:56:44-04:00,2026-09-17,4.62767366215977,307.5,23.047306941671994,77.21045723416582,282.19715072631834,290.1388344090653,302.52199411126674,11.061917818509626,2.960312286321476,-21.87409100754888,[],False,284.46,"Lower edge descriptive only; historical rule imposes an upper ceiling only, not this lower edge"
FN,384.57,2026-09-18T10:55:55-04:00,2026-09-17,0.9582028886907068,393.87,25.901696088297797,34.8420546519054,535.2381507873536,417.741760200665,463.81110977809226,-0.4260814056322726,-16.198432811039954,-34.8163848446318,[],True,367.97,"Lower edge descriptive only; historical rule imposes an upper ceiling only, not this lower edge"
ETN,416.97,2026-09-18T10:56:39-04:00,2026-09-17,1.834125116408547,417.23,15.55309386598272,77.44847682074999,382.1712704467773,409.55609812742847,412.1306097134312,4.145891657630907,-3.581609600802327,0.20198446035548656,[],True,401.68,"Lower edge descriptive only; historical rule imposes an upper ceiling only, not this lower edge"
VST,141.94,2026-09-18T10:56:43-04:00,2026-09-17,-1.1284463542377443,146.11,5.10903768399128,67.78619209173888,156.34247207641602,143.91655365587667,146.62522224456802,2.010944302544937,0.6026633698271722,-9.487474464925095,[],True,141.01,"Lower edge descriptive only; historical rule imposes an upper ceiling only, not this lower edge"
TEAM,192.72,2026-09-18T10:56:19-04:00,2026-09-17,0.09868655373592716,197.1,9.152300777318032,82.96976682061393,110.77272499084472,178.7830635080295,152.1344930386558,-0.1245035471518885,10.503359639849474,128.14314512592975,[],True,187.95,"Lower edge descriptive only; historical rule imposes an upper ceiling only, not this lower edge"
PLTR,175.055,2026-09-18T10:56:46-04:00,2026-09-17,-0.6723816705793362,179.83,7.1802048522452155,90.34846165445846,151.7019247817993,172.1323030235247,161.87560526921524,1.690616799864486,0.5993510115447354,34.91540909859727,[],True,172.65,"Lower edge descriptive only; historical rule imposes an upper ceiling only, not this lower edge"
VRT,245.94,2026-09-18T10:56:42-04:00,2026-09-17,1.8427240902778808,249.13,15.291267514712372,56.18861215771447,260.62134689331054,257.27766443203996,271.273888569824,1.7271182922857342,-7.45241248547428,-23.940667499046032,[],True,233.84,"Lower edge descriptive only; historical rule imposes an upper ceiling only, not this lower edge"
