ticker,date,c,day,r2,r5,r20,ma5,ma10,ma20,volratio,vol5ratio,high5,high10,high20,low5,rsi,atr14simple,rangecontraction,clv,source
CRWV,"Sep 9, 2026",94.94,-4.9,6.244404655326763,15.992669517409897,5.1151461470327675,89.924,87.53999999999999,91.831,0.7253807653293683,0.9024445791023054,104.59,104.59,117.49,79.03,55.219756641700755,5.235714285714283,1.152634213609481,0.055276381909547465,https://stockanalysis.com/stocks/crwv/history/
CBRS,"Sep 9, 2026",196.2,-1.79,-6.593668174244238,13.660062565172048,-16.42528539785313,196.196,188.574,203.04,0.4862878028852408,0.8232381235955796,222.5,222.5,265.63,168.7,48.1114748075697,12.975714285714293,1.2388961889006458,0.16498993963782563,https://stockanalysis.com/stocks/cbrs/history/
NBIS,"Sep 9, 2026",240.35,-1.45,6.166350103803175,20.45203969128997,24.385447394296953,225.06799999999998,217.279,228.90049999999997,0.46997172301348433,0.6084898131690648,254.74,254.74,280.83,195.15,55.66820910920737,13.601428571428576,0.906254970689131,0.01489572989076518,https://stockanalysis.com/stocks/nbis/history/
IREN,"Sep 9, 2026",45.37,-3.32,1.5443151298119906,23.22107550244432,14.138364779874202,43.646,40.772999999999996,41.82299999999999,0.6239940192753379,0.8413942461955288,49.29,49.29,49.29,35.76,57.03898525377953,3.1592857142857134,1.0639550717033825,0.12669683257918318,https://stockanalysis.com/stocks/iren/history/
CORZ,"Sep 9, 2026",18.09,-3.42,1.1179429849077716,12.570006222775355,-8.45141700404859,17.884,17.334000000000003,18.168500000000005,0.8620061532536785,1.036384667843452,19.1,19.1,21.66,15.72,45.33518103179827,1.0357142857142856,1.054893009048973,0.21818181818181717,https://stockanalysis.com/stocks/corz/history/
APLD,"Sep 9, 2026",27.14,-4.13,2.919984831247624,11.73322354878552,-8.588750421017178,26.528000000000002,26.199,27.723999999999997,0.7578948452186766,1.0105554964234313,29.15,29.15,33.04,23.83,46.740980209102275,1.7035714285714287,0.8670048129749408,0.05181347150259142,https://stockanalysis.com/stocks/apld/history/
WULF,"Sep 9, 2026",17.13,-4.09,3.755299818291924,16.92832764505119,2.268656716417894,16.51,16.014000000000003,16.1815,0.749021659667131,0.83358136332529,18.03,18.03,18.38,14.27,50.62625481252906,1.100714285714285,0.9377105844741145,0.14414414414414434,https://stockanalysis.com/stocks/wulf/history/
CIFR,"Sep 9, 2026",16.9,-8.7,-4.7350620067643785,15.674195756331265,-1.8012783265543453,17.139999999999997,16.377000000000002,16.563000000000002,1.237843771680129,0.9575038131341126,19.49,19.49,19.49,14.18,47.43734467739682,1.4349999999999998,1.1218320582974355,0.02717391304347672,https://stockanalysis.com/stocks/cifr/history/
HUT,"Sep 9, 2026",95.92,-3.59,2.5334045964724883,23.656052597653755,8.042351881054287,91.54599999999999,86.54899999999999,85.50649999999999,0.5695130974992764,0.9280180878460391,100.45,100.45,100.45,75.9,54.63755390252452,7.264999999999998,1.0252257296147878,0.2304687499999997,https://stockanalysis.com/stocks/hut/history/
CLSK,"Sep 9, 2026",13.28,-1.48,4.6493301812450705,20.07233273056057,15.277777777777768,12.671999999999999,12.282999999999998,12.184,0.7385945744893634,0.8454152638930085,13.69,13.69,13.69,10.77,54.31946169532138,0.9328571428571429,0.9361387502458154,0.15873015873015797,https://stockanalysis.com/stocks/clsk/history/
SMCI,"Sep 9, 2026",38.93,-3.3,-1.6670876483960706,6.047398529011172,23.19620253164556,38.730000000000004,38.056999999999995,37.840999999999994,0.5647647991503261,0.7017878592324035,41.53,41.53,42.31,35.63,59.335624388314905,2.1821428571428574,0.9473107050319653,0.06716417910447504,https://stockanalysis.com/stocks/smci/history/
ARM,"Sep 9, 2026",264.23,1.03,4.8157404101709655,12.524486840984594,-1.7476666790614659,251.06000000000003,247.73499999999999,252.789,0.8805521056356208,1.012393057539433,267.97,267.97,290.21,225.46,52.00856428065538,12.646428571428572,0.9538552414068314,0.20586025544703296,https://stockanalysis.com/stocks/arm/history/
ALAB,"Sep 9, 2026",300.54,4.05,-3.176546391752566,7.370226144117753,-3.669989422737907,291.34800000000007,291.7490000000001,296.449,0.8701819140650282,1.248426986994791,321.65,321.65,354,262.45,47.29365660468001,18.514285714285712,1.4167240968811954,0.6124787775891344,https://stockanalysis.com/stocks/alab/history/
CRDO,"Sep 9, 2026",167.92,0.1,-1.5536143518789958,-18.733968929971457,-32.205579555089024,167.126,196.793,221.8315,1.0377165168907256,3.187032506567487,221.74,244.46,286.24,160.75,32.75221788787988,14.78,1.2701911112766757,0.41215469613259503,https://stockanalysis.com/stocks/crdo/history/
ASTS,"Sep 9, 2026",62.42,-5.6,0.1765366714812977,11.86379928315413,-12.857741169900871,63.076,60.964999999999996,64.4585,0.8377188052024718,1.2946745320540602,67.2,67.2,75.08,58,46.02303524656055,4.037142857142857,1.23165866060767,0,https://stockanalysis.com/stocks/asts/history/
RKLB,"Sep 9, 2026",63.07,-4.25,-1.85185185185186,0.8474576271186418,-21.172353455818026,64.022,64.46700000000001,70.199,1.5830192446098712,1.3164876641524335,67.48,70,85.55,61.45,34.375251874300375,2.9735714285714283,0.9639759075490534,0.01698513800424592,https://stockanalysis.com/stocks/rklb/history/
IONQ,"Sep 9, 2026",38.14,-5.76,-3.491902834008098,0.9528851244044345,-12.200736648250455,38.958000000000006,39.35699999999999,41.691500000000005,1.3919189765979665,1.1733869109097508,44.43,44.43,47.95,36.79,42.525408740236415,2.6621428571428565,0.9431845936797313,0.021978021978021504,https://stockanalysis.com/stocks/ionq/history/
OKLO,"Sep 9, 2026",42.57,-1.71,3.1499878846619644,10.485336101738895,-9.44479897894065,41.30200000000001,40.988,42.0865,0.8200798830799434,0.9532084481979468,44.78,46.2,48.19,37.76,49.87830894310636,2.7007142857142865,0.7572426722753633,0.03977272727272748,https://stockanalysis.com/stocks/oklo/history/
QQQ,"Sep 9, 2026",716.35,-0.28,-0.36302436853232756,1.2308518455711903,-0.29229591481662043,716.116,715.389,717.2800000000001,0.8427794873921866,0.8789811168660872,721.89,724.13,734.58,705.1,50.51521426650819,7.482857142857134,0.9357179306001638,0.4102112676056364,https://stockanalysis.com/etf/qqq/history/
SPY,"Sep 9, 2026",762.4,-0.46,-1.0114387358963417,0.08138832733859402,-1.0589700996677665,767.376,767.224,768.2915,0.8630841081798843,1.0131377202293421,774.03,775.3,779.37,760.94,47.88977150444065,5.452857142857137,1.0866682488866972,0.4135977337110295,https://stockanalysis.com/etf/spy/history/
MU,"Sep 9, 2026",1027.77,2.75,1.099755063496577,10.105630785053133,18.33578961912219,991.7719999999999,965.7679999999998,958.2295000000001,0.8526012224253923,0.9340967862724273,1041.07,1041.07,1041.07,918.88,58.8451672310102,44.080000000000005,0.9695076734462741,0.7080423069247641,https://stockanalysis.com/stocks/mu/history/
SNDK,"Sep 9, 2026",1764.17,1.51,1.389080459770109,14.789800048149825,38.79627079973251,1670.11,1592.3419999999999,1579.4509999999998,0.7152596373077342,0.7763593963296735,1807.38,1807.38,1827.99,1509.24,59.9244102368586,96.19500000000002,0.7750870046911804,0.4564393939393948,https://stockanalysis.com/stocks/sndk/history/
WDC,"Sep 9, 2026",482.28,1.04,3.1703247336670515,7.068643992540613,10.127189276825055,463.50199999999995,460.883,468.3950000000001,0.6243639642679997,0.7645904401389368,489.2,489.2,548.6,420.88,50.16223354858234,24.63785714285715,0.9253415093493266,0.4442574673958752,https://stockanalysis.com/stocks/wdc/history/
STX,"Sep 9, 2026",885.92,-2.04,4.314242652599853,8.483542319749215,7.970555257641498,849.3459999999999,841.508,861.7845,0.9288122151903249,0.8722177167460795,925.44,925.44,1013.99,763.52,53.64143032152792,44.14642857142859,1.050068501286642,0.016562499999999147,https://stockanalysis.com/stocks/stx/history/
MRVL,"Sep 9, 2026",235.01,4.26,5.12636993961082,11.702077094918973,10.691912769064093,219.856,222.45100000000002,226.55550000000002,0.8190987071464307,0.7167673383549793,231.89,254.6,254.6,201.1,53.660445308453426,14.267142857142852,0.9394868497538985,0.6241794310722099,https://stockanalysis.com/stocks/mrvl/history/
AMD,"Sep 9, 2026",521.1,3.04,9.114894151642705,13.378734144165705,9.86254005734526,483.526,477.11400000000003,479.3460000000001,1.2271781725822961,1.0904543230065147,512.36,512.36,517.35,440.5,59.121152546735125,18.504285714285707,1.191653064935342,0.7214880078316224,https://stockanalysis.com/stocks/amd/history/
NVDA,"Sep 9, 2026",223.67,-0.91,-2.904150026046204,2.865158204562168,2.8367816091954046,226.52400000000003,222.603,220.79950000000002,0.6114633314440482,0.9758610491004943,234.76,234.76,234.76,218.48,54.60311300412572,7.558571428571432,1.1272850573800501,0.07720588235293369,https://stockanalysis.com/stocks/nvda/history/
AVGO,"Sep 9, 2026",364.38,-1.13,1.810561609388106,-1.433672365288896,-12.425495097096706,363.04800000000006,365.11800000000005,373.0465,1.0098275180295975,1.8006421518434208,372.7,376.59,426.76,342.33,43.516186528973506,10.567142857142866,0.9528573541332847,0.5856164383561645,https://stockanalysis.com/stocks/avgo/history/
COHR,"Sep 9, 2026",303.48,0.53,7.670474703753638,11.561224864904629,-7.636120157044157,284.054,283.909,296.8045000000001,0.7534202397335878,0.7644850573548665,315.7,315.7,362.32,255.25,50.88668871474875,16.479285714285705,0.9603579881791781,0.1412380122057549,https://stockanalysis.com/stocks/cohr/history/
LITE,"Sep 9, 2026",988.98,1.07,12.223407393958663,13.813222855170038,20.520601030965512,913.3459999999999,914.061,900.5585000000001,0.9222567070127654,0.9053255472222732,1000.15,1000.15,1000.15,818.89,59.684849004875524,61.40000000000002,0.8805418666862628,0.2234326824254884,https://stockanalysis.com/stocks/lite/history/
VRT,"Sep 9, 2026",262.89,-9.61,-6.288097529675962,2.7034418095870594,-6.713743302224906,271.956,266.464,269.859,2.381020770990865,1.1814019728079446,295.34,295.34,300.3,251.5,45.555607476967495,13.189285714285715,1.3977745571974611,0.09560039695666506,https://stockanalysis.com/stocks/vrt/history/
VST,"Sep 9, 2026",151.1,-0.41,1.20562625586067,9.429316338354553,4.264421749931002,147.96,143.21800000000002,142.62800000000001,0.9699490900743696,1.3049270512204307,154.9,154.9,154.9,136.95,59.056110476474544,4.624285714285709,1.2344725180794476,0.8270676691729291,https://stockanalysis.com/stocks/vst/history/
SMR,"Sep 9, 2026",10.81,-3.31,11.443298969072169,17.372421281216056,9.302325581395344,10.2,9.778,9.553,0.6642359423856662,0.8594335531025558,11.37,11.37,11.37,9.13,60.974133469271194,0.6785714285714285,0.9181038257351685,0.11764705882353044,https://stockanalysis.com/stocks/smr/history/
DELL,"Sep 9, 2026",535.25,0.26,2.119662685542023,25.941176470588246,21.38013923849693,520.372,487.51899999999995,474.6285,0.8620899410957361,2.783448511183687,538.47,538.47,538.47,432.27,64.74349261212902,28.393571428571445,1.4652856673505303,0.09346405228758208,https://stockanalysis.com/stocks/dell/history/
HPE,"Sep 9, 2026",58.9,5.12,13.269230769230766,15.785335168075498,8.311879367414488,54.64,53.826,54.711,1.4237167426040143,2.7393930731017235,56.17,56.17,63.44,45.7,62.76167050083758,2.962142857142857,1.7574716892269515,0.9915611814345978,https://stockanalysis.com/stocks/hpe/history/
ORCL,"Sep 9, 2026",161.63,-0.55,1.7949363899735449,14.371638833852263,11.10118229309871,156.54399999999998,152.48199999999997,149.69199999999998,1.1556050943631997,1.273020655128795,170.7,170.7,170.7,139.72,62.88175938744098,6.484999999999999,1.1651122649830417,0.26513569937369186,https://stockanalysis.com/stocks/orcl/history/
PLTR,"Sep 9, 2026",169.53,-0.45,-2.7533987265530913,-5.774788795020003,-3.0924888533211403,173.23000000000002,178.21700000000004,176.40300000000002,0.6382116696002664,0.98472203306591,186.55,188.37,188.37,165.71,51.45720815579546,8.072857142857146,1.337071483543242,0.28307692307691923,https://stockanalysis.com/stocks/pltr/history/
NET,"Sep 9, 2026",314.18,10.51,12.641617668148575,10.041679801057768,2.3487637228393643,286.93,291.823,295.3259999999999,1.530083749171569,0.9986231697797854,306.47,309.53,332.22,269.3,58.81322045931249,16.93571428571429,1.032341082421642,0.8652538984406235,https://stockanalysis.com/stocks/net/history/
SNOW,"Sep 9, 2026",331.48,-1.2,-1.6904917254878638,3.6522826766729244,-0.79607350212485,333.294,329.018,328.15299999999996,0.8507957168411097,2.735490230961382,384.56,384.56,384.56,303.89,54.81095189998705,17.74642857142857,1.3613723467332925,0.055878928987196694,https://stockanalysis.com/stocks/snow/history/
DDOG,"Sep 9, 2026",225.17,7.11,5.748368008265614,0.594174410293058,-8.756787421995305,214.464,224.07799999999997,231.65799999999996,1.2497296284325679,1.232137001177053,237.38,251.99,258.25,203.24,45.58514542783501,11.907857142857145,0.9658342863196379,0.9533096926713936,https://stockanalysis.com/stocks/ddog/history/
