symbol,signal_date,price,quote_at,quote_age_seconds,previous_close,change_pct,rsi2,atr,sma200,sma50,ema20,ret3_pct,ret20_pct,rs20_qqq_pp,vol_ratio,avg_dollar_volume20,pullback_signal,entry_ceiling,price_within_ceiling,day_high,day_low,return_to_20day_high_pct,stop_2atr,target_2atr,old_tail_ordering_value,old_three_session_return
NVDA,2026-09-24,224.68,2026-09-25T13:59:55-04:00,6.164849,224.5800018310547,0.044526746874162804,34.62867115001352,6.0181102435046,198.92745330810547,215.436728515625,221.03870009190211,-1.2314200860365387,7.236144181532578,2.948331999160314,0.5872599076635795,28133754318.607635,False,227.589056952807,True,226.94,223.133,4.486378185346229,212.64377951299082,236.7162204870092,0.035741002567380095,-0.004203693925088368
AVGO,2026-09-24,352.98,2026-09-25T13:59:56-04:00,5.164849,350.3599853515625,0.7478064727650002,17.9112506659946,11.38576302096887,367.2685984802246,376.4247204589844,359.34108121378796,-3.3916114780627504,-1.2913821704691908,-5.579194352841455,0.7576535812717143,9916289225.775452,False,356.0528668620469,True,354.43,349.43,6.688763198450509,330.20847395806226,375.7515260419378,0.04340595554829571,-0.005247649824018561
AMD,2026-09-24,629.68,2026-09-25T13:59:53-04:00,8.164849,629.260009765625,0.06674351267472733,84.66342214993138,25.576588485894867,362.70595054626466,502.11920288085935,541.7261867395445,2.232257245643887,30.84233034928232,26.554518166910057,1.2017225166746,11512928857.49054,False,642.0483040085725,True,638.95,625.52,0.17786618488260242,578.5268230282102,680.8331769717897,0.0626087222235513,-0.0013677054614149413
MU,2026-09-24,1081.95,2026-09-25T13:59:56-04:00,5.164849,1080.530029296875,0.13141427490441782,70.20786166710515,48.92754814776175,656.7968828582764,937.0336022949218,997.6586492946656,3.5030144572339994,15.145993306165838,10.858181123793575,0.8719425526758664,25116870261.710205,False,1104.9938033707558,True,1108.72,1073.0,2.1766255372244414,984.0949037044766,1179.8050962955235,0.052969582989730445,-0.0011580488151408993
SNDK,2026-09-24,1782.0,2026-09-25T13:59:53-04:00,8.164849,1753.6199951171875,1.6183668617964164,30.185792117866995,114.6224090422597,1100.1499227142333,1509.4244921875,1666.9511544189431,-0.7369933559351116,16.957122046458473,12.669309864086209,0.7601489377507057,17801947174.67224,False,1810.9311996383174,True,1815.0,1742.95,7.1537587243967415,1552.7551819154805,2011.2448180845195,0.09734412252619126,-0.0008359127654423339
MRVL,2026-09-24,265.23,2026-09-25T13:59:57-04:00,4.164849,258.95001220703125,2.4251737775350612,56.79426522202608,13.772597102740443,161.61182891845704,219.09679992675783,238.19774537476428,0.6099958405601846,5.646449170664791,1.3586369882925275,0.6163392581750768,4967574209.807587,False,265.83631075840145,True,267.48,257.431,0.29031406703614593,237.68480579451912,292.7751942054809,0.066892493280036,-0.0024558288550943514
ALAB,2026-09-24,372.34,2026-09-25T13:59:52-04:00,9.164849,360.510009765625,3.2814595750242592,87.7145211737882,23.20808473698023,235.26679973602296,304.1320989990234,311.26771398537926,5.802083728901719,24.18533411125303,19.897521928880767,0.8624560372175993,1215408331.5171814,False,372.1140521341151,False,377.87,356.197,-0.8567454755104453,325.9238305260395,418.7561694739604,0.11878101219409609,-0.002552643065965714
TSM,2026-09-24,450.97,2026-09-25T13:59:54-04:00,7.164849,451.1499938964844,-0.03989668600674623,74.81050318054841,10.884833583585877,380.5876072692871,418.40246826171875,431.39202060396906,1.3501323292163248,8.300487771429177,4.012675589056913,0.7678711098047617,4318087748.405762,False,456.5924106882773,True,455.02,449.03,0.4235325815048707,429.2003328328283,472.7396671671718,0.03357119635530692,-0.0026379257233912975
WDC,2026-09-24,457.25,2026-09-25T13:59:57-04:00,4.164849,450.30999755859375,1.5411610843712564,31.56956734206284,28.62327976638624,391.62991256713866,474.0228332519531,453.29788643900355,0.4774938230454495,-3.929670365157223,-8.217482547529487,1.1195547135313855,2921951554.736786,False,464.62163744178685,True,461.98,447.69,8.363037776790595,400.0034404672275,514.4965595327725,0.08928718208281575,-0.002254635403641109
STX,2026-09-24,918.905,2026-09-25T13:59:46-04:00,15.164849,905.9199829101562,1.4333514366391409,52.14622198285614,51.55267025359144,631.0773713684082,845.6566333007812,856.9813068682043,3.3415184455360736,7.121729866707982,2.8339176843357183,0.8046467028793974,3272956217.397156,False,931.696318036952,True,924.36,903.54,1.9626623471856508,815.7996594928171,1022.0103405071828,0.07504898711402128,-0.0012853258290025588
CRDO,2026-09-24,213.49,2026-09-25T13:59:57-04:00,4.164849,195.97000122070312,8.940143220984975,99.06599547380254,13.169704686299024,176.00822540283204,209.89930053710938,187.1675693113656,4.645696988175674,-13.475210178041209,-17.763022360413473,0.6285598566257649,1650522353.7695312,False,202.55485356385265,False,214.87,198.0,14.506537408715703,187.15059062740195,239.82940937259806,0.10063446170912525,-0.004874689812971587
LITE,2026-09-24,945.58,2026-09-25T13:59:52-04:00,9.164849,929.0399780273438,1.7803347933181612,29.546676578098555,62.51232389849537,726.2335252380371,854.3571008300781,909.7858927039424,-2.6663466843462658,-1.063869200968104,-5.351681383340368,0.8265733667447919,4039839365.5685425,False,960.2961399765915,True,962.88,913.29,8.585207995687828,820.5553522030093,1070.6046477969908,0.08537898942687625,-0.0013079710320270882
COHR,2026-09-24,300.04,2026-09-25T13:59:49-04:00,12.164849,290.6099853515625,3.2449038655810947,11.892180263166026,20.843823554402153,285.6071006011963,296.38940185546875,296.6146650028679,-9.613711345578269,-1.2773074117585104,-5.565119594130774,0.7935857063804546,1830540662.6663208,True,301.0318971287636,True,301.77,290.3,10.938536645634734,258.3523528911957,341.7276471088043,0.11310350273050017,-4.191173672039167e-06
AAOI,2026-09-24,102.217,2026-09-25T13:59:57-04:00,4.164849,101.02999877929688,1.1748997674405182,21.55078582447753,8.418009067373658,106.64285018920899,111.67700012207031,105.71957937263191,-7.030458745173441,-11.190227775918194,-15.478039958290458,0.8373792743409032,691477989.4557953,False,105.2390033129837,True,105.03,99.97,16.321161378125847,85.38098186525268,119.05301813474732,0.12491295371344194,-0.0018487201223555839
AMAT,2026-09-24,483.43,2026-09-25T13:59:57-04:00,4.164849,474.25,1.9356879283078499,94.92587652619214,20.571428079113627,419.612204284668,491.4840661621094,460.6671703310898,2.156214452910743,-1.1484929242678632,-5.436305106640127,0.6421907877369486,2892745400.886383,False,484.5357140395568,True,486.99,476.36,0.3206278026452791,442.2871438417728,524.5728561582273,0.05948126077280621,-0.005205879988669276
LRCX,2026-09-24,314.45,2026-09-25T13:59:57-04:00,4.164849,307.1600036621094,2.3733546851724796,72.33813316488164,15.095620055883009,269.70222702026365,304.3884924316406,298.4687901862002,1.722343500495227,-1.723885747227083,-6.011697929599347,0.8767684278575769,2713564403.700714,False,314.7078136900509,True,315.66,307.5,2.4677982048268765,284.25875988823395,344.641240111766,0.062042906311250555,-0.006163701996213321
KLAC,2026-09-24,187.82,2026-09-25T13:59:42-04:00,19.164849,187.11000061035156,0.3794556075743749,70.5435557098044,8.225218868034093,175.2914091491699,189.4179244995117,181.4757412174563,1.7067996786505946,1.7842565123354026,-2.503555670036861,0.8163783306701432,1717349811.1986542,False,191.22261004436862,True,189.56,186.015,1.623892619096745,171.3695622639318,204.27043773606817,0.06615120570990657,-0.005919424821396165
ONTO,2026-09-24,286.51,2026-09-25T13:57:28-04:00,153.164849,279.7300109863281,2.4237617514708543,56.629079801704904,16.11102794126223,249.27165016174317,280.5301998901367,272.5905727579479,1.3587940614241623,-4.162667429501554,-8.450479611873817,0.5028990197637998,239454113.14094543,False,287.78552495695925,True,289.978,281.432,6.710057363290112,254.28794411747555,318.73205588252443,0.07190312234129244,-0.005531407161500312
CAMT,2026-09-24,145.7,2026-09-25T13:57:43-04:00,138.164849,145.1199951171875,0.3996726173702836,20.290678660183175,7.517464397861203,154.60644981384277,147.4115997314453,145.06341705134346,-3.0141078784012287,1.3054067135689351,-2.9824054688033286,0.9964605850205449,53049032.628097534,False,148.8787273161181,True,147.785,143.6,4.811260613498414,130.66507120427758,160.7349287957224,0.0698284586318638,-0.0031704480737616116
TER,2026-09-24,397.48,2026-09-25T13:59:52-04:00,9.164849,387.70001220703125,2.522565768645446,53.03135144415278,20.99266049270401,328.5135223388672,367.3734289550781,369.8228492194251,1.6145105425776407,6.816013328970172,2.528201146597908,0.5142517447964918,918389306.7823792,False,398.19634245338324,True,399.33,388.38,0.4830416364306034,355.494679014592,439.465320985408,0.06709133329873553,-0.003722536746811309
SMTC,2026-09-24,183.54,2026-09-25T13:59:02-04:00,59.164849,174.5,5.18051575931231,59.21805397324175,11.398265749458234,113.7309503173828,139.85740005493165,159.98904545199397,-1.6180837775246593,23.934656404697762,19.646844222325498,0.7535776661566997,535230073.04252625,False,180.19913287472912,False,185.0,176.48,3.868366236051246,160.74346850108353,206.33653149891646,0.10045658136445877,0.0012917666494509615
VICR,2026-09-24,289.23,2026-09-25T13:58:38-04:00,83.164849,276.05999755859375,4.770702947865857,73.72860928198084,18.016087939471536,210.5789001464844,211.57219970703125,220.26452784574803,23.296116607410223,39.968566414184494,35.68075423181223,0.9872275704730465,193413881.3558197,False,285.0680415283295,False,291.53,276.0,-1.3103749813621612,253.19782412105695,325.2621758789431,0.1567536481778803,-0.006093085704469772
INTC,2026-09-24,124.25,2026-09-25T13:59:56-04:00,5.164849,127.38999938964844,-2.4648711866652184,91.54790656565538,6.395114304048179,78.78834995269776,98.53199996948243,107.4279394547488,4.606668308905659,44.367636529548825,40.07982434717656,1.1472972819821452,11134474398.576088,False,130.58755654167254,True,126.93,122.84,2.5674063914738365,111.45977139190364,137.04022860809636,0.08252525988640494,0.0015230932600146102
CIEN,2026-09-24,357.37,2026-09-25T13:59:48-04:00,13.164849,358.42999267578125,-0.29573213666302944,48.037382510528346,23.8246179992367,387.0627996826172,377.5052001953125,357.3662591640955,-2.0576016381892326,-11.286292166742006,-15.57410434911427,0.508237502261082,966065140.3311157,False,370.3423016753996,True,366.43,355.01,17.16708207759552,309.7207640015266,405.0192359984734,0.08624390173376204,-0.00222668724965659
CLS,2026-09-24,372.76,2026-09-25T13:59:50-04:00,11.164849,373.55999755859375,-0.21415503903580158,99.34913740127841,19.47659588613282,329.6086988067627,324.4409973144531,333.7272066715206,8.466900168085933,21.55407674596748,17.266264563595215,1.3565602114143602,735609553.4310913,False,383.29829550166016,True,381.301,367.73,1.6739993561540878,333.80680822773434,411.71319177226565,0.07403480802125373,-0.0003107321493871981
FN,2026-09-24,411.74,2026-09-25T13:59:46-04:00,15.164849,398.3599853515625,3.358774761634087,39.54982211654428,22.36659849265843,533.7602507019043,455.98659851074217,410.34975333932636,-0.7993679592870007,-9.008680571287965,-13.296492753660228,0.7375734901122395,318886146.20285034,False,409.5432845978917,False,412.82,401.58,10.24918697270274,367.00680301468316,456.47319698531686,0.07893719282963894,-0.004529794153031996
VRT,2026-09-24,251.64,2026-09-25T13:59:54-04:00,7.164849,245.3000030517578,2.5845890213480605,20.0329400644208,12.948393641809464,262.3105936431885,266.7080029296875,254.15102015393174,-2.2163746890959346,-6.993613006191445,-11.28142518856371,0.7664904683726231,1365754882.4677277,False,251.77419987266254,True,254.48,248.0,17.366077069579823,225.74321271638107,277.53678728361893,0.06566818728714185,-0.004674611428667777
NBIS,2026-09-24,238.135,2026-09-25T13:59:55-04:00,6.164849,243.47999572753906,-2.1952504605430745,80.05316744634527,17.010118496121965,163.4190753173828,214.2638003540039,224.29664529033255,4.587625659698458,13.812931362336812,9.525119179964548,1.651200167483409,3440625395.289459,False,251.98505497560004,True,246.9,235.411,6.9729378265118935,204.11476300775607,272.15523699224394,0.11295358985080341,0.0009525790462332831
CRWV,2026-09-24,87.69,2026-09-25T13:59:50-04:00,11.164849,90.12999725341797,-2.707197745227319,96.47025965102793,5.577013349555008,92.17637500762939,85.46920043945312,86.59819646268812,5.501576649248174,2.4088115733777116,-1.8790006089945521,1.2038836131776531,2493180368.448372,False,92.91850392819548,True,90.9,86.8,19.272432817756435,76.53597330088998,98.84402669911002,0.08670218376374457,-0.0038506562019088326
IREN,2026-09-24,43.849,2026-09-25T13:59:58-04:00,3.164849,46.150001525878906,-4.985918634452502,27.841969326627762,2.9511960947054487,45.60467502593994,41.02070003509522,44.12974463486579,-2.2866780157209443,16.599291033052353,12.311478850680091,0.7418750747048904,1720936431.728115,False,47.62559957323163,True,46.49,43.41,12.59093464362875,37.9466078105891,49.75139218941089,0.08615164061542954,-0.0015014998695436826
BE,2026-09-24,289.55,2026-09-25T13:59:52-04:00,9.164849,266.6499938964844,8.588039237835353,18.860194678183078,18.46537238331469,202.07160076141358,228.03580047607423,256.681584557594,-2.2866431225019745,22.19879276486858,17.910980582496315,1.1205313520822133,4226772718.4898376,True,275.88268008814174,False,292.44,264.014,-0.5353134173717855,252.61925523337064,326.4807447666294,0.0938016672912258,0.00026781136111978573
GEV,2026-09-24,951.68,2026-09-25T13:59:38-04:00,23.164849,955.0399780273438,-0.35181543230095036,95.37252387423071,38.16992780234482,908.179338684082,974.4764050292969,942.9326449282707,0.9321307515486765,0.2045925481256372,-4.0832196342466265,0.7355560265988947,2093236634.2764282,False,974.1249419285161,True,965.345,943.392,3.326751308787501,875.3401443953103,1028.0198556046896,0.05180928289983241,-0.0021758818487402137
ETN,2026-09-24,438.195,2026-09-25T13:59:52-04:00,9.164849,440.0,-0.41022727272727044,74.2318123933969,14.444997389746641,384.7235116577148,417.9056823730469,420.3355080863855,1.049538938770711,4.901773183034885,0.6139610006626217,0.6462081530403098,860400172.4165344,False,447.2224986948733,True,447.33,437.44,1.2426008166313007,409.3050052205067,467.0849947794933,0.04131564942122321,-0.0041663655200396485
CEG,2026-09-24,261.54,2026-09-25T13:59:38-04:00,23.164849,261.6199951171875,-0.030576836128926033,35.22450947749951,9.426619901765237,290.04995651245116,271.51872100830076,270.0790563088371,-0.18694069732512197,-6.403833214092192,-10.691645396464455,0.5833019060502997,787407327.5147247,False,266.3333050680701,True,266.38,260.43,16.922836962976497,242.68676019646955,280.3932398035305,0.044744325535364345,-0.005408538216849031
VST,2026-09-24,136.295,2026-09-25T13:59:57-04:00,4.164849,137.94000244140625,-1.1925492332110266,8.785337272517637,4.524320525705888,155.29401641845703,145.66449340820313,141.97580983111573,-2.0173294235802164,-1.3312048317829284,-5.619017014155192,0.8268471298763284,628598765.2767181,False,140.2021627042592,True,140.1,136.025,13.650532959011263,127.24635894858821,145.34364105141177,0.04700473894268904,-0.005176740532482821
RKLB,2026-09-24,74.365,2026-09-25T13:59:55-04:00,6.164849,73.61000061035156,1.0256750215843047,81.62274100814136,4.071023028526065,80.97915016174316,69.35380004882812,67.92378525505929,5.3226516714694805,11.226957193886111,6.9391450115138475,1.3198671054479678,1300406190.323639,False,75.6455121246146,True,75.32,72.78,1.4724656551773796,66.22295394294787,82.50704605705212,0.09951075620266916,-0.001464652370441725
ASTS,2026-09-24,61.73,2026-09-25T13:59:33-04:00,28.164849,61.060001373291016,1.0972790888309047,49.25405882954586,4.256865889045712,81.58522487640381,62.65839973449707,61.60999858707021,-1.341085837037903,1.9706083569262178,-2.317203825446046,0.8955582650393398,599707339.3030167,False,63.18843431781387,True,63.215,61.17,8.861164665871035,53.21626822190857,70.24373177809142,0.11600334260681515,-0.00048498705155399294
PLTR,2026-09-24,191.86,2026-09-25T13:59:47-04:00,14.164849,192.58999633789062,-0.3790416697500021,99.78054427835777,7.036704030340616,151.98272472381592,162.82219940185547,177.90132927958257,5.188705112248648,8.50140638754402,4.213594205171756,0.8152124010083796,4915211809.882278,False,196.10834835306093,True,194.214,190.32,1.4698179275415502,177.78659193931878,205.93340806068124,0.05063961821698114,-0.005102817562461581
IOVA,2026-09-24,10.96,2026-09-25T13:59:49-04:00,12.164849,10.800000190734863,1.4814796892540727,76.39352651772975,0.5888985574103813,4.400700002908707,7.286600008010864,9.273176323962684,5.986267276456725,33.66336995930597,29.375557776933704,0.889931929985555,126232922.83342361,False,11.094449469440054,True,11.11,10.69,0.182477575148976,9.782202885179238,12.137797114820764,0.09624749613061107,-0.002403359435870882
ABCL,2026-09-24,12.71,2026-09-25T13:59:57-04:00,4.164849,12.649999618530273,0.47431133026942796,68.18377982806655,0.7130976207576663,5.672949981689453,9.573999948501587,11.69816205167643,-0.07899075041363224,3.349672018618466,-0.9381401637537978,1.154575271567418,50979504.10422325,False,13.006548428909106,True,12.93,12.29,3.697878089502593,11.283804758484669,14.136195241515333,0.07023447662523132,-0.0024787062329242413
CDNA,2026-09-24,64.07,2026-09-25T13:59:48-04:00,13.164849,61.369998931884766,4.399545568042118,87.33215620726392,2.7125371172304056,27.394424934387207,47.087600021362306,52.62784708677971,12.957844401923179,20.427786566785876,16.139974384413613,2.1516639482891438,64389660.61885834,False,62.72626749049997,False,65.05,60.51,-1.5295767869706656,58.644925765539185,69.4950742344608,0.08799342250396876,-0.0011997245650753018
TEAM,2026-09-24,191.8,2026-09-25T13:59:37-04:00,24.164849,192.61000061035156,-0.42053922838106716,47.027818897463824,8.850578095412185,111.70229995727539,152.39419998168944,184.30933391551227,-1.5638562821223556,14.328960179696315,10.041147997324051,0.4537851226355569,679899667.5788879,False,197.03528965805765,True,194.81,190.9,4.2752867570385655,174.09884380917563,209.5011561908244,0.07397751586672884,-0.003786889638173167
AMPL,2026-09-24,13.38,2026-09-25T13:58:42-04:00,79.164849,13.6899995803833,-2.2644235930255663,66.46250064736155,0.6874048020803389,9.059025018215179,11.873900051116943,13.185585514468158,1.935958818313055,5.632712500676074,1.34490031830381,1.0217413741811316,22537723.5600996,False,14.03370198142347,True,13.78,13.37,10.31390305591804,12.005190395839323,14.754809604160679,0.0770528538104006,-0.0015525301670749466
RNG,2026-09-24,77.75,2026-09-25T13:59:51-04:00,10.164849,79.81999969482422,-2.59333463134358,81.75519322026824,3.2535330969571628,42.69352825164795,63.53451652526856,72.89861847004246,3.260021401783253,20.829552898523286,16.541740716151022,1.076155362024029,118337120.98339081,False,81.4467662433028,True,79.88,77.28,5.33762254132335,71.24293380608567,84.25706619391433,0.06824330118875885,-0.0008562390241471322
ATRC,2026-09-24,59.584,2026-09-25T13:59:15-04:00,46.164849,60.77000045776367,-1.9516216041300827,96.17909307350686,2.0796926591885128,35.8625500869751,46.44219993591309,54.87570517189341,4.200961549656679,26.15736509813995,21.869552915767688,0.8955766789060087,82730467.46177673,False,61.80984678735793,True,61.32,59.495,3.5512902170707683,55.42461468162298,63.74338531837703,0.058870427679206604,-0.0028388787146485187
PBF,2026-09-24,70.55,2026-09-25T13:59:49-04:00,12.164849,71.9000015258789,-1.8776098709719857,52.79621698888217,4.599034331053576,46.53230430603028,69.90790237426758,73.1800489210433,-0.8002232397788744,3.112000666108594,-1.1758115162636695,0.8168808186504578,293082467.4914551,False,74.1995186914057,True,71.86,69.36,17.094260255636517,61.35193133789284,79.74806866210714,0.08309707248925038,0.002701868005450487
MSTR,2026-09-24,158.73,2026-09-25T13:59:58-04:00,3.164849,161.61000061035156,-1.7820683122793723,48.77768311681586,9.085043729045761,136.6670001602173,116.37220016479492,140.81747401629724,-4.089020409286903,31.187594291362487,26.899782108990223,0.6458376271183843,3712283145.1662827,False,166.15252247487444,True,162.75,156.781,7.8498093878953235,140.55991254190846,176.90008745809152,0.10978977957781746,-0.01133797174596758
COIN,2026-09-24,194.74,2026-09-25T13:59:56-04:00,5.164849,199.2100067138672,-2.2438665544987524,67.13372882595678,11.748946200381889,187.79859954833984,169.74739990234374,184.19445745314766,-0.9151933896847209,9.588518017173309,5.300705834801045,0.7234532660092682,1888601896.6486359,False,205.08447981405814,True,199.75,192.58,6.978536423464443,171.24210759923622,218.2378924007638,0.0806909686416947,-0.0062830148282664346
HOOD,2026-09-24,119.25,2026-09-25T13:59:44-04:00,17.164849,120.81999969482422,-1.2994534835208071,34.61517325655666,6.359262291079218,94.71292495727539,103.97999969482422,114.19441383982978,-2.011357092904986,11.313800143464103,7.02598796109184,0.6498118488476313,2655364588.6673355,False,123.99963084036382,True,121.9,117.53,6.280920640477605,106.53147541784156,131.96852458215844,0.07291572045920551,-0.004860658719343917
MSFT,2026-09-24,517.81,2026-09-25T13:59:57-04:00,4.164849,497.92999267578125,3.992530600012123,39.039102595444874,10.974888096896278,430.4685702514648,473.08757873535154,495.241510896298,-0.7336362479311576,0.31428119627283646,-3.9735309860994272,0.7722521716285102,10676213097.970886,False,503.4174367242294,False,519.4,497.3,-0.005787973025805915,495.8602238062074,539.7597761937925,0.031153348944052976,-0.0064260741626770215
META,2026-09-24,751.28,2026-09-25T13:59:58-04:00,3.164849,777.5900268554688,-3.383534503633623,95.53428557311942,26.915261738704338,624.9890258789062,613.5671179199219,669.5414626954603,4.902533133958675,35.071979172254885,30.78416698988262,1.562834264287957,14997398702.599182,False,791.047657724821,True,769.57,746.541,3.7988509376289503,697.4494765225913,805.1105234774086,0.06239636615762631,-0.004104735523109502
GOOGL,2026-09-24,344.22,2026-09-25T13:59:58-04:00,3.164849,342.3599853515625,0.5432920691731846,41.88826018726126,9.0037962211127,337.6635060119629,344.3415576171875,343.9892973066244,-3.5524173383035595,0.16960643716923407,-4.11820574520303,0.8856152277083458,9238279691.113739,False,346.86188346211884,True,347.03,341.11,5.795715945539004,326.2124075577746,362.22759244222544,0.03619187785612315,-0.00348292486434548
AMZN,2026-09-24,250.07,2026-09-25T13:59:59-04:00,2.164849,249.3800048828125,0.27668421833246803,21.303883492628543,5.969796375557551,240.73394996643066,256.17940002441406,254.25078194849877,-3.509385527501241,-4.187795430922437,-8.4756076132947,0.9463879241143025,9030031821.368408,False,252.36490307059128,True,250.878,247.18,6.994040692043724,238.1304072488849,262.0095927511151,0.035547541254209586,-0.005979434256390875
AAPL,2026-09-24,339.973,2026-09-25T13:59:59-04:00,2.164849,335.9200134277344,1.2065332252487293,22.463385103758952,6.960465879325357,287.06823043823243,321.58085876464844,329.21339885743276,-0.9027073748950842,7.168607543668526,2.8807953612962622,0.567754891907876,14104961874.257355,False,339.4002463673971,False,340.46,334.53,1.5786536983497523,326.0520682413493,353.89393175865075,0.035263356844189055,-0.0027472067957824754
ORCL,2026-09-24,138.445,2026-09-25T13:59:52-04:00,9.164849,139.5399932861328,-0.7847164532160278,6.831159157234126,7.33575907281931,164.21798107147217,141.98739974975587,147.3158792539968,-6.071623869610898,-6.267214440163238,-10.555026622535502,1.7781948355891384,5024063803.988495,False,143.20787282254247,True,140.878,137.06,23.29805839737238,123.77348185436138,153.11651814563862,0.05632930552897537,-0.00578269458212178
CRM,2026-09-24,234.618,2026-09-25T13:59:56-04:00,5.164849,238.22000122070312,-1.5120481916906736,63.67788355712142,9.117417100976358,200.4722836303711,212.13218322753906,238.16763114568266,0.761358203916207,16.058316457086995,11.770504274714732,0.6451516945519448,4239167862.1892548,False,242.7787097711913,True,239.37,234.21,14.343310834493472,216.3831657980473,252.8528342019527,0.06985394355990693,-0.0020526962043453875
WDAY,2026-09-24,190.03,2026-09-25T13:59:29-04:00,32.164849,190.99000549316406,-0.502646979188881,45.384752835481315,8.345980915858627,158.23999950408935,180.05339889526368,191.09602699004884,-0.4845730953803917,0.12582201476489807,-4.161990167607366,0.35081066504870734,675874315.6153107,False,195.16299595109336,True,192.065,188.75,11.47187382574051,173.33803816828274,206.72196183171727,0.060929050080869546,-0.0030018262755072108
NOW,2026-09-24,136.765,2026-09-25T13:59:50-04:00,11.164849,137.77999877929688,-0.7366807869716774,39.094657705460364,5.994791963458931,116.80735000610352,125.15439987182617,136.10327930406206,0.07263662756804568,9.523048836978276,5.2352366546060125,0.6087202438800158,2170090469.6009827,False,140.77739476102633,True,139.83,135.935,9.38471546339754,124.77541607308213,148.75458392691786,0.06664032257297375,-0.003381528323888835
AKAM,2026-09-24,116.7,2026-09-25T13:59:57-04:00,4.164849,110.41000366210938,5.696944234455481,19.403346967789957,5.709962239703929,110.98755016326905,113.37080001831055,110.58579155756688,-5.962013271156252,2.1747234467975662,-2.1130887355746975,1.971253116576318,384991770.19672394,False,113.26498478196135,False,128.46,115.1,5.2185097819428705,105.28007552059215,128.11992447940787,0.07330343508944716,-0.0028749361294463814
COST,2026-09-24,921.57,2026-09-25T13:59:53-04:00,8.164849,896.47998046875,2.7987261375464367,28.767005549446495,13.706515759935035,958.129508972168,934.7234558105469,911.951617976864,-0.2225981706299729,-6.237712311531329,-10.525524493903593,1.3558594468633103,2006671578.8638306,False,903.3332383487175,False,923.3,883.1,3.4896948108933623,894.15696848013,948.9830315198701,0.03288231366863504,-0.004501914484145514
JPM,2026-09-24,341.62,2026-09-25T13:59:55-04:00,6.164849,338.55999755859375,0.9038287049481397,24.253080153875317,6.801608643578645,319.38080642700197,353.3455999755859,349.5902483050412,-3.8291133561905943,-5.032258749342566,-9.320070931714831,0.9448472354126612,2594123430.9420776,False,341.9608018803831,True,343.0,338.64,6.217430288496728,328.0167827128427,355.2232172871573,0.029670176280779864,-0.004729721784812951
LLY,2026-09-24,1177.015,2026-09-25T13:59:58-04:00,3.164849,1181.8900146484375,-0.41247616851112223,78.11028030986878,32.73218280644071,1066.5427734375,1176.4158227539062,1160.076230656846,1.4593652436046156,-0.6322478636592632,-4.9200600460315265,1.0018730471825559,2747002550.1989746,False,1198.2561060516578,True,1190.0,1160.84,1.7650615380857326,1111.5506343871186,1242.4793656128816,0.03907780905997124,-0.0023167738753882322
QQQ,2026-09-24,745.0,2026-09-25T13:59:58-04:00,3.164849,741.0999755859375,0.5262480829228311,59.1075991185386,9.830967496662655,663.5289129638672,711.2032336425781,722.5928858623745,-0.04990021603121786,4.287812182372264,0.0,0.8841301264060323,23833713612.592773,False,746.0154593342688,True,745.915,739.64,0.44966115247482286,725.3380650066747,764.6619349933253,,
SPY,2026-09-24,771.155,2026-09-25T13:59:59-04:00,2.164849,767.1799926757812,0.5181322977877212,33.886979826775786,6.643867490192048,714.3626358032227,759.4581994628907,764.1031134982729,-0.8170662345467039,0.3922649533192546,-3.895547229053009,1.023437505465673,33379459736.18164,False,770.5019264208772,False,771.98,766.29,0.5375038472121396,757.8672650196158,784.4427349803841,,
SMH,2026-09-24,607.47,2026-09-25T13:59:56-04:00,5.164849,600.52001953125,1.1573270236977296,63.63432351287161,16.62135919745601,492.03606018066404,565.1378009033203,573.7631992061171,0.7533161105442554,8.051891686734614,3.76407950436235,0.8724755225676036,3710106733.1744385,False,608.830699129978,True,609.66,602.22,0.19753780600790805,574.227281605088,640.712718394912,,
JNK,2026-09-24,93.46,2026-09-25T13:59:06-04:00,55.164849,93.68000030517578,-0.23484234037052243,4.879416581155596,0.29852892814755055,94.01601539611816,94.95303665161133,94.67374600650085,-1.087529077450644,-2.056859200520844,-6.344671382893107,1.9120437402482584,269393440.0856018,False,93.82926476924956,True,93.7,93.425,2.9852343248448543,92.8629421437049,94.05705785629509,,
TLT,2026-09-24,79.065,2026-09-25T14:00:00-04:00,1.164849,79.41999816894531,-0.44698838721973777,5.4524202866744105,0.7511227916266269,84.26386409759522,82.05612686157227,81.35063714119312,-2.9095413129833103,-4.292528377381943,-8.580340559754207,1.8046596404796114,2813674429.0592957,False,79.79555956475862,True,79.46,78.83,5.735785080783029,77.56275441674674,80.56724558325325,,
