symbol,eligible,a_hit5,a_hit10,a_close3,a_down3,b_hit5,b_hit10,b_close3,b_down3,p_hit5,p_hit10,p_close3,p_down3,close,daily_pct,volume_ratio,atr,atr_pct,rsi,ema20,ema50,rs20_qqq_pp,ret20_pct,range_position,high,low,prior_high20,adv20,history_sessions,high_close_pct,max_feature_abs,last,last_at,age_minutes,session,after_hours_change_pct,after_hours_volume,after_hours_high,after_hours_low,regular_quote_at,quote_note,evaluation_score_neighbors,evaluation_score_dates,empirical_hit5,empirical_hit5_dateblock95,model_disagreement,extension_atr
ALAB,True,0.2971557101173074,0.0452873073109896,0.2190016406499404,0.5549690697040495,0.4269714520648807,0.0753902363162593,0.1962066897859778,0.5139714125836816,0.3620635810910941,0.0603387718136245,0.2076041652179591,0.5344702411438655,340.739990234375,12.362733795342118,1.670964592446315,23.26525033935761,6.827860247150566,60.63096102622154,293.7185134266798,302.7135574250469,15.64162986577049,19.570477164183764,0.9347948780485658,343.0,308.3399963378906,321.6499938964844,1038104700.0294496,628,0.6632651964538994,,340.1034,2026-09-21 16:44:03-04:00,6.622921316666666,after_hours,-0.1868258063683958,1217403.0,341.0,320.7098,2026-09-21 16:00:01-04:00,"Vendor latest observation, no executable bid/ask or overnight-session venue feed; after-hours bar volumes and extremes may include late regular-session batches and are not reliable liquidity/support measures",964,363,0.3319502074688796,"[0.2978090925134566, 0.36889102062762735]",0.1298157419475732,2.0211034105293675
AAOI,True,0.2797462631107799,0.0423054973421063,0.2124645830946707,0.5545395550241743,0.3694599282648277,0.0600182697688547,0.1887007626668007,0.469233834634059,0.3246030956878038,0.0511618835554805,0.2005826728807357,0.5118866948291166,108.66999816894533,3.327945289470846,1.1257425609520624,8.881733388529948,8.173123712325676,49.70140684278833,106.72994424768136,115.78591256621895,-16.867480182057303,-12.93863288364403,0.7796744059884172,109.72969818115234,104.91999816894533,133.72000122070312,753094058.1743622,2513,0.9751541640403484,,109.3325,2026-09-21 16:43:48-04:00,6.873948183333334,after_hours,0.6096455711950277,585.0,109.98,108.4001,2026-09-21 16:00:01-04:00,"Vendor latest observation, no executable bid/ask or overnight-session venue feed; after-hours bar volumes and extremes may include late regular-session batches and are not reliable liquidity/support measures",1275,394,0.3113725490196078,"[0.2777503067960878, 0.34573958693896384]",0.0897136651540478,0.2184319024673035
CIFR,True,0.2715533494044276,0.0411571754919567,0.1978239331147266,0.5459243317883047,0.3244228228470571,0.0319890533124012,0.2244581843080586,0.4787377214538432,0.2979880861257423,0.036573114402179,0.2111410587113926,0.5123310266210739,18.899999618530273,3.053432177116777,1.1958193270765691,1.6587289682538835,8.776343924513116,56.1384494472052,17.04095556184688,18.137649110126528,15.956970696734096,19.88581799514737,0.6335074246796952,19.25,18.295000076293945,19.489999771118164,578599275.3749275,1486,1.851853907587242,,18.8044,2026-09-21 16:44:11-04:00,6.499345616666667,after_hours,-0.5058180976709847,,18.95,18.74,2026-09-21 16:00:01-04:00,"Vendor latest observation, no executable bid/ask or overnight-session venue feed; after-hours bar volumes and extremes may include late regular-session batches and are not reliable liquidity/support measures",1405,385,0.3167259786476868,"[0.2835871033798476, 0.35102155194006956]",0.0528694734426294,1.1207642069700994
CRDO,True,0.2324376743261025,0.0386181043508428,0.1856300752309504,0.4740708820066824,0.3408430381703174,0.0440890800454932,0.2234650386365491,0.460968061354764,0.2866403562482099,0.041353592198168,0.2045475569337497,0.4675194716807232,187.27000427246097,6.46995560992778,1.3274443170700965,14.203968531040386,7.584753674899742,48.12443495481039,184.68825542718716,204.033602387715,-22.70839436711376,-18.779547068700488,0.8785662943369571,188.7599945068359,176.49000549316406,244.4600067138672,1468926581.5205383,1166,0.7956374221080198,,186.8,2026-09-21 16:44:04-04:00,6.60684175,after_hours,-0.2509768044737792,1717.0,187.89,185.8,2026-09-21 16:00:01-04:00,"Vendor latest observation, no executable bid/ask or overnight-session venue feed; after-hours bar volumes and extremes may include late regular-session batches and are not reliable liquidity/support measures",1457,398,0.3095401509951956,"[0.27332941409888395, 0.3442123044096728]",0.1084053638442149,0.1817625010666421
UMAC,True,0.2422624990517284,0.0354371926856287,0.1921851111639532,0.5271092840974401,0.3117326764790965,0.0355422704032108,0.2045292462553271,0.5045231338791566,0.2769975877654125,0.0354897315444197,0.1983571787096401,0.5158162089882983,24.25,4.61604694019484,0.7499106335909784,2.0384128525655956,8.405826196146785,50.69993717945578,23.960739260622827,23.58362807461844,-15.521994472296996,-11.593147173883722,0.4757276159824598,24.790000915527344,23.760000228881836,28.010000228881836,71715067.51542091,652,2.2268078990818285,,24.31,2026-09-21 16:10:00-04:00,40.67910051666667,after_hours,0.2474226804123569,85785.0,24.52,24.24,2026-09-21 16:00:00-04:00,"Vendor latest observation, no executable bid/ask or overnight-session venue feed; after-hours bar volumes and extremes may include late regular-session batches and are not reliable liquidity/support measures",1545,398,0.2925566343042071,"[0.2587793043221569, 0.32683113728205204]",0.069470177427368,0.1419048839949683
NBIS,True,0.243644074044258,0.0319025955609382,0.1944797579057866,0.539845001528157,0.3076979795904812,0.0450126776336259,0.1622675505027687,0.4365344520978423,0.2756710268173696,0.0384576365972821,0.1783736542042776,0.4881897268129996,232.8000030517578,4.142439851365709,1.155125070203482,17.237577221074847,7.4044574721257455,55.37009466197296,220.31614795748803,217.16668704749648,2.3094577553632867,6.2383050537765605,0.690275958711521,237.9600067138672,221.3000030517578,254.7400054931641,3296784265.887375,480,2.216496389375977,,232.6,2026-09-21 16:43:42-04:00,6.976947083333333,after_hours,-0.0859119626872795,,233.38,232.01,2026-09-21 16:00:00-04:00,"Vendor latest observation, no executable bid/ask or overnight-session venue feed; after-hours bar volumes and extremes may include late regular-session batches and are not reliable liquidity/support measures",1552,401,0.2957474226804124,"[0.262509975373814, 0.3293712428791741]",0.064053905546223,0.724223302043102
ARM,True,0.2279051868047537,0.0310962358067317,0.1701055902105971,0.4613779185990744,0.2971930094341411,0.0418856120112925,0.1755452167418657,0.4178720102233699,0.2625490981194474,0.0364909239090121,0.1728254034762315,0.4396249644112222,322.8999938964844,17.158307412048114,3.149495557121496,18.8335264705409,5.832619023392912,69.48875557912615,261.3480198208133,265.60090310538055,28.777047891794805,32.70589519020808,0.9594591675421972,324.1600036621094,293.0799865722656,275.7799987792969,1023762443.8095856,757,0.3902167201740303,,321.4267,2026-09-21 16:44:07-04:00,6.558858933333334,after_hours,-0.4562694098274589,2172.0,323.89,321.02,2026-09-21 16:00:01-04:00,"Vendor latest observation, no executable bid/ask or overnight-session venue feed; after-hours bar volumes and extremes may include late regular-session batches and are not reliable liquidity/support measures",1655,408,0.2694864048338368,"[0.23651723054641494, 0.30188247538264307]",0.0692878226293874,3.268212895335862
ACMR,True,0.2226481198466475,0.0323193005163117,0.1774121993851989,0.4592147950772691,0.2933147963296249,0.0434701642905863,0.1775633577169165,0.4357818055353487,0.2579814580881362,0.037894732403449,0.1774877785510577,0.4474983003063089,72.7699966430664,6.218062142758418,1.6367404604971478,4.823165268387304,6.627958624273016,48.587813492273554,72.19090595133483,76.86844375748635,-12.290523048103818,-8.361675749690544,0.7741918723731238,73.4000015258789,70.61000061035156,83.5,60751873.52008819,2231,0.8657481268037559,,72.8,2026-09-21 16:37:33-04:00,13.126108,after_hours,0.0412303948298387,,74.0,71.5,2026-09-21 16:00:01-04:00,"Vendor latest observation, no executable bid/ask or overnight-session venue feed; after-hours bar volumes and extremes may include late regular-session batches and are not reliable liquidity/support measures",1698,415,0.2638398115429917,"[0.23206171107994392, 0.2954050423520026]",0.0706666764829774,0.1200644513525465
VICR,True,0.2171113230069106,0.0298593156218018,0.1745513574988678,0.4661779706927816,0.293365039504593,0.0367464128664431,0.2038635701407693,0.4742872561479023,0.2552381812557518,0.0333028642441224,0.1892074638198185,0.4702326134203419,223.8999938964844,0.5298099269548606,1.303394847725212,15.581718064695702,6.9592311252583565,58.56856872843387,200.71172390355343,215.54721342556417,7.719702313843491,11.648549612256764,0.0655385493837615,232.7400054931641,223.27999877929688,223.8699951171875,146386669.9938202,2513,3.948196443795649,,250.52,2026-09-21 16:44:06-04:00,6.5751047499999995,after_hours,11.889239316291732,134468.0,254.72,223.9,2026-09-21 16:00:00-04:00,"Vendor latest observation, no executable bid/ask or overnight-session venue feed; after-hours bar volumes and extremes may include late regular-session batches and are not reliable liquidity/support measures",1727,416,0.2617255356108859,"[0.2289156626506024, 0.29607655488237794]",0.0762537164976823,1.4881715800948674
SNDK,True,0.2044053920511021,0.0227862846324218,0.1751714090182545,0.5122675150165302,0.2948106760654907,0.0423014707605454,0.1625590865156782,0.4713955026305947,0.2496080340582964,0.0325438776964836,0.1688652477669663,0.4918315088235624,1766.6400146484375,-1.40527131047814,0.95722272518869,115.20845344004974,6.521331594709537,59.76565866367458,1615.2319696805184,1568.2110162056222,6.757337810718322,10.686185109131596,0.3039590259906957,1834.489990234375,1737.0101318359375,1807.3800048828125,17224574474.401245,402,3.8406225956248097,,1760.8522,2026-09-21 16:44:06-04:00,6.572641566666666,after_hours,-0.3276170923587562,435350.0,1807.66,1760.52,2026-09-21 16:00:00-04:00,"Vendor latest observation, no executable bid/ask or overnight-session venue feed; after-hours bar volumes and extremes may include late regular-session batches and are not reliable liquidity/support measures",1767,417,0.2495755517826825,"[0.22043584880724018, 0.28201916215521916]",0.0904052840143885,1.3142095084776593
BE,True,0.1743504310508627,0.0207609413482581,0.1507135782215034,0.4558863763962321,0.246508747012588,0.0278916835828405,0.1607015411015694,0.4004636682591075,0.2104295890317253,0.0243263124655493,0.1557075596615364,0.4281750223276698,272.8900146484375,2.7331286496899754,0.8739723239847224,18.794355601984364,6.887154015582804,59.58475259947302,251.15710437444005,240.6707558323062,31.53405604357593,35.462903341989204,0.452525400726259,282.0,265.3599853515625,288.0,4070051935.44754,2050,3.338335909175294,,272.24,2026-09-21 16:43:05-04:00,7.594017916666667,after_hours,-0.2381965676812703,748442.0,274.5504,272.01,2026-09-21 16:00:03-04:00,"Vendor latest observation, no executable bid/ask or overnight-session venue feed; after-hours bar volumes and extremes may include late regular-session batches and are not reliable liquidity/support measures",2262,423,0.2382847038019452,"[0.21083786871994675, 0.2677466692669499]",0.0721583159617253,1.1563530420645454
SMTC,True,0.153695848615956,0.0166031236140903,0.1362540259585917,0.4809678250703496,0.2582511406501128,0.023300324266764,0.1950359692744351,0.5507383244552109,0.2059734946330343,0.0199517239404271,0.1656449976165134,0.5158530747627802,177.3699951171875,-4.124326963682434,1.231222228255759,11.882994368968031,6.699551613065669,62.57421793828421,155.52674546547794,144.5490467269785,39.007731274945854,42.93657857335913,0.0904724055345806,190.63999938964844,176.0500030517578,185.4600067138672,563183639.0553284,2513,7.481538387422027,,177.01,2026-09-21 16:43:57-04:00,6.724960416666667,after_hours,-0.2029628049263099,523516.0,178.2,176.1,2026-09-21 16:00:00-04:00,"Vendor latest observation, no executable bid/ask or overnight-session venue feed; after-hours bar volumes and extremes may include late regular-session batches and are not reliable liquidity/support measures",2361,423,0.2354934349851757,"[0.20941049801112188, 0.2646004739539949]",0.1045552920341567,1.838194058961463
CRWV,True,0.16492923900557,0.0254343128344067,0.1423320362826802,0.3948036857676638,0.2357999501689112,0.0264926005812377,0.1692068689783211,0.4090478976107763,0.2003645945872406,0.0259634567078222,0.1557694526305006,0.40192579168922,85.43000030517578,5.002457797801907,1.526281755464309,5.831033886575281,6.8255107874815355,48.725226396811685,86.09189635565393,88.20921501368144,-6.683540765662677,-2.754693467249403,0.7124803841453272,87.25,80.91999816894531,104.58999633789062,2223911675.8106613,372,2.1303987923712464,,85.6,2026-09-21 16:44:11-04:00,6.4937382,after_hours,0.1989929699367065,396385.0,85.64,85.17,2026-09-21 16:00:01-04:00,"Vendor latest observation, no executable bid/ask or overnight-session venue feed; after-hours bar volumes and extremes may include late regular-session batches and are not reliable liquidity/support measures",2461,424,0.2308004876066639,"[0.20659748930089283, 0.2582226685075938]",0.0708707111633412,-0.1135126400143246
FSLY,True,0.1711952546102435,0.0245137349211366,0.1418627080263404,0.4168773109248584,0.2289148614294043,0.0229061172741813,0.1677109226877214,0.5155237534347327,0.2000550580198239,0.023709926097659,0.1547868153570309,0.4662005321797955,27.420000076293945,14.920366198137858,1.945378818126874,2.100072806545652,7.658908828236208,62.85958552406852,23.7737573440396,23.02605569053502,5.970949245975654,9.899796544388929,0.8510882811882106,28.06999969482422,23.704999923706055,25.75,116162787.9091835,1846,2.3705310602541996,,27.47,2026-09-21 16:43:55-04:00,6.76544765,after_hours,0.1823483718706553,,27.72,27.0,2026-09-21 16:00:01-04:00,"Vendor latest observation, no executable bid/ask or overnight-session venue feed; after-hours bar volumes and extremes may include late regular-session batches and are not reliable liquidity/support measures",2473,424,0.2312980186008896,"[0.2068153943339978, 0.2577243865706794]",0.0577196068191608,1.7362458677096746
LUNR,True,0.1569550007910284,0.0255821270632736,0.136515238662721,0.3357291028993149,0.2337615529586027,0.0263350766399676,0.1773147620834481,0.4336149560475651,0.1953582768748155,0.0259586018516206,0.1569150003730846,0.38467202947344,15.720000267028809,12.931035782106791,1.7565475917308393,1.0888072543730252,6.926254681157315,52.41406729476987,15.060717639373747,16.49867291789929,-18.12098414943061,-14.192136851017334,0.9741952432573436,15.760000228881836,14.20989990234375,18.979999542236328,99124381.8709898,1214,0.254452679221151,,15.72,2026-09-21 16:43:17-04:00,7.394996333333333,after_hours,-1.6986565154475386e-06,4242.0,15.79,15.69,2026-09-21 16:00:01-04:00,"Vendor latest observation, no executable bid/ask or overnight-session venue feed; after-hours bar volumes and extremes may include late regular-session batches and are not reliable liquidity/support measures",2551,427,0.2226577812622501,"[0.19744137979354476, 0.2480799368955823]",0.0768065521675742,0.6055090329414626
NVTS,True,0.160363893535395,0.0214450330134368,0.1467840123486584,0.3614403260139746,0.2246549083826673,0.0308532455254482,0.1617991066430419,0.3489879044617236,0.1925094009590311,0.0261491392694425,0.1542915594958502,0.355214115237849,12.15999984741211,6.386697486838799,0.893525557947593,0.8333962750907251,6.853587874576236,52.04938186430133,11.661403411317554,12.84475972198418,-10.174031592478483,-6.24518429406521,0.6199989318847656,12.350000381469728,11.850000381469728,13.4399995803833,140422041.634202,1234,1.5625044115280318,,12.15,2026-09-21 16:43:44-04:00,6.94305285,after_hours,-0.0822355883025593,1268506.0,12.3,12.12,2026-09-21 16:00:00-04:00,"Vendor latest observation, no executable bid/ask or overnight-session venue feed; after-hours bar volumes and extremes may include late regular-session batches and are not reliable liquidity/support measures",2602,427,0.2179093005380476,"[0.1943380856887744, 0.24138601284326366]",0.0642910148472722,0.5982705358747578
RCAT,True,0.1476950310764803,0.0245535195692033,0.1314411610458117,0.352319680683873,0.2367934063297881,0.0256188057128262,0.1973589567241419,0.4057621513958973,0.1922442187031342,0.0250861626410148,0.1644000588849768,0.3790409160398851,6.949999809265137,2.9629601372612946,1.4452932657957334,0.5718306940558675,8.227779996390106,34.1884716571855,8.023088642473017,8.745097932977972,-31.683526176341083,-27.75467887792781,0.4193537470947537,7.130000114440918,6.820000171661377,10.038000106811523,62356772.52840996,2513,2.589932519650162,,6.98,2026-09-21 16:44:06-04:00,6.578788383333333,after_hours,0.431657432491872,,6.98,6.9201,2026-09-21 16:00:01-04:00,"Vendor latest observation, no executable bid/ask or overnight-session venue feed; after-hours bar volumes and extremes may include late regular-session batches and are not reliable liquidity/support measures",2612,427,0.2178407350689127,"[0.19392633451957295, 0.2419185344522305]",0.0890983752533078,-1.8765848779412315
COHR,True,0.1530133525127301,0.018764116484201,0.1384103380027542,0.4303785268568214,0.2136252600314918,0.0241255643550274,0.1666678779537946,0.3912637563247081,0.183319306272111,0.0214448404196142,0.1525391079782744,0.4108211415907647,321.5199890136719,1.3108154317252874,1.1986665556415457,22.521706873545067,7.004761023610071,57.10984057928763,295.4731025025083,303.82607662629727,7.123930131226963,11.052777429640235,0.3010777564608961,332.8599853515625,316.635009765625,318.45001220703125,1765466813.2331848,2513,3.5269957468829105,,321.14,2026-09-21 16:42:03-04:00,8.623802416666667,after_hours,-0.11818519117196,557097.0,323.0,320.01,2026-09-21 16:00:02-04:00,"Vendor latest observation, no executable bid/ask or overnight-session venue feed; after-hours bar volumes and extremes may include late regular-session batches and are not reliable liquidity/support measures",2799,426,0.2129331904251518,"[0.18993412520156083, 0.23655568480593087]",0.0606119075187616,1.156523644385023
INTC,True,0.1588237949698707,0.0178106959318888,0.1383286558849794,0.3876256808939996,0.2025051128316237,0.0251925729611984,0.1468306272723711,0.3519243089551835,0.1806644539007472,0.0215016344465436,0.1425796415786752,0.3697749949245915,121.77999877929688,12.136280377864384,1.9225173238587387,6.576319261831507,5.400163678560908,70.91595084419507,101.36615375502784,100.1307480492569,31.277102731466467,35.20595002987974,0.6991936840400215,124.72699737548828,114.93000030517578,111.37000274658205,9540042184.801178,2513,2.419936463895267,,121.6205,2026-09-21 16:44:09-04:00,6.525250533333334,after_hours,-0.1309728862667558,11877213.0,122.18,121.38,2026-09-21 16:00:01-04:00,"Vendor latest observation, no executable bid/ask or overnight-session venue feed; after-hours bar volumes and extremes may include late regular-session batches and are not reliable liquidity/support measures",2869,427,0.2119205298013245,"[0.18864621436357448, 0.23522141810243827]",0.0436813178617529,3.104144463111689
ASTS,True,0.1445689816398657,0.0226487094060803,0.1297629107503885,0.3458578469234588,0.2143061459127108,0.024296506066703,0.1652634099352724,0.3771009179072604,0.1794375637762883,0.0234726077363916,0.1475131603428304,0.3614793824153596,61.88999938964844,5.758713098980639,1.0681886453306375,4.2209329823701704,6.820056590719813,49.1622089438744,61.65141522968742,65.56211128153357,-13.77590044623026,-9.847053147816986,0.8469051246175983,62.36000061035156,59.290000915527344,70.0999984741211,601423001.2754822,1729,0.7594138396157968,,61.801,2026-09-21 16:43:07-04:00,7.561524133333333,after_hours,-0.1438025376088836,678877.0,62.09,61.53,2026-09-21 16:00:01-04:00,"Vendor latest observation, no executable bid/ask or overnight-session venue feed; after-hours bar volumes and extremes may include late regular-session batches and are not reliable liquidity/support measures",2886,427,0.2127512127512127,"[0.18914640230825955, 0.23566111994495118]",0.069737164272845,0.0565240341312036
ONTO,True,0.1446693815224922,0.0189432650926275,0.1370865169759613,0.3610778094821755,0.2061157889744439,0.0278881435181115,0.1489085102666121,0.3417958140137624,0.175392585248468,0.0234157043053695,0.1429975136212867,0.3514368117479689,275.9800109863281,4.764081030816003,0.8826502160502215,17.287592612050577,6.264074180686584,51.0187258579764,269.36072726816616,279.4431053444128,-9.843679187468402,-5.914831889055128,0.8692220620464953,277.1400146484375,268.2699890136719,305.7349853515625,246575462.45628357,1733,0.4203216232812057,,275.98,2026-09-21 16:05:16-04:00,45.40785826666667,after_hours,-3.980841967177184e-06,87026.0,275.98,275.98,2026-09-21 16:00:02-04:00,"Vendor latest observation, no executable bid/ask or overnight-session venue feed; after-hours bar volumes and extremes may include late regular-session batches and are not reliable liquidity/support measures",2989,428,0.2104382736701238,"[0.18801074484891658, 0.23241091105863831]",0.0614464074519517,0.3828921624140943
MSTR,True,0.1521063185257136,0.0195350170013244,0.1326788264573562,0.3412143045190657,0.1929468405769372,0.0221541511349554,0.1605246025414598,0.3212185869658904,0.1725265795513254,0.0208445840681399,0.146601714499408,0.331216445742478,168.5,9.472454524753449,1.4780476608754838,9.796831349663714,5.814143234221788,70.90371393983538,132.86524966319868,122.37351664224114,37.37094305798085,41.299790356394126,0.7979796734308869,169.5,164.5500030517578,154.02000427246094,3684927414.6447377,2513,0.5934718100890191,,169.59,2026-09-21 16:44:13-04:00,6.465593350000001,after_hours,0.6468842729970392,,170.4,168.0,2026-09-21 16:00:00-04:00,"Vendor latest observation, no executable bid/ask or overnight-session venue feed; after-hours bar volumes and extremes may include late regular-session batches and are not reliable liquidity/support measures",3032,429,0.20844327176781,"[0.1862161074748445, 0.22874003930341957]",0.0408405220512235,3.637375092511367
WULF,True,0.1428725738011158,0.0192408700417665,0.130451283716119,0.3475082094034875,0.2004392926371505,0.0213463445933619,0.171058423524838,0.352345989015991,0.1716559332191332,0.0202936073175642,0.1507548536204785,0.3499270992097393,17.450000762939453,2.5867168026872056,0.8376191758319694,1.2123016353767937,6.947287005004012,54.33971840529437,16.361581536498967,17.534284259968835,7.644045156090096,11.57289245450337,0.6400019327799479,17.719999313354492,16.969999313354492,18.079999923706055,470545244.7824144,2513,1.5472695622367194,,17.451,2026-09-21 16:44:00-04:00,6.682829916666666,after_hours,0.0057262866295593,1210433.0,17.62,17.36,2026-09-21 16:00:00-04:00,"Vendor latest observation, no executable bid/ask or overnight-session venue feed; after-hours bar volumes and extremes may include late regular-session batches and are not reliable liquidity/support measures",3064,429,0.2072454308093994,"[0.1855866948092558, 0.2271103905239697]",0.0575667188360347,0.897812223194928
IREN,True,0.1299700734545907,0.0159317147949888,0.1261767785128717,0.3659199632747889,0.2022600624601874,0.0244176390241343,0.1450886091579566,0.357627260414337,0.166115067957389,0.0201746769095615,0.1356326938354141,0.3617736118445629,47.22999954223633,1.1782331479538666,0.9872219319593036,3.10240824077274,6.56872384256187,60.12008863458088,43.06491687962309,42.89643165921372,8.84574281064534,12.774590109058614,0.3503580405752481,48.76900100708008,46.400001525878906,49.290000915527344,1712971772.8032875,1214,3.2585252588611,,47.34,2026-09-21 16:44:03-04:00,6.627205983333334,after_hours,0.2329037874863937,895718.0,47.45,47.21,2026-09-21 16:00:01-04:00,"Vendor latest observation, no executable bid/ask or overnight-session venue feed; after-hours bar volumes and extremes may include late regular-session batches and are not reliable liquidity/support measures",3245,428,0.2003081664098613,"[0.17982593019676577, 0.22054493931637845]",0.0722899890055967,1.3425321038909466
LITE,True,0.1263530310187496,0.0157097468746144,0.1235193821871735,0.4015361052945919,0.1934520805204593,0.0199953805909121,0.1595787772314134,0.4130878192436515,0.1599025557696045,0.0178525637327632,0.1415490797092934,0.4073119622691217,954.489990234375,2.533007247757002,1.0726336291738183,66.15107593631724,6.9305154179850375,55.91474367970884,900.366549650089,870.7630185190848,6.199103923603189,10.127951222016463,0.2264959285312553,983.4498901367188,946.010009765625,1026.760009765625,3962769387.2338862,2513,3.034070571576408,,957.0,2026-09-21 16:43:27-04:00,7.223656216666667,after_hours,0.2629686839364931,365375.0,958.66,952.965,2026-09-21 16:00:01-04:00,"Vendor latest observation, no executable bid/ask or overnight-session venue feed; after-hours bar volumes and extremes may include late regular-session batches and are not reliable liquidity/support measures",3401,428,0.1881799470743899,"[0.16888703761311105, 0.2071036483515767]",0.0670990495017097,0.8181792936578972
WDC,True,0.1234270264711096,0.0153729969056043,0.121985461531063,0.3429222926065493,0.1672812269614544,0.0202875771052662,0.1472669471760683,0.3440651242731507,0.145354126716282,0.0178302870054353,0.1346262043535656,0.34349370843985,448.1700134277344,1.5429645419140936,1.18978864533442,28.216858938688624,6.296016710907964,47.60904358578644,450.1199128286641,473.86302614594325,-6.35051907612052,-2.421671777707246,0.4710160214790287,460.489990234375,437.2001037597656,495.489990234375,2770435771.296997,2513,2.748951611557815,,447.3001,2026-09-21 16:44:05-04:00,6.589892633333333,after_hours,-0.1941034432627608,1365832.0,449.51,445.66,2026-09-21 16:00:00-04:00,"Vendor latest observation, no executable bid/ask or overnight-session venue feed; after-hours bar volumes and extremes may include late regular-session batches and are not reliable liquidity/support measures",3925,429,0.18828025477707,"[0.1697487751485458, 0.2067141153152778]",0.0438542004903447,-0.0691040560243288
CIEN,True,0.1195272487302634,0.0159041657093859,0.1159514907698995,0.3276136237995899,0.1662797638456942,0.0181786496635043,0.1588101674992262,0.3414971032467485,0.1429035062879788,0.0170414076864451,0.1373808291345628,0.3345553635231693,365.9599914550781,4.919725992735624,1.0662554233266852,25.75531037323767,7.037739363484261,50.759335103608215,356.22061108309975,384.2351622812646,-11.465676537612746,-7.536829239199472,0.8512542009510762,367.6199951171875,356.4599914550781,418.7200012207031,915161514.0963744,2513,0.4536024977782604,,366.24,2026-09-21 16:42:57-04:00,7.725394116666666,after_hours,0.0765134308284842,217698.0,367.02,362.653,2026-09-21 16:00:02-04:00,"Vendor latest observation, no executable bid/ask or overnight-session venue feed; after-hours bar volumes and extremes may include late regular-session batches and are not reliable liquidity/support measures",4053,429,0.1889958055761164,"[0.17056784937673558, 0.20808339472222934]",0.0467525151154307,0.3781503787311589
PL,True,0.1076838147263676,0.0162283220798804,0.1132172526132417,0.2700178340337233,0.1726789512388463,0.0249045382032844,0.1550837369854358,0.2866726052438789,0.140181382982607,0.0205664301415824,0.1341504947993387,0.2783452196388011,17.06999969482422,3.9585847473210256,0.7874610972920035,1.1313079404426565,6.62746315564188,35.80735077558887,18.273979788829777,21.551749176877102,-27.34742516427079,-23.418577865857515,0.7264955592941821,17.229999542236328,16.645000457763672,22.959999084472656,201321416.05039597,1358,0.9373160531492176,,17.1046,2026-09-21 16:43:46-04:00,6.9119679666666665,after_hours,0.2026965775885347,695957.0,17.15,17.0353,2026-09-21 16:00:03-04:00,"Vendor latest observation, no executable bid/ask or overnight-session venue feed; after-hours bar volumes and extremes may include late regular-session batches and are not reliable liquidity/support measures",4167,429,0.1852651787856971,"[0.16690193965517242, 0.20452902226007447]",0.0649951365124787,-1.0642372876252095
ABCL,True,0.0964484585337474,0.0113614418959,0.1008320088490344,0.3604457650113566,0.1833232744587903,0.0179427736291246,0.1573437611667607,0.478902620363215,0.1398858664962688,0.0146521077625123,0.1290878850078975,0.4196741926872858,12.65999984741211,0.2375275748168093,0.9219212466116732,0.7280365140333876,5.75068343450422,66.81546531523365,11.404388254497556,9.830134732043248,7.908610199050892,11.837457497464165,0.4894647329347345,12.899900436401367,12.43000030517578,13.18000030517578,55784201.54387474,1449,1.8949493829440776,,12.56,2026-09-21 16:37:45-04:00,12.934199666666666,after_hours,-0.7898882197265644,6512.0,12.68,12.56,2026-09-21 16:00:01-04:00,"Vendor latest observation, no executable bid/ask or overnight-session venue feed; after-hours bar volumes and extremes may include late regular-session batches and are not reliable liquidity/support measures",4192,429,0.1846374045801526,"[0.16612750318339947, 0.2036084264611359]",0.0868748159250428,1.7246546961749951
MRVL,True,0.1148837987487213,0.0124986701859348,0.1170421815838857,0.3560779674737303,0.1639738702740012,0.0187620668371218,0.1346055731100215,0.3325376554174647,0.1394288345113613,0.0156303685115283,0.1258238773469536,0.3443078114455975,257.3800048828125,5.375641712512791,0.9477699531308372,14.680320789820334,5.703753404039455,62.41676106504368,230.34455526982504,224.46449261405635,4.65198807653846,8.580835374951734,0.765142798942258,261.17999267578125,245.0,254.6000061035156,5061320783.178406,2513,1.4764114231402337,,256.18,2026-09-21 16:44:09-04:00,6.522789066666666,after_hours,-0.4662385811045721,4192.0,257.74,256.05,2026-09-21 16:00:01-04:00,"Vendor latest observation, no executable bid/ask or overnight-session venue feed; after-hours bar volumes and extremes may include late regular-session batches and are not reliable liquidity/support measures",4223,429,0.1839924224484963,"[0.16532927081025903, 0.20275054071924062]",0.0490900715252798,1.8416116377875376
RDW,True,0.114427200700136,0.0151209961803749,0.112892806301891,0.3255198678840246,0.1545675322389886,0.0172048742637504,0.1382112894140933,0.3246089513333025,0.1344973664695623,0.0161629352220626,0.1255520478579922,0.3250644096086635,11.600000381469728,8.007454643195278,1.1745328847134813,0.777112050351601,6.699241593069159,54.68269242744578,11.043834546858916,11.279412521261662,-7.423024172779935,-3.4941768743666612,0.8582474261962544,11.69909954071045,11.0,12.324999809265137,129194061.56004427,1427,0.8543030688087594,,11.57,2026-09-21 16:40:16-04:00,10.411816616666666,after_hours,-0.2586239696823589,1213617.0,11.6509,11.5125,2026-09-21 16:00:02-04:00,"Vendor latest observation, no executable bid/ask or overnight-session venue feed; after-hours bar volumes and extremes may include late regular-session batches and are not reliable liquidity/support measures",4440,428,0.1756756756756756,"[0.15886319676455074, 0.19409305903127605]",0.0401403315388525,0.7156829370477216
TER,True,0.1097837251395927,0.0139562096508813,0.110588274376599,0.3286019432161098,0.1591694948222861,0.0192732821160893,0.1352979734257294,0.3192733752308141,0.1344766099809394,0.0166147458834853,0.1229431239011642,0.3239376592234619,381.5400085449219,2.7108534447269683,1.3317943991323382,21.13150655794024,5.5384772460768685,54.883590736289655,362.2379475728745,367.1916447018731,-2.346213266536834,1.5826340318764398,0.7571032548501971,384.9599914550781,370.8800048828125,385.6799926757813,898034648.7843323,2513,0.8963628541077684,,381.54,2026-09-21 16:43:20-04:00,7.34148195,after_hours,-2.2395873711111847e-06,837099.0,383.0,379.23,2026-09-21 16:00:00-04:00,"Vendor latest observation, no executable bid/ask or overnight-session venue feed; after-hours bar volumes and extremes may include late regular-session batches and are not reliable liquidity/support measures",4440,428,0.1756756756756756,"[0.15886319676455074, 0.19409305903127605]",0.0493857696826934,0.9134256906445972
LRCX,True,0.1114524964424838,0.0148426181378925,0.1133645685798498,0.3043143964805452,0.1573733832023472,0.0207951746107695,0.1311635727700311,0.3051085935212322,0.1344129398224155,0.017818896374331,0.1222640706749405,0.3047114950008888,302.2799987792969,4.918265297345936,1.324203961091262,15.943485137800904,5.274409554778942,51.35834963792336,295.35936690541524,305.83462369333273,-7.66133176360535,-3.732484465192076,0.7821083072195063,305.69000244140625,290.0400085449219,322.2099914550781,2497880317.578888,2513,1.1280943747121963,,302.28,2026-09-21 16:44:04-04:00,6.607574716666666,after_hours,4.0383190125226065e-07,2597024.0,303.893,301.28,2026-09-21 16:00:00-04:00,"Vendor latest observation, no executable bid/ask or overnight-session venue feed; after-hours bar volumes and extremes may include late regular-session batches and are not reliable liquidity/support measures",4446,428,0.1747638326585695,"[0.15800226030868003, 0.19295187160837757]",0.0459208867598633,0.4340727145957123
IOVA,True,0.0973586771520903,0.0104695538691644,0.1000694811990064,0.3790463544990766,0.1672481568667826,0.0244131556602261,0.1339574609152305,0.4096268547413501,0.1323034170094364,0.0174413547646953,0.1170134710571184,0.3943366046202133,10.1899995803833,-0.5853699474799967,0.9382414481362256,0.5551513036421645,5.448001241441487,74.34692433333595,8.826299147829912,7.371524835240699,18.990327940105956,22.91917523851923,0.262294569377392,10.640000343322754,10.029999732971191,10.979999542236328,123425177.54236698,2513,4.416101879000522,,10.1,2026-09-21 16:39:42-04:00,10.984059366666663,after_hours,-0.8832147604457052,,10.24,10.07,2026-09-21 16:00:01-04:00,"Vendor latest observation, no executable bid/ask or overnight-session venue feed; after-hours bar volumes and extremes may include late regular-session batches and are not reliable liquidity/support measures",4574,428,0.1720594665500656,"[0.15531972249395853, 0.19026603038324913]",0.0698894797146922,2.4564482216048127
TSEM,True,0.1034466101895281,0.0132667344415503,0.1083222475834787,0.3175039993440724,0.1590727114475073,0.0185563722594032,0.1405531198678796,0.3077948677592639,0.1312596608185177,0.0159115533504767,0.1244376837256792,0.3126494335516682,233.82000732421875,4.570662317411456,1.2589074533424491,13.80169856591039,5.902702135652884,56.83807754190904,216.24826657054209,223.66574614079627,1.1163079965627931,5.045155294976067,0.6124372563697305,239.9900054931641,224.07000732421875,229.7899932861328,378225496.6088104,2513,2.6387811032739794,,233.51,2026-09-21 16:42:31-04:00,8.1595858,after_hours,-0.1325837458335588,473644.0,235.0,231.1472,2026-09-21 16:00:00-04:00,"Vendor latest observation, no executable bid/ask or overnight-session venue feed; after-hours bar volumes and extremes may include late regular-session batches and are not reliable liquidity/support measures",4644,428,0.1709732988802756,"[0.1540292691050917, 0.1882578559036134]",0.0556261012579791,1.2731578413890408
AMD,True,0.1065713177250022,0.0117408529428945,0.1045037202636393,0.3204442387229683,0.1470346549759032,0.0182037270344723,0.1161642744645318,0.3044326996270063,0.1268029863504527,0.0149722899886834,0.1103339973640856,0.3124384691749873,615.52001953125,9.949628716069212,2.304983398292733,26.35153273474192,4.281182073462039,72.96287920422287,513.3544488073378,496.5089764672576,26.133491746753123,30.062339045166397,0.9662896236605868,616.6799926757812,582.27001953125,559.9099731445312,9481217018.10913,2513,0.188454170087704,,614.305,2026-09-21 16:44:07-04:00,6.555701233333334,after_hours,-0.1973972401702495,153.0,616.69,607.49,2026-09-21 16:00:01-04:00,"Vendor latest observation, no executable bid/ask or overnight-session venue feed; after-hours bar volumes and extremes may include late regular-session batches and are not reliable liquidity/support measures",4890,428,0.1623721881390593,"[0.14681307161684468, 0.1786634670462846]",0.0404633372509009,3.8770257408676985
TEM,True,0.0951665294645545,0.0105314020140384,0.1014382063655019,0.3485867600210924,0.1529759439930171,0.0138307239553719,0.1537395656361934,0.3437302870445065,0.1240712367287858,0.0121810629847052,0.1275888860008477,0.3461585235327994,78.02999877929688,0.2440935898576857,0.7305607893467319,4.811709371456856,6.166486539448097,67.9775621582262,66.81494577344121,60.77542141410127,3.4174123776612664,7.34625967607454,0.2880038758741515,80.25,77.13200378417969,81.83000183105469,525641986.24393463,568,2.8450612013749543,,77.9501,2026-09-21 16:44:01-04:00,6.6669674,after_hours,-0.1023949513607624,233069.0,78.4,77.89,2026-09-21 16:00:00-04:00,"Vendor latest observation, no executable bid/ask or overnight-session venue feed; after-hours bar volumes and extremes may include late regular-session batches and are not reliable liquidity/support measures",5060,428,0.158498023715415,"[0.14262557901131445, 0.17488526662607382]",0.0578094145284625,2.330783540748233
AMAT,True,0.1009994466607746,0.013368853037628,0.1067754667306774,0.2746556194872143,0.1388792035725735,0.0195464888202272,0.1236192018069979,0.2778879532125298,0.1199393251166741,0.0164576709289276,0.1151973342688376,0.276271786349872,464.239990234375,4.424496161706015,1.4112461473775164,21.797383154995828,4.695283390815009,49.74140767469668,456.0838032816976,483.1218511155093,-9.632458094663445,-5.703610796250169,0.7306832814602232,468.510009765625,452.6549987792969,503.5,2936619160.478821,2513,0.91978709742222,,464.1,2026-09-21 16:44:09-04:00,6.524095816666667,after_hours,-0.0301547125021062,455046.0,465.5,461.95,2026-09-21 16:00:01-04:00,"Vendor latest observation, no executable bid/ask or overnight-session venue feed; after-hours bar volumes and extremes may include late regular-session batches and are not reliable liquidity/support measures",5340,427,0.1580524344569288,"[0.14248561893364603, 0.17543572180991865]",0.0378797569117989,0.3741819325136786
FN,True,0.0944187330046458,0.0129988729221136,0.1024429413073521,0.2659777473619251,0.1420526517668784,0.0190065408164937,0.1347267146387002,0.2746960321716117,0.1182356923857621,0.0160027068693036,0.1185848279730261,0.2703368897667684,401.5700073242187,3.3509252194823036,0.7696972848064703,24.492483704891104,6.0991815270497565,43.671484283034125,413.6862024403403,458.5346075078742,-11.966955028319129,-8.038107729905853,0.6714397393504153,405.7000122070313,393.1300048828125,453.94000244140625,353288870.5470276,2513,1.0284644787921238,,401.57,2026-09-21 16:05:00-04:00,45.67667363333333,after_hours,-1.8238958676697337e-06,56769.0,403.8427,400.09,2026-09-21 16:00:02-04:00,"Vendor latest observation, no executable bid/ask or overnight-session venue feed; after-hours bar volumes and extremes may include late regular-session batches and are not reliable liquidity/support measures",5462,427,0.1554375686561699,"[0.14024854976020937, 0.1721307110546931]",0.0476339187622325,-0.4946903410086572
STX,True,0.089058916441585,0.0101465460639096,0.1001721974971112,0.2884896778579101,0.1266113580440056,0.0141148661195277,0.131057770869478,0.3216079348044814,0.1078351372427953,0.0121307060917187,0.1156149841832946,0.3050488063311958,877.3250122070312,2.158273227904073,1.158661290166077,52.334795958393464,5.9652688832771465,55.04095277867026,837.1243454157506,840.9607894170133,-0.7141399799390102,3.2147073184742636,0.2906725538850214,914.8200073242188,861.9600830078125,925.4400024414062,3001405930.693054,2513,4.273786179065353,,875.25,2026-09-21 16:43:46-04:00,6.90670575,after_hours,-0.2365157926834116,,877.33,871.0,2026-09-21 16:00:00-04:00,"Vendor latest observation, no executable bid/ask or overnight-session venue feed; after-hours bar volumes and extremes may include late regular-session batches and are not reliable liquidity/support measures",6345,427,0.1442080378250591,"[0.1299312766185363, 0.15995592972306805]",0.0375524416024206,0.7681441391926036
KLAC,True,0.0888375757460415,0.0116961025825763,0.0981375154004367,0.2496407184171131,0.1250629104060426,0.0185949067438606,0.1162626610676635,0.2459359642998526,0.1069502430760421,0.0151455046632184,0.1072000882340501,0.2477883413584828,183.97000122070312,3.9437230978608406,0.975979720154933,8.54654274131985,4.645617592330625,51.4716114531117,179.28801473939112,189.28610889755643,-3.939719776191253,-0.0108724777779789,0.7418086553075754,185.94000244140625,178.30999755859375,190.8699951171875,1692743719.866562,2513,1.070827421661957,,184.1602,2026-09-21 16:44:03-04:00,6.6243863,after_hours,0.1033857574793906,1414981.0,185.29,183.67,2026-09-21 16:00:01-04:00,"Vendor latest observation, no executable bid/ask or overnight-session venue feed; after-hours bar volumes and extremes may include late regular-session batches and are not reliable liquidity/support measures",6421,427,0.142501168042361,"[0.1284920350942478, 0.15789220418350258]",0.036225334660001,0.5478222742251173
ONDS,True,0.0818887918364765,0.0114565632299196,0.0958810089083081,0.2624602671375418,0.1292410694870406,0.0151717588434652,0.1357271665040451,0.3056580969054843,0.1055649306617585,0.0133141610366924,0.1158040877061766,0.284059182021513,7.380000114440918,-0.1353146444565967,0.8451050525876971,0.4379430164036493,5.934187122120747,42.7672851652919,7.616140361363038,8.035254854581577,-19.198651177645043,-15.26980387923177,0.1212120336387018,7.670000076293945,7.340000152587891,8.84000015258789,462078402.411325,1454,3.9295387175613423,,7.4,2026-09-21 16:43:40-04:00,7.012273516666666,after_hours,0.2710011551347646,1463278.0,7.4,7.37,2026-09-21 16:00:00-04:00,"Vendor latest observation, no executable bid/ask or overnight-session venue feed; after-hours bar volumes and extremes may include late regular-session batches and are not reliable liquidity/support measures",6554,427,0.1396093988404028,"[0.12593034152190896, 0.15435844203790303]",0.0473522776505641,-0.539203133917475
HIMS,True,0.0825016478400074,0.0112991853416693,0.0927250986461137,0.2336050279425343,0.1202839780085434,0.0136133523359573,0.1281393847820746,0.2631594679050373,0.1013928129242754,0.0124562688388133,0.1104322417140941,0.2483822479237858,29.350000381469727,4.858880391113463,0.8539276438058463,1.6402669347812238,5.588643657452266,51.42832327148895,28.735460624842027,29.48597162873413,-17.043111827464152,-13.114264529050878,0.8698889766537572,29.524999618530273,28.18000030517578,34.45600128173828,283860645.2446747,1764,0.5962495222692876,,29.33,2026-09-21 16:41:27-04:00,9.233911683333334,after_hours,-0.0681443993518882,709431.0,29.45,29.25,2026-09-21 16:00:03-04:00,"Vendor latest observation, no executable bid/ask or overnight-session venue feed; after-hours bar volumes and extremes may include late regular-session batches and are not reliable liquidity/support measures",6934,426,0.1331122007499278,"[0.11942668794127828, 0.14695571777250385]",0.037782330168536,0.3746583824843522
VRT,True,0.0768449103582193,0.0104654096021241,0.0896525953603163,0.239920406007439,0.121771392322935,0.014232883994849,0.1301405418737942,0.2799164921732963,0.0993081513405772,0.0123491467984865,0.1098965686170553,0.2599184490903676,250.86000061035156,0.5894387201975881,0.9020998034362124,14.27850457930482,5.691821950316789,45.90375722935376,255.9867956087629,269.64880699704304,-8.139003968467861,-4.210156670054587,0.4476493304789489,254.87570190429688,247.60549926757812,295.3399963378906,1360045508.2471466,2044,1.6007738516204073,,251.35,2026-09-21 16:36:51-04:00,13.826817983333331,after_hours,0.1953278276553671,473268.0,252.0,250.7362,2026-09-21 16:00:03-04:00,"Vendor latest observation, no executable bid/ask or overnight-session venue feed; after-hours bar volumes and extremes may include late regular-session batches and are not reliable liquidity/support measures",7166,426,0.1306168015629361,"[0.11728945136542947, 0.14395804594145029]",0.0449264819647157,-0.3590568585061803
CLS,True,0.0781116371719375,0.0099334709557503,0.0879228345501104,0.2454906489206196,0.1193400787328727,0.013573992291118,0.1216608512506286,0.2582944979406718,0.0987258579524051,0.0117537316234341,0.1047918429003695,0.2518925734306457,344.3999938964844,3.538462808795173,0.8914644601258492,19.48116478154433,5.656552011263898,57.38180558785021,322.980383248969,327.3180948622897,12.20671435162506,16.135561650038333,0.792148640987517,347.364990234375,333.1000061035156,353.9599914550781,657768128.5499573,2513,0.8609164896738575,,342.89,2026-09-21 16:25:44-04:00,24.94319576666667,after_hours,-0.4384419057040567,93168.0,346.0,342.89,2026-09-21 16:02:22-04:00,"Vendor latest observation, no executable bid/ask or overnight-session venue feed; after-hours bar volumes and extremes may include late regular-session batches and are not reliable liquidity/support measures",7256,426,0.1299614112458655,"[0.11675295188138377, 0.14318550366341737]",0.0412284415609352,1.099503591685002
APP,True,0.0792423218657618,0.0121111001511237,0.0852917934561626,0.2015469983618653,0.1149344333091783,0.0171544169283183,0.1123905969142118,0.2320287728138292,0.09708837758747,0.014632758539721,0.0988411951851872,0.2167878855878473,330.1700134277344,7.1771784861276,1.2315866994854177,17.3570314828092,5.25699814547459,50.19022308947054,323.5769531139529,356.80750352575404,4.0510151114883985,7.979862409901672,0.7753820264310044,336.94000244140625,306.79998779296875,338.3399963378906,1519649922.153473,1365,2.050455443663002,,329.1024,2026-09-21 16:43:37-04:00,7.064581783333334,after_hours,-0.3233526317701352,39702.0,331.0,327.9689,2026-09-21 16:00:01-04:00,"Vendor latest observation, no executable bid/ask or overnight-session venue feed; after-hours bar volumes and extremes may include late regular-session batches and are not reliable liquidity/support measures",7439,426,0.1297217367925796,"[0.11631339995138797, 0.1431048451450775]",0.0356921114434165,0.3798495336205023
MU,True,0.0770181794546964,0.0083231315252218,0.091897723479044,0.2699524501407297,0.1152900205466645,0.0146602789138049,0.1113271016188894,0.279698728246854,0.0961541000006804,0.0114917052195134,0.1016124125489667,0.2748255891937918,1043.9599609375,2.7721966413599253,1.0915337806800742,49.21619379229982,4.7143756115035815,61.2440997130815,967.9984657681916,940.6108372108667,4.05434735826129,7.983194656674564,0.3927811936989793,1064.489990234375,1030.6800537109375,1042.4000244140625,23887577144.50714,2513,1.9665533224510368,,1041.5,2026-09-21 16:44:04-04:00,6.605847783333333,after_hours,-0.2356374793618387,1037341.0,1043.96,1040.8,2026-09-21 16:00:01-04:00,"Vendor latest observation, no executable bid/ask or overnight-session venue feed; after-hours bar volumes and extremes may include late regular-session batches and are not reliable liquidity/support measures",7535,426,0.1280690112806901,"[0.1143734082962427, 0.141592689180955]",0.0382718410919681,1.5434248225264655
PATH,True,0.0702225209179369,0.0115457560650523,0.082480041599188,0.2133461782919123,0.1211207383884421,0.013735746932451,0.1313004511134704,0.2754987160008177,0.0956716296531895,0.0126407514987516,0.1068902463563292,0.244422447146365,13.59000015258789,1.4936505163337888,0.7597406786973937,0.8704065579260141,6.404757528720601,40.74168473262273,14.781645938674314,14.355927297750748,-21.012430833071395,-17.08358353465812,0.4284090630340395,13.789999961853027,13.440099716186523,18.829999923706055,972082510.9138824,1361,1.4716689258244875,,13.63,2026-09-21 16:44:09-04:00,6.531824016666667,after_hours,0.2943329430683761,1572100.0,13.6845,13.59,2026-09-21 16:00:03-04:00,"Vendor latest observation, no executable bid/ask or overnight-session venue feed; after-hours bar volumes and extremes may include late regular-session batches and are not reliable liquidity/support measures",7590,426,0.127931488801054,"[0.11422618550966486, 0.14149328634478298]",0.0508982174705052,-1.369068023712794
CRWD,True,0.0697865162187324,0.0097175705755065,0.0783782480522898,0.2406838439282923,0.1213231586885454,0.0130237381990539,0.1223937037037306,0.3345548577051391,0.0955548374536389,0.0113706543872802,0.1003859758780102,0.2876193508167157,249.3500061035156,4.923211658960769,1.0390640710265855,13.32474565415681,5.343791990374025,64.6414192687544,223.75881729019812,208.41985893818153,25.974778681195843,29.903625979609117,0.9506684544392432,250.30999755859375,230.8500061035156,250.32000732421875,2804367418.2639313,1829,0.3849975663042793,,248.41,2026-09-21 16:44:10-04:00,6.513738166666667,after_hours,-0.376982586928587,,249.4,248.0,2026-09-21 16:00:01-04:00,"Vendor latest observation, no executable bid/ask or overnight-session venue feed; after-hours bar volumes and extremes may include late regular-session batches and are not reliable liquidity/support measures",7605,426,0.1276791584483892,"[0.11406807285422307, 0.14136408681184062]",0.051536642469813,1.9205761578896652
COIN,True,0.0798258935859686,0.010031559597981,0.0904517191901085,0.2337883804233221,0.1099239674166287,0.0132485394222925,0.1227341860770349,0.2823888786316927,0.0948749305012987,0.0116400495101368,0.1065929526335717,0.2580886295275074,201.0500030517578,3.5006450716899895,1.297989405331046,12.683089879285522,6.308425608936906,60.44455486297109,178.86592147068075,172.63015019299883,3.8785402986273976,7.807387597040671,0.0514663342538306,208.3300018310547,200.65499877929688,196.2100067138672,2010670201.7652893,1366,3.620989141404163,,202.26,2026-09-21 16:44:06-04:00,6.582399416666666,after_hours,0.6018388111790784,,203.4,200.6,2026-09-21 16:00:01-04:00,"Vendor latest observation, no executable bid/ask or overnight-session venue feed; after-hours bar volumes and extremes may include late regular-session batches and are not reliable liquidity/support measures",7678,426,0.1260744985673352,"[0.11231502595018536, 0.13982425816333266]",0.0300980738306601,1.7491070229904233
HOOD,True,0.0725877410323207,0.0088115045903001,0.0847961184622313,0.2293346220044049,0.1118228505828722,0.0121432532173631,0.1202446435425353,0.2822235442947419,0.0922052958075964,0.0104773789038316,0.1025203810023833,0.2557790831495734,123.3000030517578,2.9043593438466075,1.1126830768457805,6.886477970659203,5.5851401461591665,62.31309585612609,111.29437662562054,105.23828807019758,10.100567464991173,14.029414763404446,0.3653061955335358,126.41000366210938,121.51000213623048,125.25,2771861417.851944,1292,2.5223037578077534,,123.55,2026-09-21 16:44:11-04:00,6.499204033333333,after_hours,0.2027550219420915,,123.99,123.0,2026-09-21 16:00:01-04:00,"Vendor latest observation, no executable bid/ask or overnight-session venue feed; after-hours bar volumes and extremes may include late regular-session batches and are not reliable liquidity/support measures",8048,426,0.1228876739562624,"[0.10935924346958258, 0.1366646699919836]",0.0392351095505515,1.7433623511596072
RBRK,True,0.0668025985938548,0.0083813757810158,0.0776785078704065,0.2444435095101911,0.1031285022643614,0.0115602584784629,0.1112419184625846,0.2669820729852135,0.0849655504291081,0.0099708171297393,0.0944602131664955,0.2557127912477023,112.95999908447266,5.8569956457898975,0.8528172341512572,6.13491802433474,5.431053535815793,67.4288432415573,98.401488901072,91.25336755327078,8.929583331491632,12.858430629904904,0.9720809153700416,113.15989685058594,106.0,109.0,378911562.57987976,603,0.1769633212937549,,112.5199,2026-09-21 16:34:36-04:00,16.081110683333332,after_hours,-0.3896061331795319,454048.0,112.9687,112.5199,2026-09-21 16:00:02-04:00,"Vendor latest observation, no executable bid/ask or overnight-session venue feed; after-hours bar volumes and extremes may include late regular-session batches and are not reliable liquidity/support measures",9147,426,0.1107466929047775,"[0.09898556253507992, 0.12290535123111938]",0.0363259036705066,2.373057003476319
SMMT,True,0.058471079255109,0.007358261185573,0.0696249955305504,0.2057312294317207,0.1111883084118912,0.0126621938756356,0.1204760644592788,0.3247767792106933,0.0848296938335002,0.0100102275306043,0.0950505299949146,0.265254004321207,16.899999618530273,-5.322133011972696,0.8690767990476406,0.9942466530395694,5.883116422969689,56.30196723808341,16.36759149299873,15.456968347663144,24.490604179419595,28.41945147783287,0.1460674879692424,18.420000076293945,16.639999389648438,18.829999923706055,106575901.33984087,2513,8.994085751913538,,16.82,2026-09-21 16:42:51-04:00,7.834492333333333,after_hours,-0.4733705345327688,1086149.0,16.9,16.6,2026-09-21 16:00:00-04:00,"Vendor latest observation, no executable bid/ask or overnight-session venue feed; after-hours bar volumes and extremes may include late regular-session batches and are not reliable liquidity/support measures",9182,426,0.1106512742321934,"[0.09885671943902262, 0.12290635324840492]",0.0527172291567821,0.5354889794236539
CAMT,True,0.0593569363610866,0.0073009664900758,0.0777772319820837,0.2152037940055148,0.0964207206600849,0.0130887443342877,0.106796235939829,0.220249514974192,0.0778888285105857,0.0101948554121817,0.0922867339609564,0.2177266544898534,149.6300048828125,0.3420129978036756,0.4941580472795703,7.763723098966492,5.188613811144963,53.70004022160957,144.16105425378348,148.53542442068422,-2.007992199227515,1.9208550991857587,0.3361124062221845,152.02000427246094,148.4199981689453,150.97999572753906,51114662.02293396,2513,1.5972728140457138,,149.63,2026-09-21 16:10:00-04:00,40.67466796666667,after_hours,-3.263257597474478e-06,,149.63,149.63,2026-09-21 16:00:01-04:00,"Vendor latest observation, no executable bid/ask or overnight-session venue feed; after-hours bar volumes and extremes may include late regular-session batches and are not reliable liquidity/support measures",10320,426,0.0979651162790697,"[0.08675338058098998, 0.10950564838517507]",0.0370637842989982,0.7044237100312158
RBLX,True,0.0649460168674355,0.0084673107279819,0.0737124018176682,0.1592279661312496,0.0893897607373033,0.0117891540878474,0.0997093004428106,0.1754655861830908,0.0771678888023694,0.0101282324079147,0.0867108511302394,0.1673467761571702,51.25,7.172731758814765,0.9239197372829706,2.412567196129138,4.7074481875690495,68.34634255238646,45.19829884351333,44.62950085482486,29.639048001714528,33.5678953001278,0.8426676432291667,51.54499816894531,49.66999816894531,51.29999923706055,435993228.96032333,1390,0.5756061833079196,,51.23,2026-09-21 16:41:24-04:00,9.2835053,after_hours,-0.0390243902439135,995415.0,51.4,51.0,2026-09-21 16:00:02-04:00,"Vendor latest observation, no executable bid/ask or overnight-session venue feed; after-hours bar volumes and extremes may include late regular-session batches and are not reliable liquidity/support measures",10447,425,0.0974442423662295,"[0.08700582261471113, 0.10907175803563282]",0.0244437438698677,2.508407295845011
NET,True,0.0610979622987399,0.0077014693683547,0.0727517931158042,0.213086167737297,0.0910939855641985,0.0114790046057439,0.097686260812259,0.2437215244524272,0.0760959739314692,0.0095902369870493,0.0852190269640316,0.2284038460948621,351.6700134277344,8.674291345729923,1.232495127267141,18.383991729377858,5.227625622721919,65.41152578764537,311.7010782723018,292.6385041193878,16.037720162358625,19.9665674607719,0.9743210278420782,352.45001220703125,322.07501220703125,338.0,950163366.869812,1764,0.221798489923608,,351.67,2026-09-21 16:15:34-04:00,35.1135935,after_hours,-3.818276750333638e-06,3742625.0,352.0,350.0,2026-09-21 16:04:38-04:00,"Vendor latest observation, no executable bid/ask or overnight-session venue feed; after-hours bar volumes and extremes may include late regular-session batches and are not reliable liquidity/support measures",10610,425,0.0957587181903864,"[0.08549373509447658, 0.10699498360507378]",0.0299960232654586,2.1741162498219415
RDDT,True,0.0602555464773691,0.0091557545483292,0.0718903247986502,0.1772320049678358,0.0898642934627995,0.0116824159391172,0.1014255992408902,0.2054644836564636,0.0750599199700843,0.0104190852437232,0.0866579620197702,0.1913482443121497,158.72999572753906,5.223725094592346,1.137749065235325,8.178223274709879,5.152285954034703,51.388415712721184,155.91399385853998,160.25705282818438,-0.380016533412264,3.54883076500101,0.8109674455705037,160.35000610351562,151.77999877929688,166.17999267578125,718400917.6699066,627,1.020607584944,,158.43,2026-09-21 16:43:33-04:00,7.13336895,after_hours,-0.1889975024342627,4541976.0,159.598,158.3,2026-09-21 16:04:36-04:00,"Vendor latest observation, no executable bid/ask or overnight-session venue feed; after-hours bar volumes and extremes may include late regular-session batches and are not reliable liquidity/support measures",10774,425,0.0934657508817523,"[0.08361132668805242, 0.10439110422299762]",0.0296087469854303,0.3443292967687994
MDB,True,0.0589548215586979,0.0084366825098695,0.0742248136684108,0.1892878667399579,0.0909944983266019,0.0110858876258938,0.1079756699887683,0.2303643756786658,0.0749746599426499,0.0097612850678816,0.0911002418285895,0.2098261212093118,407.2999877929687,6.189381162134455,0.6295289795526203,21.77850905757969,5.347043876821755,54.71606210885789,390.3400837267737,381.06137756025976,-9.39039814507191,-5.4615508466586355,0.9891647075388376,407.6099853515625,379.0,457.8500061035156,776277421.2863159,2241,0.0761103775803073,,406.44,2026-09-21 16:40:23-04:00,10.297650416666666,after_hours,-0.2111435842727993,788.0,407.55,401.5944,2026-09-21 16:00:01-04:00,"Vendor latest observation, no executable bid/ask or overnight-session venue feed; after-hours bar volumes and extremes may include late regular-session batches and are not reliable liquidity/support measures",10790,425,0.0934198331788693,"[0.08365644390270818, 0.10428232916583331]",0.0320396767679039,0.7787449554675746
VKTX,True,0.0648508151115207,0.0096377820993505,0.0738381760746285,0.2039578554234645,0.0825389687713899,0.012013666396,0.0912005260198627,0.2021459874059058,0.0736948919414553,0.0108257242476752,0.0825193510472456,0.2030519214146852,30.11000061035156,3.8634040982270745,2.5551876515174765,1.528240544855434,5.075524788697738,38.51253069671417,31.82197193316665,33.02793871027722,-15.082576561835626,-11.153729263422353,0.7423581149739301,30.700000762939453,28.40999984741211,34.99399948120117,62927107.982940674,2513,1.9594823667491212,,30.731,2026-09-21 16:44:13-04:00,6.46797205,after_hours,2.0624356594497906,395917.0,30.95,29.96,2026-09-21 16:00:00-04:00,"Vendor latest observation, no executable bid/ask or overnight-session venue feed; after-hours bar volumes and extremes may include late regular-session batches and are not reliable liquidity/support measures",11023,425,0.0917173183343917,"[0.08188587349754085, 0.10281993483015667]",0.0176881536598691,-1.1202237295549795
TWLO,True,0.0552249448471801,0.0070657364012895,0.0671353431107421,0.1958945549248155,0.0803735123118228,0.0115054589278652,0.0859454759958944,0.2168556159628044,0.0677992285795015,0.0092855976645774,0.0765404095533182,0.2063750854438099,266.05999755859375,9.112533445871907,1.711504710815738,11.731772949794328,4.409446387073151,68.40291619309251,236.50141188320808,224.25909633980768,14.162583662407524,18.0914309608208,0.9814185011552804,266.4750061035156,244.1405029296875,249.4459991455078,413156747.7549744,2513,0.1559830672517748,,266.06,2026-09-21 16:06:51-04:00,43.8319709,after_hours,9.176149173839576e-07,425578.0,266.06,264.6882,2026-09-21 16:00:02-04:00,"Vendor latest observation, no executable bid/ask or overnight-session venue feed; after-hours bar volumes and extremes may include late regular-session batches and are not reliable liquidity/support measures",12081,425,0.0818640840989984,"[0.07246790610785622, 0.09247748497224781]",0.0251485674646426,2.5195327084730077
TEAM,True,0.0506634917210667,0.0072131861754407,0.0641366667139677,0.2031110301959492,0.082890846355951,0.0187804316102976,0.0920305878734428,0.1715505795133239,0.0667771690385088,0.0129968088928691,0.0780836272937053,0.1873308048546365,195.6699981689453,1.9008404412413915,0.8216022305778166,8.697799375296702,4.445136943164303,67.72593789830155,181.5319410699498,155.34456671193624,9.958587047317623,13.8874343457309,0.3721975702296684,198.47000122070312,194.0099945068359,198.6000061035156,690276981.2384796,2513,1.4309823059027282,,195.6,2026-09-21 16:42:05-04:00,8.5982152,after_hours,-0.0357735828692917,468408.0,196.69,195.0,2026-09-21 16:00:00-04:00,"Vendor latest observation, no executable bid/ask or overnight-session venue feed; after-hours bar volumes and extremes may include late regular-session batches and are not reliable liquidity/support measures",12252,425,0.0800685602350636,"[0.0709717648697598, 0.09030376285412021]",0.0322273546348842,1.6254751907879268
UPST,True,0.0539169669758069,0.0072859206412143,0.0723705082031122,0.1739940965099321,0.0778045974060334,0.0121389863225626,0.0939293545686778,0.1848271534146532,0.0658607821909202,0.0097124534818885,0.0831499313858949,0.1794106249622926,25.579999923706055,2.319999694824215,1.1274605561149835,1.267791443974303,4.956182360264152,39.88990239586677,26.80796407429523,28.402630270188855,-19.50640318026744,-15.577555881854169,0.4615375586510049,25.93000030517578,25.280000686645508,31.799999237060547,108582205.11127472,1446,1.3682579457139354,,25.66,2026-09-21 16:39:41-04:00,10.999907833333332,after_hours,0.3127446306980141,214760.0,25.79,25.5,2026-09-21 16:00:00-04:00,"Vendor latest observation, no executable bid/ask or overnight-session venue feed; after-hours bar volumes and extremes may include late regular-session batches and are not reliable liquidity/support measures",12456,425,0.0786769428387925,"[0.06975712883562679, 0.08879450792053241]",0.0238876304302265,-0.9685852956537752
DDOG,True,0.0532019444454471,0.0072476147468131,0.06882798904172,0.1765896277353495,0.0784084051534354,0.0105350019402524,0.0945186076423907,0.2064330149110049,0.0658051747994412,0.0088913083435327,0.0816732983420553,0.1915113213231772,245.0500030517578,6.580551932544365,0.7760688255248424,12.415490847694317,5.06651323937017,56.957989555238456,231.12717038703772,234.0599757235938,0.0733630954373065,4.00221039385058,0.9864627038567744,245.3000030517578,226.83250427246097,251.9900054931641,827499611.2952423,1760,0.1020199946486721,,244.93,2026-09-21 16:42:25-04:00,8.263451716666667,after_hours,-0.0489708427926283,509794.0,245.7,243.48,2026-09-21 16:00:01-04:00,"Vendor latest observation, no executable bid/ask or overnight-session venue feed; after-hours bar volumes and extremes may include late regular-session batches and are not reliable liquidity/support measures",12466,425,0.0784533932295844,"[0.0695719637118966, 0.08859866145640292]",0.0252064607079883,1.1214081533720193
SHOP,True,0.0523750244335516,0.0083444102505616,0.0649008744622793,0.1639224237803388,0.077073687303963,0.011427340468203,0.0850205141290878,0.2103312170360748,0.0647243558687573,0.0098858753593823,0.0749606942956835,0.1871268204082068,137.9199981689453,7.330737874665605,2.0005979710483923,6.141240159065589,4.452755394865121,51.26455165747461,136.14780265527915,134.7742966962285,-11.520138307495142,-7.591291009081869,0.9905497752474638,138.02999877929688,126.38999938964844,156.49000549316406,1093309881.067772,2513,0.0797568241095891,,137.79,2026-09-21 16:42:58-04:00,7.714730650000001,after_hours,-0.0942562142337566,1135444.0,138.64,136.76,2026-09-21 16:00:00-04:00,"Vendor latest observation, no executable bid/ask or overnight-session venue feed; after-hours bar volumes and extremes may include late regular-session batches and are not reliable liquidity/support measures",12669,425,0.0767227089746625,"[0.0680088730796629, 0.0865870455646947]",0.0246986628704113,0.2885729051077865
S,True,0.0486338826874009,0.0065463562609706,0.0627493028367472,0.1811432832978798,0.0767461109152218,0.0104683243460932,0.0900868079787159,0.2075803721843143,0.0626899968013114,0.0085073403035319,0.0764180554077316,0.1943618277410971,23.799999237060547,5.730781852785394,0.8670372700176471,1.2055898873015565,5.065503890539009,63.38753287662495,21.647654631646567,20.493194409729877,8.38827699239555,12.317124290808824,0.9965027503161128,23.80500030517578,22.375,24.2549991607666,203525683.7053108,1312,0.0210128919140739,,23.68,2026-09-21 16:32:27-04:00,18.23083855,after_hours,-0.5041984912070419,1120300.0,23.85,23.6688,2026-09-21 16:00:02-04:00,"Vendor latest observation, no executable bid/ask or overnight-session venue feed; after-hours bar volumes and extremes may include late regular-session batches and are not reliable liquidity/support measures",13075,425,0.0724282982791587,"[0.06384494942465677, 0.08231730187005865]",0.0281122282278208,1.7853041304381891
PANW,True,0.0456464619279713,0.0060770259910255,0.0617835503921152,0.1809112149715996,0.0767422532885595,0.0095126367979503,0.0946493264431661,0.2216941952807978,0.0611943576082654,0.0077948313944879,0.0782164384176407,0.2013027051261987,371.760009765625,2.2498551888068485,0.7282710720714378,18.89931261234266,5.083740078514006,55.923400370480294,358.7192658243726,345.4951278641539,-0.0475454742999925,3.8813018241132817,0.835003677574707,374.55999755859375,357.5899963378906,387.3299865722656,2502974186.896057,2513,0.7531707874480542,,368.5,2026-09-21 16:43:58-04:00,6.713885149999999,after_hours,-0.8769124381291737,667753.0,372.2099,368.0,2026-09-21 16:00:01-04:00,"Vendor latest observation, no executable bid/ask or overnight-session venue feed; after-hours bar volumes and extremes may include late regular-session batches and are not reliable liquidity/support measures",13436,425,0.0694403096159571,"[0.06116031818502572, 0.07929262692321047]",0.0310957913605882,0.6900115474430443
VERA,True,0.044933015833091,0.0058607111352595,0.0620174880833926,0.1499831663824421,0.0699498749630354,0.0103982133340299,0.0874306702634721,0.1630317145222697,0.0574414453980632,0.0081294622346447,0.0747240791734324,0.1565074404523559,34.25,0.7352941176470562,0.4423674353701528,2.078292002669503,6.0680058472102285,50.87215666991312,33.98272159661198,34.491373239698625,2.1904350586688492,6.119282357082123,0.4511273451101531,34.97999954223633,33.650001525878906,37.13999938964844,93078954.11754608,1344,2.131385524777607,,34.26,2026-09-21 16:26:47-04:00,23.901439033333336,after_hours,0.0291970802919649,130279.0,34.26,34.22,2026-09-21 16:00:00-04:00,"Vendor latest observation, no executable bid/ask or overnight-session venue feed; after-hours bar volumes and extremes may include late regular-session batches and are not reliable liquidity/support measures",14273,425,0.0616548728368247,"[0.05421246020872789, 0.07046143044833722]",0.0250168591299443,0.1286048365892319
ORCL,True,0.0432706747241505,0.0055657737984219,0.0615930558491167,0.1594651922181235,0.0692441585678915,0.0098157076754752,0.0886775654559639,0.1811837532954761,0.056257416646021,0.0076907407369485,0.0751353106525403,0.1703244727567998,148.55999755859375,0.6435857626949648,0.7123017499967416,7.372873929587222,4.962893141324452,50.48292525453433,148.43808249664772,149.056759756891,-2.5019364494528906,1.4269108489603832,0.6289467026987957,149.97000122070312,146.1699981689453,170.6999969482422,4543671047.005005,2513,0.949113950781566,,148.4907,2026-09-21 16:44:07-04:00,6.562726783333333,after_hours,-0.0466461764489611,20814335.0,148.6944,148.3,2026-09-21 16:04:31-04:00,"Vendor latest observation, no executable bid/ask or overnight-session venue feed; after-hours bar volumes and extremes may include late regular-session batches and are not reliable liquidity/support measures",14534,425,0.0597908352827851,"[0.05240182718350196, 0.06854877930247634]",0.025973483843741,0.0165356227585532
MPWR,True,0.0466513625433077,0.0062159092840258,0.0635491500774512,0.1591085941709427,0.0649685131235258,0.0100599687033256,0.0826837251119513,0.1679104855181813,0.0558099378334168,0.0081379389936757,0.0731164375947013,0.163509539844562,1277.6800537109375,4.917063761036489,1.4884986978072754,52.53029275338168,4.111380826585726,53.78754780300146,1230.9864178045848,1291.0765877714814,-6.8613521398455894,-2.932504841432315,0.9076452094847892,1283.8299560546875,1217.239990234375,1337.699951171875,800076972.3822021,2513,0.4813335174082223,,1277.0,2026-09-21 16:31:56-04:00,18.74262978333333,after_hours,-0.0532256654521834,268619.0,1284.07,1265.1,2026-09-21 16:00:01-04:00,"Vendor latest observation, no executable bid/ask or overnight-session venue feed; after-hours bar volumes and extremes may include late regular-session batches and are not reliable liquidity/support measures",14622,425,0.0592942141977841,"[0.05193790316845708, 0.06787556265872448]",0.018317150580218,0.8888896950483256
ZS,True,0.0435955668640079,0.0058651857284689,0.0582285179318415,0.1596873207873806,0.067145741893727,0.0101877650693546,0.0818647275318439,0.1637032162051998,0.0553706543788675,0.0080264753989117,0.0700466227318427,0.1616952684962902,207.1300048828125,4.976943614477802,0.6982923538002166,10.005168582367247,4.830381087485539,67.61677363917285,183.06963554692337,171.63279830642853,10.038530317271269,13.96737761568454,0.9576213981591885,207.6999969482422,194.25,199.7599945068359,649560917.6757812,2140,0.2751856573132372,,206.79,2026-09-21 16:41:36-04:00,9.08070125,after_hours,-0.1641504730349741,,207.6,206.0,2026-09-21 16:00:00-04:00,"Vendor latest observation, no executable bid/ask or overnight-session venue feed; after-hours bar volumes and extremes may include late regular-session batches and are not reliable liquidity/support measures",14698,425,0.0585113620900802,"[0.05139490777901188, 0.06692030290438424]",0.0235501750297191,2.404793996004454
SOFI,True,0.0438610653083124,0.0058526143526171,0.0624060472074621,0.165990974655796,0.0665579512973879,0.0103148055028592,0.0855755465404045,0.1982434837338156,0.0552095083028502,0.0080837099277382,0.0739907968739333,0.1821172291948058,16.969999313354492,0.0589636168730089,1.5804519367549332,0.7141390771244274,4.208244584679727,43.86898558065657,17.495908413693357,17.643811522719,-14.187972362991808,-10.259125064578534,0.2028975091151844,17.520000457763672,16.829999923706055,19.4950008392334,708881872.1960449,1435,3.24102042818799,,17.0,2026-09-21 16:44:05-04:00,6.599770483333333,after_hours,0.1767866108391524,1541530.0,17.01,16.95,2026-09-21 16:00:00-04:00,"Vendor latest observation, no executable bid/ask or overnight-session venue feed; after-hours bar volumes and extremes may include late regular-session batches and are not reliable liquidity/support measures",14733,425,0.0582366116880472,"[0.05115936767160307, 0.06658938672754142]",0.0226968859890754,-0.7364239224332958
QCOM,True,0.0440733936584712,0.0054685197886695,0.0586975063282175,0.1519639965709044,0.0630231420928761,0.0102020403512713,0.0744494626192159,0.1543191502413579,0.0535482678756737,0.0078352800699704,0.0665734844737167,0.1531415734061312,194.22999572753903,9.28989106090139,1.296099342971088,8.92196816659635,4.593506854168839,65.86808856003788,176.69666292929475,174.06988345356203,17.556125910877228,21.4849732092905,0.9327520550912676,195.30999755859375,179.25,192.1199951171875,2439533767.307434,2513,0.5560427610623364,,193.3,2026-09-21 16:44:07-04:00,6.559003649999999,after_hours,-0.4788115883211041,3582879.0,195.18,193.2,2026-09-21 16:00:00-04:00,"Vendor latest observation, no executable bid/ask or overnight-session venue feed; after-hours bar volumes and extremes may include late regular-session batches and are not reliable liquidity/support measures",15021,425,0.056387723853272,"[0.04940264888528222, 0.0643745826918078]",0.0189497484344048,1.965186657344138
AFRM,True,0.0427193708625125,0.0052972483962007,0.0631599887884315,0.1619563969355145,0.0639579312752162,0.0095571465494523,0.0864688499024298,0.1748372853550022,0.0533386510688643,0.0074271974728265,0.0748144193454307,0.1683968411452584,71.05000305175781,-0.2246819755257201,0.6739183872055984,3.5578625680490985,5.007547382450219,45.3714228622353,72.52147721376349,73.46508427658345,-11.69205101424442,-7.763203715831146,0.3215433452557932,73.16000366210938,70.05000305175781,90.44000244140624,437764673.7085724,1428,2.969740351473993,,71.18,2026-09-21 16:44:11-04:00,6.499632433333333,after_hours,0.1829654365355759,,71.48,71.0,2026-09-21 16:00:01-04:00,"Vendor latest observation, no executable bid/ask or overnight-session venue feed; after-hours bar volumes and extremes may include late regular-session batches and are not reliable liquidity/support measures",15063,425,0.0560313350594171,"[0.04902673553828577, 0.0640583428510315]",0.0212385604127037,-0.413583755376065
KGS,True,0.0404868396750711,0.0055285733701607,0.0594008575357839,0.1689547283350659,0.0659525180931917,0.0107608752791094,0.0880242238375932,0.2115935751865905,0.0532196788841314,0.008144724324635,0.0737125406866886,0.1902741517608282,56.2400016784668,-4.2397375841605855,0.953952386289879,2.735613970804304,4.864178323543182,39.71497139846987,59.89282673277591,61.396363660305894,-12.42217219877867,-8.493324900365396,0.0,59.029998779296875,56.2400016784668,65.16999816894531,114941535.39388657,810,4.9608766315139,,56.55,2026-09-21 16:20:54-04:00,29.778044166666668,after_hours,0.5512061029185444,590429.0,56.55,56.24,2026-09-21 16:00:02-04:00,"Vendor latest observation, no executable bid/ask or overnight-session venue feed; after-hours bar volumes and extremes may include late regular-session batches and are not reliable liquidity/support measures",15092,425,0.0560561887092499,"[0.04909121160968609, 0.06406332070420488]",0.0254656784181205,-1.3352852753691475
CDNA,True,0.0384081360189284,0.0047910022170429,0.0547138882142803,0.1717397476250412,0.0679264632596584,0.0120407139569507,0.0747921640652949,0.2037614680414474,0.0531672996392934,0.0084158580869968,0.0647530261397876,0.1877506078332443,54.33000183105469,0.9288500520012066,0.6867888501929568,2.1045355041893896,3.8736157431646734,71.34505988044741,50.90144197477843,45.2132991784451,7.838281170795258,11.767128469208531,0.60150522584124,54.86000061035156,53.529998779296875,55.15999984741211,56689001.88875198,2513,0.9755176908422758,,55.3042,2026-09-21 16:23:14-04:00,27.451010316666668,after_hours,1.7931127114162226,544.0,55.3042,54.33,2026-09-21 16:00:00-04:00,"Vendor latest observation, no executable bid/ask or overnight-session venue feed; after-hours bar volumes and extremes may include late regular-session batches and are not reliable liquidity/support measures",15115,425,0.0559708898445253,"[0.04900419111100248, 0.06399270984138043]",0.02951832724073,1.6291290165697858
GEV,True,0.044019365550191,0.0058156195019478,0.0630346086551731,0.1735050407631939,0.0615207161860945,0.0096920735957482,0.0859196409255861,0.1824276224554709,0.0527700408681427,0.007753846548848,0.0744771247903796,0.1779663316093324,946.219970703125,0.6263709023678343,1.1204599663450103,40.5204191206608,4.282346639814689,49.68091786478029,939.56836522285,968.4842961678856,-5.039784765522793,-1.1109374671095185,0.0458971961635028,962.8499755859376,945.4199829101562,983.3400268554688,2081884005.451355,623,1.7575199634028982,,946.16,2026-09-21 16:41:27-04:00,9.227479483333331,after_hours,-0.0063379240538008,183272.0,949.02,946.1,2026-09-21 16:00:02-04:00,"Vendor latest observation, no executable bid/ask or overnight-session venue feed; after-hours bar volumes and extremes may include late regular-session batches and are not reliable liquidity/support measures",15206,425,0.0553071156122583,"[0.04840588983310687, 0.06335771539765911]",0.0175013506359035,0.1641544096685661
PLTR,True,0.0416985232774628,0.005657215314656,0.0586653207303873,0.1608980037815396,0.0635432621778877,0.0102147720912292,0.0821414408171956,0.169062053984909,0.0526208927276752,0.0079359937029426,0.0704033807737915,0.1649800288832243,183.08999633789065,3.0680009946902675,0.7518082913578698,7.045330435168944,3.8480149522570657,61.13127792903285,173.65047894442282,163.30151011842992,-2.178267186295013,1.7505801121182607,0.9561921313636772,183.3800048828125,176.75999450683594,188.3699951171875,5093207228.955002,1500,0.1583967178560019,,182.5399,2026-09-21 16:44:00-04:00,6.679241466666666,after_hours,-0.3004513348044635,2897784.0,183.383,182.16,2026-09-21 16:00:01-04:00,"Vendor latest observation, no executable bid/ask or overnight-session venue feed; after-hours bar volumes and extremes may include late regular-session batches and are not reliable liquidity/support measures",15229,425,0.0550922581916081,"[0.04826967335602633, 0.0631582457688525]",0.0218447389004249,1.3398260706620009
SNOW,True,0.0383021726318986,0.0050783829641458,0.055208010425104,0.1533753459225785,0.0626331332043826,0.0092378347877308,0.0820636107097479,0.1863141382576418,0.0504676529181406,0.0071581088759383,0.0686358105674259,0.1698447420901102,339.3900146484375,2.093680511988083,0.6641703054009708,15.584963059016774,4.592051146572683,56.964712318908475,329.21683077641865,308.748167153399,-1.942545269028262,1.986302029385012,0.986539979517998,339.5299987792969,329.1300048828125,384.55999755859375,1840998882.2781372,1510,0.0412458012367888,,338.01,2026-09-21 16:43:34-04:00,7.1133106,after_hours,-0.406616161016704,345037.0,339.39,336.66,2026-09-21 16:00:03-04:00,"Vendor latest observation, no executable bid/ask or overnight-session venue feed; after-hours bar volumes and extremes may include late regular-session batches and are not reliable liquidity/support measures",15668,425,0.0515062547868266,"[0.04479680618477976, 0.05931376781193149]",0.024330960572484,0.6527563673712462
DUOL,True,0.035758844556075,0.0053716293587563,0.0511029502616666,0.1246054458531783,0.0599075780968227,0.0117974722365055,0.0637302633050977,0.1415310981757318,0.0478332113264489,0.0085845507976309,0.0574166067833822,0.1330682720144551,149.4199981689453,5.299509933697921,1.1037911327251428,7.6075749950028655,5.091403485630604,53.509354311765954,146.64836808023293,140.21250373194175,-1.6774319995694895,2.251415298843784,0.7922005339072756,151.39999389648438,141.87159729003906,167.3800048828125,168087785.64826965,1293,1.3251209689484345,,149.0,2026-09-21 16:35:29-04:00,15.200435516666666,after_hours,-0.2810856472307166,,149.6,146.5,2026-09-21 16:00:01-04:00,"Vendor latest observation, no executable bid/ask or overnight-session venue feed; after-hours bar volumes and extremes may include late regular-session batches and are not reliable liquidity/support measures",16073,425,0.0469731848441485,"[0.04078702980501632, 0.054282003334188866]",0.0241487335407477,0.3643250432014099
CRM,True,0.030044436265619,0.004974817186002,0.0467647664041179,0.1120150011999911,0.0571329371909061,0.0104656398342778,0.0728261350747454,0.1482762619172995,0.0435886867282625,0.0077202285101399,0.0597954507394317,0.1301456315586453,236.4199981689453,-0.6304640263719463,0.5884038636111077,9.309123341070386,3.937536339213615,52.449542699355135,238.74375133163335,217.33561557228532,9.29767976867506,13.226527067088334,0.0257689864803556,241.3350067138672,236.2899932861328,268.2699890136719,4134563120.525055,2513,2.078930963111514,,236.89,2026-09-21 16:41:27-04:00,9.2296892,after_hours,0.1987995240228413,889053.0,237.0,236.42,2026-09-21 16:00:03-04:00,"Vendor latest observation, no executable bid/ask or overnight-session venue feed; after-hours bar volumes and extremes may include late regular-session batches and are not reliable liquidity/support measures",16193,425,0.0406348422157722,"[0.03534739661234096, 0.04708765375569334]",0.027088500925287,-0.2496210521173355
NOW,True,0.0314743632842197,0.0046049474504048,0.0481075578545134,0.1219987570727153,0.0543134480635075,0.0099462093681101,0.0666536213061458,0.1377596922755787,0.0428939056738636,0.0072755784092575,0.0573805895803296,0.129879224674147,137.67999267578125,1.6313511738127673,0.6829198141877225,6.199243778759858,4.5026467958625505,54.98481274147189,135.24917213671088,126.44794498073496,3.231798136034092,7.160645434447366,0.4537431016287214,140.16000366210938,135.6199951171875,149.60000610351562,2162903800.6532288,2513,1.8012864019888664,,137.5727,2026-09-21 16:42:17-04:00,8.396506466666667,after_hours,-0.0779290249048103,1060961.0,137.9,137.13,2026-09-21 16:00:03-04:00,"Vendor latest observation, no executable bid/ask or overnight-session venue feed; after-hours bar volumes and extremes may include late regular-session batches and are not reliable liquidity/support measures",16153,425,0.0396830310159103,"[0.03446503193201447, 0.045924753532219455]",0.0228390847792877,0.3921156556867403
ASML,True,0.0340108663222598,0.0043690298553344,0.0533970432274206,0.1351491466682253,0.0481001599229466,0.0087104273885038,0.0673208330892375,0.1347972177379095,0.0410555131226032,0.0065397286219191,0.060358938158329,0.1349731822030674,1711.3199462890625,1.869130763509852,1.0407282132908875,55.05779981063966,3.217270968531079,51.854834298883624,1684.493326986989,1704.588527935883,-6.90204451267209,-2.973197214258816,0.7567984799905,1722.3199462890625,1677.0899658203125,1790.0,2111600883.703003,2513,0.6427786939463331,,1711.0001,2026-09-21 16:43:08-04:00,7.542485616666666,after_hours,-0.0186900345406582,19.0,1716.96,1710.0,2026-09-21 16:00:01-04:00,"Vendor latest observation, no executable bid/ask or overnight-session venue feed; after-hours bar volumes and extremes may include late regular-session batches and are not reliable liquidity/support measures",15955,425,0.0376057662174866,"[0.0326211290132967, 0.043486778559721814]",0.0140892936006867,0.4872446664112739
SE,True,0.031655404451713,0.0046014953606411,0.0512723862223864,0.1184144313121338,0.0496248106432592,0.0095769269865651,0.0665166640010197,0.1246961178264132,0.0406401075474861,0.0070892111736031,0.058894525111703,0.1215552745692735,102.6500015258789,0.8448772989650077,0.6851995138353882,4.092394465633778,3.986745645202988,38.271699096506914,108.62415140496972,108.75538286344162,-16.589442387298025,-12.660595088884753,0.7704416171435837,103.37999725341795,100.1999969482422,123.7300033569336,401004633.53523254,2240,0.7111502354483878,,102.65,2026-09-21 16:31:45-04:00,18.936501083333333,after_hours,-1.48648697795295e-06,205919.0,102.66,102.4058,2026-09-21 16:00:02-04:00,"Vendor latest observation, no executable bid/ask or overnight-session venue feed; after-hours bar volumes and extremes may include late regular-session batches and are not reliable liquidity/support measures",15895,425,0.0374331550802139,"[0.03253103842802618, 0.043217256684831964]",0.0179694061915462,-1.4598177006784745
ETN,True,0.0329014856680807,0.0041329626048704,0.0511719835319723,0.1315426330510025,0.0478336253937236,0.0085634330027269,0.0661810842793493,0.1299224489907952,0.0403675555309022,0.0063481978037986,0.0586765339056608,0.1307325410208988,435.4299926757813,2.50959435407907,1.0664354293770204,15.42705688035233,3.54294769304953,58.35283083460329,413.3312260741975,413.5205351450953,-0.0571917649839326,3.871655533429341,0.7633140633429556,438.2550048828125,426.3193054199219,430.25,839511393.2847595,2513,0.6487867750384346,,435.43,2026-09-21 16:06:51-04:00,43.8276228,after_hours,1.6820657533500594e-06,331694.0,436.9,435.43,2026-09-21 16:00:03-04:00,"Vendor latest observation, no executable bid/ask or overnight-session venue feed; after-hours bar volumes and extremes may include late regular-session batches and are not reliable liquidity/support measures",15855,425,0.0370860927152317,"[0.03218135793400591, 0.04293125891159685]",0.0149321397256428,1.43246808337943
WDAY,True,0.0290941246142205,0.0041589111057909,0.0479754317855149,0.123812120057037,0.0483600902531667,0.0103663586613533,0.0633117827092357,0.1351339672900451,0.0387271074336936,0.0072626348835721,0.0556436072473753,0.1294730436735411,191.9199981689453,-1.005827099270051,0.5205363468284001,8.606189202605888,4.484258693578115,52.33960306459562,191.26196534452603,178.75364968268445,-7.973643338650216,-4.0447960402369425,0.0626058300758996,196.0,191.6475067138672,211.8300018310547,736664714.2338562,2513,2.1258867600983944,,191.66,2026-09-21 16:40:24-04:00,10.279541783333334,after_hours,-0.1354721610180687,484661.0,194.0,191.66,2026-09-21 16:00:00-04:00,"Vendor latest observation, no executable bid/ask or overnight-session venue feed; after-hours bar volumes and extremes may include late regular-session batches and are not reliable liquidity/support measures",15623,425,0.0358445881072777,"[0.03108942343816582, 0.04141987345535419]",0.0192659656389462,0.0764604180698273
CEG,True,0.0296734025685192,0.0042722851342298,0.0478952893353041,0.1125286825265821,0.0444476962345164,0.0086714076618093,0.0617891557229489,0.1189982532744243,0.0370605494015178,0.0064718463980196,0.0548422225291265,0.1157634679005032,262.1099853515625,2.905256347469765,1.1535554719926715,10.273979486477106,3.919720751079681,42.45692702545024,272.5847714033313,272.55630911739274,-7.875644182954211,-3.946796884540938,0.7555542479762163,265.8500061035156,250.5500030517578,305.79998779296875,774509262.9042816,1172,1.426889840513601,,262.51,2026-09-21 16:43:46-04:00,6.911090833333334,after_hours,0.1526132809862135,392071.0,265.0,262.0,2026-09-21 16:00:01-04:00,"Vendor latest observation, no executable bid/ask or overnight-session venue feed; after-hours bar volumes and extremes may include late regular-session batches and are not reliable liquidity/support measures",15247,425,0.0348265232504755,"[0.030055082817619223, 0.04049413740834764]",0.0147742936659972,-1.0195451592594649
AVGO,True,0.0300333667436747,0.0039187774814498,0.0490995937963932,0.118144235414227,0.0398910129673109,0.0081503652202197,0.0598716176474324,0.1107975370427347,0.0349621898554928,0.0060345713508348,0.0544856057219129,0.1144708862284809,362.6600036621094,1.4121580821022883,0.9608610663066156,12.087766742527547,3.333085154267448,48.62225243215874,361.0484030810741,373.3557353833851,-5.500297523164111,-1.5714502247508366,0.874880859039119,363.9700012207031,353.5,376.5899963378906,9627409344.311676,2513,0.3612191985235435,,362.3877,2026-09-21 16:44:00-04:00,6.672218016666666,after_hours,-0.075085109843842,760.0,363.0,357.61,2026-09-21 16:00:01-04:00,"Vendor latest observation, no executable bid/ask or overnight-session venue feed; after-hours bar volumes and extremes may include late regular-session batches and are not reliable liquidity/support measures",14655,425,0.0329580348004094,"[0.028350819609033545, 0.03849472358888693]",0.0098576462236362,0.1333249238972543
KBH,True,0.0291835831202212,0.0040717089120142,0.0492978875213268,0.1137828225320682,0.0407353914086514,0.0094368713918519,0.0560628496591672,0.1014953801537341,0.0349594872644363,0.0067542901519331,0.052680368590247,0.1076391013429012,47.86000061035156,1.5704620017851,1.1961380328760736,1.7109497897083177,3.5749054907831717,34.38717698523912,50.788164980819865,52.99610858146467,-17.49214595545655,-13.563298657043276,0.5278980215980458,48.40999984741211,47.244998931884766,57.18000030517578,64964899.389419556,2513,1.1491835145141849,,47.5,2026-09-21 16:27:29-04:00,23.202153283333335,after_hours,-0.7521951645644065,245267.0,48.2,47.5,2026-09-21 16:02:46-04:00,"Vendor latest observation, no executable bid/ask or overnight-session venue feed; after-hours bar volumes and extremes may include late regular-session batches and are not reliable liquidity/support measures",14653,425,0.0328942878591414,"[0.028238436469799885, 0.03842811747339119]",0.0115518082884301,-1.711426242945151
VST,True,0.0275959391420613,0.0037065144709939,0.0460427875468243,0.1085336827170439,0.0396182116495041,0.0083257880061449,0.0576078350693657,0.1086165764918471,0.0336070753957827,0.0060161512385694,0.051825311308095,0.1085751296044455,140.77999877929688,0.078197634025301,0.9815594269387644,4.931466085385018,3.502959318188487,45.207004354418046,143.33808559847023,146.17161796658377,-0.573739861241096,3.355107437172178,0.5335269964277611,142.3800048828125,138.9499969482422,154.89999389648438,629800269.2731476,2503,1.1365294199384035,,141.2,2026-09-21 16:40:07-04:00,10.561246133333333,after_hours,0.2983387017651218,531893.0,141.6,140.5,2026-09-21 16:00:03-04:00,"Vendor latest observation, no executable bid/ask or overnight-session venue feed; after-hours bar volumes and extremes may include late regular-session batches and are not reliable liquidity/support measures",14285,425,0.0318515925796289,"[0.027261989158424614, 0.03720955531197496]",0.0120222725074427,-0.5187274483656182
BILI,True,0.0247879783635134,0.0036850465880186,0.0434477281422081,0.0865469549248409,0.0399482286559314,0.0091860300911126,0.0576222148079959,0.0924689480621409,0.0323681035097224,0.0064355383395656,0.050534971475102,0.0895079514934909,15.18000030517578,1.8791992873428365,0.5771299920317926,0.5395452769502113,3.554316640996691,41.353087528595736,15.744123058383355,16.76604915900303,-14.948772384107013,-11.01992508569374,0.9090913594681224,15.21500015258789,14.829999923706056,17.2549991607666,62964412.21139908,2132,0.2305655250887994,,15.18,2026-09-21 16:42:10-04:00,8.519688516666667,after_hours,-2.010380606431994e-06,,15.18,15.13,2026-09-21 16:00:01-04:00,"Vendor latest observation, no executable bid/ask or overnight-session venue feed; after-hours bar volumes and extremes may include late regular-session batches and are not reliable liquidity/support measures",13917,425,0.0306818998347345,"[0.026156462155543538, 0.03590943884656745]",0.015160250292418,-1.0455522035079006
NVDA,True,0.0233119440243945,0.0031145588497489,0.0411326168165988,0.0968753099225972,0.0365098450301428,0.0078023967474575,0.0544667464677741,0.1005479178197323,0.0299108945272687,0.0054584777986032,0.0477996816421864,0.0987116138711647,227.3800048828125,2.2990059441793553,0.8053043436968366,6.446061412638933,2.834928874225821,58.38939338360616,219.2387706440093,215.42455181994663,2.0856963586675104,6.014543657080784,0.8386174750450728,228.5,221.55999755859375,234.7599945068359,29564670876.87248,2513,0.4925653501347771,,226.939,2026-09-21 16:44:09-04:00,6.522058716666667,after_hours,-0.1939505995875889,16261472.0,227.49,226.298,2026-09-21 16:00:00-04:00,"Vendor latest observation, no executable bid/ask or overnight-session venue feed; after-hours bar volumes and extremes may include late regular-session batches and are not reliable liquidity/support measures",13178,424,0.0287600546365154,"[0.024372112549447465, 0.0338363465489523]",0.0131979010057482,1.2629780757037952
TSM,True,0.0259128459575276,0.0031677434619696,0.043548666120128,0.1053685080860576,0.0330564587295651,0.00756682854015,0.0502576515203466,0.0923569265737033,0.0294846523435463,0.0053672860010598,0.0469031588202373,0.0988627173298804,445.1400146484375,2.4087240659042664,1.0093275310965328,10.873120288808648,2.442629269668335,61.931043095780694,424.9162184512675,420.4616902730028,2.607536353133866,6.53638365154714,0.932949481906415,445.7200012207031,437.0700073242187,444.2900085449219,4149197371.344757,2513,0.1302930658174439,,444.306,2026-09-21 16:44:01-04:00,6.656404033333333,after_hours,-0.1873600712117951,1064723.0,445.18,444.01,2026-09-21 16:00:02-04:00,"Vendor latest observation, no executable bid/ask or overnight-session venue feed; after-hours bar volumes and extremes may include late regular-session batches and are not reliable liquidity/support measures",13041,424,0.0284487385936661,"[0.024171823359283758, 0.03358284999995633]",0.0071436127720375,1.8599809125615647
BABA,True,0.0233528507697204,0.0032609920094747,0.0415624264914753,0.0862697050930316,0.032447865747281,0.007887007199819,0.0490302754003157,0.0865898094169115,0.0279003582585007,0.0055739996046469,0.0452963509458955,0.0864297572549716,115.75,2.2165331893153617,0.79884431009194,3.1559389095844623,2.7265130968332287,52.70204496487292,113.390862096069,116.11637795628276,-6.937056153830168,-3.008208855416894,0.8421062494144101,116.1999969482422,113.3499984741211,125.7699966430664,1283664939.3256378,2513,0.3887662619803,,115.9797,2026-09-21 16:38:17-04:00,12.402736,after_hours,0.1984449244060382,8756333.0,115.9799,115.75,2026-09-21 16:03:28-04:00,"Vendor latest observation, no executable bid/ask or overnight-session venue feed; after-hours bar volumes and extremes may include late regular-session batches and are not reliable liquidity/support measures",12585,424,0.0278108859753675,"[0.02351432881756662, 0.032806695339432125]",0.0090950149775605,0.7475233112930054
NKE,True,0.0207572512709401,0.0030983608523325,0.0384814404086744,0.0802530176539837,0.0288773605174498,0.008908219201168,0.0402001206437379,0.0711284367524155,0.024817305894195,0.0060032900267503,0.0393407805262062,0.0756907272031996,36.099998474121094,1.6615043099850402,1.3610865935370084,0.9862166342834676,2.7319021494985773,37.48693479848476,37.527612062152066,39.45384995469464,-14.422100194136956,-10.493252895723682,0.7462678635820159,36.35499954223633,35.349998474121094,41.34000015258789,1145690743.77182,2513,0.7063741797608047,,36.13,2026-09-21 16:43:51-04:00,6.835922483333333,after_hours,0.0831067233989291,5400912.0,36.1807,35.9828,2026-09-21 16:00:02-04:00,"Vendor latest observation, no executable bid/ask or overnight-session venue feed; after-hours bar volumes and extremes may include late regular-session batches and are not reliable liquidity/support measures",11687,424,0.0260973731496534,"[0.021812896816134436, 0.031206144805585975]",0.0081201092465096,-1.4475659184842284
FERG,True,0.0213838881407061,0.0027884826226608,0.0413994780775261,0.0908964871203703,0.027512389996921,0.0077674284725079,0.0428988966820631,0.071455218168493,0.0244481390688136,0.0052779555475844,0.0421491873797946,0.0811758526444317,216.13999938964844,0.7974661998206178,0.8822310284482884,5.801474082278843,2.6841279257247432,36.61472342159057,223.38571591192297,229.6398508994677,-14.7032881470171,-10.774440848603827,0.7006537440406521,217.7400054931641,212.39500427246097,243.67999267578125,309629632.98057556,2513,0.7402637679438495,,216.14,2026-09-21 16:20:00-04:00,30.6853431,after_hours,2.823871358970109e-07,290715.0,216.14,216.14,2026-09-21 16:00:02-04:00,"Vendor latest observation, no executable bid/ask or overnight-session venue feed; after-hours bar volumes and extremes may include late regular-session batches and are not reliable liquidity/support measures",11583,424,0.0259000259000259,"[0.02164296388755326, 0.03088194727005648]",0.0061285018562148,-1.248944047583913
FDX,True,0.0193544587204832,0.0025448952455934,0.0384068576646968,0.0938826976070757,0.0258824368827059,0.0078827460865409,0.0388964378240258,0.0762428842758503,0.0226184478015946,0.0052138206660671,0.0386516477443613,0.085062790941463,295.7900085449219,-2.5885017321100268,1.4207600710920227,7.556558586981713,2.5547037995484194,32.745154478824546,312.51965179049955,315.8795301385362,-12.581730787109024,-8.65288348869575,0.3805541770481068,303.17999267578125,291.25,340.8299865722656,477797739.3482971,2513,2.49838869379424,,295.6,2026-09-21 16:24:38-04:00,26.052443633333333,after_hours,-0.064237648139831,301733.0,295.79,295.0501,2026-09-21 16:00:02-04:00,"Vendor latest observation, no executable bid/ask or overnight-session venue feed; after-hours bar volumes and extremes may include late regular-session batches and are not reliable liquidity/support measures",10996,424,0.0245543834121498,"[0.02021216170525805, 0.029472255006201774]",0.0065279781622226,-2.213923580821456
AZO,True,0.0193790885675977,0.0027769461154175,0.0369662240196904,0.0871894944514363,0.0249086504681032,0.0087120649434935,0.0363369658975702,0.0711753078717693,0.0221438695178504,0.0057445055294555,0.0366515949586303,0.0791824011616028,2803.25,-1.823271642148372,1.9064222808635107,70.12117288281925,2.5014241641958175,35.88865200889679,2915.9256909437036,2990.6942810839055,-9.158819195354472,-5.2299718969411995,0.0866375164837344,2870.719970703125,2796.85009765625,3046.469970703125,923577229.230957,2513,2.4068481477971915,,2803.25,2026-09-21 16:33:04-04:00,17.6182483,after_hours,0.0,46030.0,2813.99,2803.0,2026-09-21 16:00:03-04:00,"Vendor latest observation, no executable bid/ask or overnight-session venue feed; after-hours bar volumes and extremes may include late regular-session batches and are not reliable liquidity/support measures",10836,424,0.0239940937615356,"[0.019797376915181464, 0.02874388863891979]",0.0055295619005054,-1.6068711676000902
PDD,True,0.0181940985977757,0.0025299786851081,0.036605505872731,0.0754920715416348,0.0252280837482824,0.0081172036480938,0.0374768020100787,0.065334438726257,0.0217110911730291,0.0053235911666009,0.0370411539414048,0.0704132551339459,79.29499816894531,0.5006294492108987,0.807468649228471,2.0051019980227376,2.528661383850067,40.58730267784194,81.12407264038355,83.86277492811192,-14.208321576311944,-10.27947427789867,0.6676839196494199,79.83999633789062,78.19999694824219,91.9000015258789,614905686.8471527,2049,0.6873045986887316,,79.54,2026-09-21 16:38:49-04:00,11.869545266666668,after_hours,0.3089751393053674,706097.0,79.68,79.13,2026-09-21 16:00:00-04:00,"Vendor latest observation, no executable bid/ask or overnight-session venue feed; after-hours bar volumes and extremes may include late regular-session batches and are not reliable liquidity/support measures",10678,424,0.0235062745832552,"[0.019318021466046845, 0.02808961268716767]",0.0070339851505066,-0.9122101884302702
COST,True,0.0123783688222383,0.0016876497191476,0.0286419698028893,0.0571950545478937,0.0152876660863101,0.0072662797967459,0.0250170045281842,0.0380172852290934,0.0138330174542742,0.0044769647579468,0.0268294871655368,0.0476061698884935,898.47998046875,0.3540653984430486,0.9901448445367124,14.26028923341578,1.587157148006345,37.95497217497438,916.1049687936816,933.7612492595812,-9.126476423828043,-5.197629125414771,0.9311318648119687,899.4400024414062,885.5,974.489990234375,1931414250.2996824,2513,0.106849567438938,,898.13,2026-09-21 16:44:15-04:00,6.435633683333333,after_hours,-0.0389525060499829,181.0,899.0,897.0,2026-09-21 16:00:01-04:00,"Vendor latest observation, no executable bid/ask or overnight-session venue feed; after-hours bar volumes and extremes may include late regular-session batches and are not reliable liquidity/support measures",7951,423,0.01697899635266,"[0.013384966503016517, 0.02111618436249463]",0.0029092972640717,-1.2359488672663983
