symbol,date,high_return,low_return,close_return,priorclose_to_high,next_gap,hit5,hit10,close3,down3,toy_trade_return,ambiguous_both,exit_date
NVDA,2018-02-08 00:00:00-05:00,0.00268621926446877,-0.08700943915385939,-0.027897190349464696,0.0982437960094571,0.09530157581609688,0.0,0.0,0.0,1.0,-0.032,False,2018-02-09 00:00:00-05:00
NVDA,2021-11-17 00:00:00-05:00,0.012141926488674182,-0.03231690967923284,-0.023379841516874555,0.11957891665647091,0.10614814716797416,0.0,0.0,0.0,1.0,-0.032,False,2021-11-18 00:00:00-05:00
NVDA,2023-02-22 00:00:00-05:00,0.01911262559796878,-0.017704816811943358,0.007556272113220965,0.15100707439422556,0.12942087604779418,0.0,0.0,0.0,0.0,0.007556272113220965,False,2023-02-23 00:00:00-05:00
NVDA,2024-02-21 00:00:00-05:00,0.047317498835888205,-0.010729760597180449,0.04482439742529687,0.164557102295535,0.11194275240312579,0.0,0.0,1.0,0.0,0.04482439742529687,False,2024-02-22 00:00:00-05:00
AVGO,2024-06-12 00:00:00-04:00,0.015116998326708764,-0.0336140415124726,-0.020134490788331516,0.16070780312242428,0.14342268431688532,0.0,0.0,0.0,1.0,-0.032,False,2024-06-13 00:00:00-04:00
AMD,2017-11-03 00:00:00-04:00,0.004152839775189543,-0.03322255978385491,-0.011136184138352488,0.08723024073844576,0.08273382066205759,0.0,0.0,0.0,1.0,-0.032,False,2017-11-06 00:00:00-05:00
AMD,2018-04-25 00:00:00-04:00,0.029438794681989178,-0.023919064546380486,0.013639381608438807,0.15242013763356965,0.11946445343510836,0.0,0.0,0.0,0.0,0.013639381608438807,False,2018-04-26 00:00:00-04:00
AMD,2019-01-29 00:00:00-05:00,0.07631453732505578,-0.005583942911253081,0.07245325260636215,0.20155839796190134,0.11636362447367077,1.0,0.0,1.0,0.0,0.048,False,2019-01-30 00:00:00-05:00
AMD,2019-08-07 00:00:00-04:00,0.08690135462885307,-0.0015858275712108405,0.07380074310978646,0.17403219701140227,0.08016444363739161,1.0,0.0,1.0,0.0,0.048,False,2019-08-08 00:00:00-04:00
AMD,2020-07-28 00:00:00-04:00,0.02238413829677155,-0.02119203276981585,0.005814521031663801,0.1416950413336917,0.11669870312707009,0.0,0.0,0.0,0.0,0.005814521031663801,False,2020-07-29 00:00:00-04:00
AMD,2022-02-01 00:00:00-05:00,0.0013087856628233308,-0.0712141045766852,-0.0568925805444741,0.11371809315047865,0.11226238009411382,0.0,0.0,0.0,1.0,-0.032,False,2022-02-02 00:00:00-05:00
AMD,2023-05-24 00:00:00-04:00,0.028812590172668573,-0.012871831372102238,0.02391425265360625,0.11471327406876042,0.08349497733272782,0.0,0.0,0.0,0.0,0.02391425265360625,False,2023-05-25 00:00:00-04:00
AMD,2024-07-30 00:00:00-04:00,0.019040738123315748,-0.07098784085142285,-0.043464872136648625,0.10950594766513189,0.08877487048105515,0.0,0.0,0.0,1.0,-0.032,False,2024-07-31 00:00:00-04:00
AMD,2026-04-23 00:00:00-04:00,0.04819450052886509,-0.006592235290194259,0.030812648392127162,0.15609342599184628,0.10293788548646376,0.0,0.0,1.0,0.0,0.030812648392127162,False,2026-04-24 00:00:00-04:00
MU,2016-12-21 00:00:00-05:00,0.025316452534658973,-0.0061108420157519605,0.010221767285482299,0.1413994100194378,0.11321671197005845,0.0,0.0,0.0,0.0,0.010221767285482299,False,2016-12-22 00:00:00-05:00
MU,2017-03-23 00:00:00-04:00,0.005385451352786008,-0.052170962128054166,-0.045083097231256475,0.12844735980644906,0.12240271458879626,0.0,0.0,0.0,1.0,-0.032,False,2017-03-24 00:00:00-04:00
MU,2019-06-25 00:00:00-04:00,0.04850855116474828,-0.004739285587048059,0.030617842723228206,0.15085680107521227,0.09761317616033671,0.0,0.0,1.0,0.0,0.030617842723228206,False,2019-06-26 00:00:00-04:00
MU,2021-12-20 00:00:00-05:00,0.024160035706150218,-0.018429030554186876,0.01699092574418759,0.11105693948456796,0.08484699729422962,0.0,0.0,0.0,0.0,0.01699092574418759,False,2021-12-21 00:00:00-05:00
MU,2023-12-20 00:00:00-05:00,0.011999960506663632,-0.022235286937040466,0.0036470983168657174,0.09315026018862027,0.0801880462933302,0.0,0.0,0.0,0.0,0.0036470983168657174,False,2023-12-21 00:00:00-05:00
MU,2025-05-09 00:00:00-04:00,0.014976828210461868,-0.009266249681868843,-0.007602808498493039,0.09713482737717483,0.08094568948097902,0.0,0.0,0.0,0.0,-0.007602808498493039,False,2025-05-12 00:00:00-04:00
MU,2025-12-17 00:00:00-05:00,0.02775501949506154,-0.044946005668586975,-0.03310745630340328,0.16907586423223409,0.13750440723374302,0.0,0.0,0.0,1.0,-0.032,False,2025-12-18 00:00:00-05:00
MU,2026-04-07 00:00:00-04:00,0.0020957172619529008,-0.03914436395554499,-0.022234610357436346,0.10175331001125798,0.09944917539574116,0.0,0.0,0.0,1.0,-0.032,False,2026-04-08 00:00:00-04:00
MU,2026-05-22 00:00:00-04:00,0.1173674439889929,-0.0002437686862050148,0.08987081643243444,0.22077228734083731,0.09254327563248999,1.0,1.0,1.0,0.0,0.048,False,2026-05-26 00:00:00-04:00
SNDK,2025-05-09 00:00:00-04:00,0.026738023945988232,-0.027710243231925835,0.001159967672433872,0.1192368786397684,0.0900900254363679,0.0,0.0,0.0,0.0,0.001159967672433872,False,2025-05-12 00:00:00-04:00
SNDK,2025-09-10 00:00:00-04:00,0.04362085303487673,-0.011178684863003663,0.022301335672396227,0.16193183870683403,0.11336586972932361,0.0,0.0,0.0,0.0,0.022301335672396227,False,2025-09-11 00:00:00-04:00
SNDK,2026-04-07 00:00:00-04:00,0.030596908257932043,-0.032920915253308314,-0.005954050492267269,0.13673043043095467,0.10298257380999254,0.0,0.0,0.0,1.0,-0.032,False,2026-04-08 00:00:00-04:00
SNDK,2026-07-20 00:00:00-04:00,0.055547170810816615,-0.014569994624342275,0.04941993835234193,0.14715776562744898,0.08678967397190007,1.0,0.0,1.0,0.0,0.048,False,2026-07-21 00:00:00-04:00
MRVL,2016-11-17 00:00:00-05:00,0.011619964112381753,-0.03280932960737626,0.009619964112381753,0.10778447388192203,0.09505991694610061,0.0,0.0,0.0,1.0,-0.032,False,2016-11-18 00:00:00-05:00
MRVL,2017-11-03 00:00:00-04:00,0.04823467349151578,-0.007459051284249729,0.002475392832238967,0.13884384997543942,0.0864397818306446,0.0,0.0,0.0,0.0,0.002475392832238967,False,2017-11-06 00:00:00-05:00
MRVL,2020-05-28 00:00:00-04:00,0.011974190767659598,-0.0337734231432778,-0.0004648683595629404,0.09976642774849287,0.08675343480275544,0.0,0.0,0.0,1.0,-0.032,False,2020-05-29 00:00:00-04:00
MRVL,2024-08-29 00:00:00-04:00,0.008939935133584598,-0.07139212962214136,-0.028309132920806834,0.13115698943901233,0.12113412310242833,0.0,0.0,0.0,1.0,-0.032,False,2024-08-30 00:00:00-04:00
MRVL,2024-12-12 00:00:00-05:00,0.03279941365072592,-0.02449359642319182,0.02156130883659002,0.11787907735349257,0.0823777227003144,0.0,0.0,0.0,0.0,0.02156130883659002,False,2024-12-13 00:00:00-05:00
MRVL,2025-04-22 00:00:00-04:00,0.02005473690828552,-0.027164957251047728,-0.021690028193291133,0.10529438845359995,0.08356380149134912,0.0,0.0,0.0,0.0,-0.021690028193291133,False,2025-04-23 00:00:00-04:00
MRVL,2025-05-09 00:00:00-04:00,0.0060259484285003495,-0.02379482210261019,-0.005399277140816115,0.09153393034036816,0.08499580159481845,0.0,0.0,0.0,0.0,-0.005399277140816115,False,2025-05-12 00:00:00-04:00
MRVL,2025-07-29 00:00:00-04:00,0.025989604341860817,-0.03056191669923991,-0.018484210522450528,0.1169766928681848,0.08868227138099449,0.0,0.0,0.0,1.0,-0.032,False,2025-07-30 00:00:00-04:00
MRVL,2026-03-05 00:00:00-05:00,0.10245514849042103,-0.015580732717242363,0.055247384374870645,0.2341437783991558,0.11945032874040695,1.0,1.0,1.0,0.0,0.048,False,2026-03-06 00:00:00-05:00
MRVL,2026-08-03 00:00:00-04:00,0.06028286268869598,-0.009570946904484123,0.03885520715908308,0.14908659083310405,0.08375475193404247,1.0,0.0,1.0,0.0,0.048,False,2026-08-04 00:00:00-04:00
ALAB,2025-04-22 00:00:00-04:00,0.03687846232911185,-0.02337836589401987,-0.011713535335595047,0.13867289782149816,0.09817393184513468,0.0,0.0,0.0,0.0,-0.011713535335595047,False,2025-04-23 00:00:00-04:00
ALAB,2025-05-09 00:00:00-04:00,0.015430660641572613,-0.043793399418208034,0.0010610995936455331,0.14143258604553677,0.12408717826616855,0.0,0.0,0.0,1.0,-0.032,False,2025-05-12 00:00:00-04:00
ALAB,2025-07-18 00:00:00-04:00,0.12123127327282157,-0.0009929645383974783,0.09828886741988163,0.2161950692730068,0.08469599293550778,1.0,1.0,1.0,0.0,0.048,False,2025-07-21 00:00:00-04:00
ALAB,2025-10-03 00:00:00-04:00,0.015050763380080934,-0.050577518735010596,-0.03590794575946388,0.15572379023323513,0.13858718394015912,0.0,0.0,0.0,1.0,-0.032,False,2025-10-06 00:00:00-04:00
ALAB,2025-11-19 00:00:00-05:00,0.04073666132589282,-0.10959343050242687,-0.10032989941427306,0.13212450682390564,0.08781072954765068,0.0,0.0,0.0,1.0,-0.032,False,2025-11-20 00:00:00-05:00
ALAB,2026-07-29 00:00:00-04:00,0.06352447625052582,-0.03247976760459037,0.060071464184090706,0.20164971371288787,0.1298749963417154,1.0,0.0,1.0,1.0,-0.032,True,2026-07-30 00:00:00-04:00
TSM,2020-03-19 00:00:00-04:00,0.0054143756571156665,-0.07371930199461318,-0.07467808507283236,0.1000227717178741,0.09409890921733077,0.0,0.0,0.0,1.0,-0.032,False,2020-03-20 00:00:00-04:00
TSM,2022-11-14 00:00:00-05:00,0.01232912791510965,-0.023315381779865474,-0.019822254847487564,0.13914830808751422,0.12527465295164286,0.0,0.0,0.0,0.0,-0.019822254847487564,False,2022-11-15 00:00:00-05:00
TSM,2024-01-17 00:00:00-05:00,0.019694267099895635,-0.015467568691653444,0.014456851450332932,0.10140847742477277,0.08013599071933597,0.0,0.0,0.0,0.0,0.014456851450332932,False,2024-01-18 00:00:00-05:00
TSM,2024-10-16 00:00:00-04:00,0.04548807338265459,-0.0067863527975996485,0.01024484956792904,0.13398768374457926,0.08464908650328828,0.0,0.0,0.0,0.0,0.01024484956792904,False,2024-10-17 00:00:00-04:00
WDC,2021-01-28 00:00:00-05:00,0.034435723882364044,-0.06034773499402568,-0.040015662597529866,0.15251660210571805,0.11415003899921605,0.0,0.0,0.0,1.0,-0.032,False,2021-01-29 00:00:00-05:00
WDC,2022-05-02 00:00:00-04:00,0.042804875568043244,-0.013824101154772506,0.0259814083790062,0.16116468287247798,0.11350139424689698,0.0,0.0,0.0,0.0,0.0259814083790062,False,2022-05-03 00:00:00-04:00
WDC,2023-05-12 00:00:00-04:00,0.035254624538552326,-0.033016163953258126,0.026259717629465662,0.12019374198920385,0.08204659553055538,0.0,0.0,0.0,1.0,-0.032,False,2023-05-15 00:00:00-04:00
WDC,2023-10-27 00:00:00-04:00,0.0236384134218226,-0.05422942521997631,-0.0332862248515976,0.13343594085025678,0.10726202337542468,0.0,0.0,0.0,1.0,-0.032,False,2023-10-30 00:00:00-04:00
WDC,2024-10-24 00:00:00-04:00,0.012675729523895063,-0.044915943752645404,-0.04512479369857847,0.10826303618538913,0.09439083398042314,0.0,0.0,0.0,1.0,-0.032,False,2024-10-25 00:00:00-04:00
WDC,2025-10-30 00:00:00-04:00,0.013826327308581243,-0.09871386561746387,-0.03601924942850687,0.14131606691994514,0.12575106423780946,0.0,0.0,0.0,1.0,-0.032,False,2025-10-31 00:00:00-04:00
WDC,2026-04-28 00:00:00-04:00,0.04156942117860196,-0.033698640520482326,-0.029312351057356634,0.13043812187986847,0.08532191795790811,0.0,0.0,0.0,1.0,-0.032,False,2026-04-29 00:00:00-04:00
WDC,2026-06-24 00:00:00-04:00,0.0,-0.0967078189300411,-0.07553907455632713,0.13228644308187198,0.13228644308187198,0.0,0.0,0.0,1.0,-0.032,False,2026-06-25 00:00:00-04:00
WDC,2026-07-20 00:00:00-04:00,0.046935586389833084,-0.02231422977524411,0.03502656375681368,0.13583765465324804,0.08491646422104893,0.0,0.0,1.0,0.0,0.03502656375681368,False,2026-07-21 00:00:00-04:00
WDC,2026-07-29 00:00:00-04:00,0.06922703772161176,-0.00908823209607068,0.039805891500092505,0.18403167952289956,0.10737162244411813,1.0,0.0,1.0,0.0,0.048,False,2026-07-30 00:00:00-04:00
STX,2017-01-24 00:00:00-05:00,0.09964663053502898,-0.006831587993292199,0.0031825065265469483,0.24679492567809969,0.13381416452981454,1.0,0.0,0.0,0.0,0.048,False,2017-01-25 00:00:00-05:00
STX,2017-10-20 00:00:00-04:00,0.03152584998475083,-0.05069362065266436,-0.00956628096374734,0.17057822362402586,0.1348026068773076,0.0,0.0,0.0,1.0,-0.032,False,2017-10-23 00:00:00-04:00
STX,2018-01-05 00:00:00-05:00,0.018860229738936418,-0.06478064629950897,-0.05899054630720402,0.15742902544076243,0.13600373403261745,0.0,0.0,0.0,1.0,-0.032,False,2018-01-08 00:00:00-05:00
STX,2022-01-26 00:00:00-05:00,0.09078197204451621,-0.044458982493778776,-0.0356471300172122,0.215138633017796,0.11400689061645441,1.0,0.0,0.0,1.0,-0.032,True,2022-01-27 00:00:00-05:00
STX,2023-01-25 00:00:00-05:00,0.032126748874251154,-0.044628574705124824,0.001198156967220811,0.1405622489959839,0.10506025567112198,0.0,0.0,0.0,1.0,-0.032,False,2023-01-26 00:00:00-05:00
STX,2026-06-24 00:00:00-04:00,0.0,-0.09871285590473111,-0.07908372155574928,0.1185502139441228,0.1185502139441228,0.0,0.0,0.0,1.0,-0.032,False,2026-06-25 00:00:00-04:00
STX,2026-07-29 00:00:00-04:00,0.025338225997792563,-0.05451067186451497,-0.032981535425440245,0.1788914633259293,0.14975861958009884,0.0,0.0,0.0,1.0,-0.032,False,2026-07-30 00:00:00-04:00
CRDO,2025-05-09 00:00:00-04:00,0.018289410962729846,-0.04464768976203526,-0.011682641403890635,0.11791342063833854,0.09783467116820965,0.0,0.0,0.0,1.0,-0.032,False,2025-05-12 00:00:00-04:00
CRDO,2025-09-03 00:00:00-04:00,0.022428358492819322,-0.03815355321529823,-0.030950289927507035,0.13080067431204134,0.10599502147903617,0.0,0.0,0.0,1.0,-0.032,False,2025-09-04 00:00:00-04:00
CRDO,2025-11-19 00:00:00-05:00,0.02586428126623752,-0.13257088970596986,-0.12644767707056648,0.11263035789107789,0.08457851414589079,0.0,0.0,0.0,1.0,-0.032,False,2025-11-20 00:00:00-05:00
CRDO,2025-12-01 00:00:00-05:00,0.09285152991525325,-0.04500724779826437,-0.03877763318146166,0.2493425872228845,0.14319516697731727,1.0,0.0,0.0,1.0,-0.032,True,2025-12-02 00:00:00-05:00
LITE,2017-05-03 00:00:00-04:00,0.08924734464255701,-0.006451596495925749,0.008752688172043001,0.1847953573305008,0.08771929824561409,1.0,0.0,0.0,0.0,0.048,False,2017-05-04 00:00:00-04:00
LITE,2017-08-08 00:00:00-04:00,0.0038910505836575737,-0.11595331926754016,-0.10861476224312983,0.08860759493670889,0.08438818565400852,0.0,0.0,0.0,1.0,-0.032,False,2017-08-09 00:00:00-04:00
LITE,2018-05-01 00:00:00-04:00,0.04661016949152552,-0.035593194476628676,-0.010474576271186418,0.17283947218212714,0.12060775479749797,0.0,0.0,0.0,1.0,-0.032,False,2018-05-02 00:00:00-04:00
LITE,2019-06-28 00:00:00-04:00,0.006916785379848411,-0.06882246638277523,-0.06010134020343816,0.09024526696488588,0.08275607557143139,0.0,0.0,0.0,1.0,-0.032,False,2019-07-01 00:00:00-04:00
LITE,2019-08-07 00:00:00-04:00,0.01683330535888672,-0.02383333841959634,0.00866665649414067,0.11008004617616152,0.09170307495422159,0.0,0.0,0.0,0.0,0.00866665649414067,False,2019-08-08 00:00:00-04:00
LITE,2022-05-03 00:00:00-04:00,0.0005502096530480838,-0.0645906172380164,-0.017184829391773238,0.10701242976433578,0.1064036757817528,0.0,0.0,0.0,1.0,-0.032,False,2022-05-04 00:00:00-04:00
LITE,2024-08-14 00:00:00-04:00,0.041756085651676766,-0.012917048756669214,0.01770728432259916,0.1726334465426258,0.12563148196929208,0.0,0.0,0.0,0.0,0.01770728432259916,False,2024-08-15 00:00:00-04:00
LITE,2025-05-09 00:00:00-04:00,0.01978800743291731,-0.021060040477307918,0.011851637553831786,0.11222442532855381,0.09064277793217435,0.0,0.0,0.0,0.0,0.011851637553831786,False,2025-05-12 00:00:00-04:00
LITE,2026-02-03 00:00:00-05:00,0.06649474082634321,-0.09948851836743855,-0.018021277161173743,0.15968738104825464,0.0873821845100744,1.0,0.0,0.0,1.0,-0.032,True,2026-02-04 00:00:00-05:00
LITE,2026-03-17 00:00:00-04:00,0.04894586440461479,-0.018543360306484846,-0.013760595880060398,0.14517517726984464,0.09173906502777429,0.0,0.0,0.0,0.0,-0.013760595880060398,False,2026-03-18 00:00:00-04:00
LITE,2026-08-11 00:00:00-04:00,0.07519463357723866,-0.0697330394231438,0.03523022325152958,0.17793288237974836,0.09555316367297473,1.0,0.0,1.0,1.0,-0.032,True,2026-08-12 00:00:00-04:00
COHR,2023-06-13 00:00:00-04:00,0.13064130981757738,-0.003239074096970773,0.054143346944935056,0.22279311031103233,0.08150400988649809,1.0,1.0,1.0,0.0,0.048,False,2023-06-14 00:00:00-04:00
COHR,2023-06-15 00:00:00-04:00,0.02117435250096511,-0.04786481147488075,-0.025665512686820935,0.1193680295931816,0.09615760212908775,0.0,0.0,0.0,1.0,-0.032,False,2023-06-16 00:00:00-04:00
COHR,2023-10-09 00:00:00-04:00,0.012282214389919277,-0.05969723658348247,-0.05769828739588445,0.14322576215190264,0.12935478456558713,0.0,0.0,0.0,1.0,-0.032,False,2023-10-10 00:00:00-04:00
COHR,2025-02-05 00:00:00-05:00,0.039903174301036515,-0.044067826167145885,-0.029021800634647432,0.1916759663144867,0.1459489650230783,0.0,0.0,0.0,1.0,-0.032,False,2025-02-06 00:00:00-05:00
COHR,2025-05-09 00:00:00-04:00,0.021603380286612683,-0.020952538491508577,0.010103075865416146,0.11237070057345333,0.08884790520306973,0.0,0.0,0.0,0.0,0.010103075865416146,False,2025-05-12 00:00:00-04:00
COHR,2025-11-05 00:00:00-05:00,0.05725441266417963,-0.02062458186002958,0.034434653316235186,0.2070117663699611,0.14164741420034122,1.0,0.0,1.0,0.0,0.048,False,2025-11-06 00:00:00-05:00
COHR,2026-04-07 00:00:00-04:00,0.02769572135391951,-0.04175978031744887,0.01419192553050297,0.11713055338261213,0.08702462233750285,0.0,0.0,0.0,1.0,-0.032,False,2026-04-08 00:00:00-04:00
COHR,2026-08-11 00:00:00-04:00,0.010945392164581902,-0.05419669087008583,-0.008980510129408701,0.10192649812168808,0.08999606374613589,0.0,0.0,0.0,1.0,-0.032,False,2026-08-12 00:00:00-04:00
AAOI,2017-05-04 00:00:00-04:00,0.09256744752107604,-0.05880067632592756,0.08396934620839969,0.20273440686511845,0.10083309693511366,1.0,0.0,1.0,1.0,-0.032,True,2017-05-05 00:00:00-04:00
AAOI,2025-06-11 00:00:00-04:00,0.11954677937422331,-0.0555240545845368,-0.04335974832939493,0.21078435039117016,0.0814950948882589,1.0,1.0,0.0,1.0,-0.032,True,2025-06-12 00:00:00-04:00
AAOI,2026-05-12 00:00:00-04:00,0.13985364960461122,-0.06468781261909295,0.08629271270007632,0.24107711750548133,0.0888039161307963,1.0,1.0,1.0,1.0,-0.032,True,2026-05-13 00:00:00-04:00
AAOI,2026-08-06 00:00:00-04:00,0.048217367925206256,-0.08408194895266641,-0.05007686026202318,0.20230240408840228,0.14699721725483794,0.0,0.0,0.0,1.0,-0.032,False,2026-08-07 00:00:00-04:00
AMAT,2026-01-14 00:00:00-05:00,0.008900309519767724,-0.028194343997153593,-0.029432334699933227,0.09642579727409073,0.08675335603374412,0.0,0.0,0.0,0.0,-0.029432334699933227,False,2026-01-15 00:00:00-05:00
AMAT,2026-02-12 00:00:00-05:00,0.031154938311763747,-0.03203179079433671,-0.029510640386624543,0.14595447649982107,0.1113310269124157,0.0,0.0,0.0,1.0,-0.032,False,2026-02-13 00:00:00-05:00
AMAT,2026-06-24 00:00:00-04:00,0.049361779017779384,-0.04396772737591503,0.04544881962710878,0.13625482451031568,0.0828056131164503,0.0,0.0,1.0,1.0,-0.032,False,2026-06-25 00:00:00-04:00
AMAT,2026-07-08 00:00:00-04:00,0.004256241603907807,-0.06672934516343743,-0.0636123201678328,0.10425938732471507,0.09957931210971727,0.0,0.0,0.0,1.0,-0.032,False,2026-07-09 00:00:00-04:00
LRCX,2019-10-23 00:00:00-04:00,0.053079746511901726,-0.0019806354821534367,0.05008946654758417,0.140106277547273,0.08264001973604351,1.0,0.0,1.0,0.0,0.048,False,2019-10-24 00:00:00-04:00
LRCX,2020-03-23 00:00:00-04:00,0.11045878796635877,-0.010119809977120697,0.09895946494813179,0.20627434131937306,0.0862846549474261,1.0,1.0,1.0,0.0,0.048,False,2020-03-24 00:00:00-04:00
LRCX,2026-01-14 00:00:00-05:00,0.006224034476102869,-0.04795085459253112,-0.048811277499428485,0.0995259097959178,0.0927247532587443,0.0,0.0,0.0,1.0,-0.032,False,2026-01-15 00:00:00-05:00
LRCX,2026-04-07 00:00:00-04:00,0.02652936124163241,-0.0051905026028257195,0.01340681974526903,0.11071983803035601,0.08201467972322929,0.0,0.0,0.0,0.0,0.01340681974526903,False,2026-04-08 00:00:00-04:00
LRCX,2026-06-24 00:00:00-04:00,0.0,-0.0874776423335869,-0.017122878153485677,0.08855390480892877,0.08855390480892877,0.0,0.0,0.0,1.0,-0.032,False,2026-06-25 00:00:00-04:00
LRCX,2026-07-08 00:00:00-04:00,0.013200797687841881,-0.04127299077777913,-0.03475543312009277,0.11046081039995848,0.09599283077359111,0.0,0.0,0.0,1.0,-0.032,False,2026-07-09 00:00:00-04:00
KLAC,2026-07-08 00:00:00-04:00,0.035436369631422604,-0.046104945508657735,-0.041745627270472596,0.11895295093869351,0.0806583424696583,0.0,0.0,0.0,1.0,-0.032,False,2026-07-09 00:00:00-04:00
ONTO,2024-05-09 00:00:00-04:00,0.029406552949864606,-0.05273820564005571,-0.014370124640310842,0.12196525473692721,0.08991462267442007,0.0,0.0,0.0,1.0,-0.032,False,2024-05-10 00:00:00-04:00
ONTO,2024-09-25 00:00:00-04:00,0.01875857841961004,-0.03942672504219791,-0.0015282469103976553,0.11414678204193951,0.09363180408287142,0.0,0.0,0.0,1.0,-0.032,False,2024-09-26 00:00:00-04:00
ONTO,2026-01-14 00:00:00-05:00,0.03543093554188004,-0.016575511696491296,-0.008611933096507872,0.12294149540051769,0.08451607621018198,0.0,0.0,0.0,0.0,-0.008611933096507872,False,2026-01-15 00:00:00-05:00
ONTO,2026-04-07 00:00:00-04:00,0.015602584792802743,-0.030108793995215377,0.012126701999400693,0.09917391112686835,0.08228742973425507,0.0,0.0,0.0,1.0,-0.032,False,2026-04-08 00:00:00-04:00
ONTO,2026-04-15 00:00:00-04:00,0.0,-0.07909721798366975,-0.07439585452609587,0.11239863572631315,0.11239863572631315,0.0,0.0,0.0,1.0,-0.032,False,2026-04-16 00:00:00-04:00
ONTO,2026-08-06 00:00:00-04:00,0.04740000406901035,-0.01666666666666672,0.02566662597656255,0.16940821341905665,0.11648673751772054,0.0,0.0,0.0,0.0,0.02566662597656255,False,2026-08-07 00:00:00-04:00
CAMT,2024-09-25 00:00:00-04:00,0.02617314141825089,-0.03309123297010219,-0.011569950408497618,0.16097046371509505,0.1313592383742801,0.0,0.0,0.0,1.0,-0.032,False,2024-09-26 00:00:00-04:00
CAMT,2026-04-07 00:00:00-04:00,0.02758617457345469,-0.04613159416450152,-0.016256775835172155,0.11361635598039688,0.08372064896907827,0.0,0.0,0.0,1.0,-0.032,False,2026-04-08 00:00:00-04:00
CAMT,2026-06-01 00:00:00-04:00,0.05805553860134549,-0.02777777777777779,0.03977780151367183,0.16776013995160666,0.10368510663937447,1.0,0.0,1.0,0.0,0.048,False,2026-06-02 00:00:00-04:00
CAMT,2026-08-07 00:00:00-04:00,0.001412205666277755,-0.13057550972471688,-0.07167162626688173,0.09546177012947044,0.09391693443622229,0.0,0.0,0.0,1.0,-0.032,False,2026-08-10 00:00:00-04:00
TER,2018-07-24 00:00:00-04:00,0.026675602116733588,-0.05962788188787582,-0.038987256294635175,0.1342248148979135,0.10475481501600092,0.0,0.0,0.0,1.0,-0.032,False,2018-07-25 00:00:00-04:00
TER,2019-01-23 00:00:00-05:00,0.07982710077407562,-0.018732032034221913,0.03661671824569668,0.17350456819849525,0.08675228409924762,1.0,0.0,1.0,0.0,0.048,False,2019-01-24 00:00:00-05:00
TER,2019-07-23 00:00:00-04:00,0.09962479266976931,-0.003189459125303551,0.08505439880048171,0.21875650705726923,0.10833851253777316,1.0,0.0,1.0,0.0,0.048,False,2019-07-24 00:00:00-04:00
TER,2020-04-21 00:00:00-04:00,0.0,-0.13261915001084323,-0.05480627737569077,0.08780565316469602,0.08780565316469602,0.0,0.0,0.0,1.0,-0.032,False,2020-04-22 00:00:00-04:00
TER,2026-07-20 00:00:00-04:00,0.050387818397247264,-0.013822687629847619,0.03412190732665343,0.1361157458848452,0.0816155004714425,1.0,0.0,1.0,0.0,0.048,False,2026-07-21 00:00:00-04:00
TER,2026-07-28 00:00:00-04:00,0.011769549229897702,-0.13240008769552636,-0.1338020957837215,0.16086080795777402,0.14735693403834516,0.0,0.0,0.0,1.0,-0.032,False,2026-07-29 00:00:00-04:00
TER,2026-07-29 00:00:00-04:00,0.060649630565368096,-0.009772905881383909,0.04856049625319758,0.15525498816358252,0.08919567298372222,1.0,0.0,1.0,0.0,0.048,False,2026-07-30 00:00:00-04:00
SMTC,2024-06-05 00:00:00-04:00,0.05707193040367797,-0.15384622665961267,-0.1452438986359339,0.21147880663489071,0.14607035887543351,1.0,0.0,0.0,1.0,-0.032,True,2024-06-06 00:00:00-04:00
SMTC,2025-03-13 00:00:00-04:00,0.06763286557389137,-0.0485774997350904,0.06080193929143474,0.2161418493643532,0.1391011728649183,1.0,0.0,1.0,1.0,-0.032,True,2025-03-14 00:00:00-04:00
SMTC,2025-04-22 00:00:00-04:00,0.06127721809014197,-0.008859349197723687,0.00021481969746872838,0.1644390189600029,0.09720532874107035,1.0,0.0,0.0,0.0,0.048,False,2025-04-23 00:00:00-04:00
SMTC,2025-05-09 00:00:00-04:00,0.019235824178143845,-0.011330706100952215,0.005114636425181509,0.10293700147606044,0.0821215025143065,0.0,0.0,0.0,0.0,0.005114636425181509,False,2025-05-12 00:00:00-04:00
SMTC,2026-03-27 00:00:00-04:00,0.0061523119403550375,-0.11356054040210495,-0.09697560050681397,0.08786025521253826,0.08120832432875913,0.0,0.0,0.0,1.0,-0.032,False,2026-03-30 00:00:00-04:00
SMTC,2026-05-15 00:00:00-04:00,0.0,-0.13665931881935678,-0.11425108928493954,0.08347868021007998,0.08347868021007998,0.0,0.0,0.0,1.0,-0.032,False,2026-05-18 00:00:00-04:00
SMTC,2026-07-13 00:00:00-04:00,0.02040821049976005,-0.04846938158241776,-0.027372261763149774,0.11993951445757345,0.09754067336352223,0.0,0.0,0.0,1.0,-0.032,False,2026-07-14 00:00:00-04:00
VICR,2026-04-07 00:00:00-04:00,0.06016673698821906,0.0,0.02545754662911226,0.16198460297219408,0.09603948363181525,1.0,0.0,0.0,0.0,0.048,False,2026-04-08 00:00:00-04:00
VICR,2026-05-08 00:00:00-04:00,0.11970996694628488,-0.0008214384425779819,0.11567429927606176,0.2224821510781343,0.09178464706546596,1.0,1.0,1.0,0.0,0.048,False,2026-05-11 00:00:00-04:00
VICR,2026-05-22 00:00:00-04:00,0.12875689437819804,-0.0487435034981204,0.12112362454722914,0.24862870745485743,0.10619807832287353,1.0,1.0,1.0,1.0,-0.032,True,2026-05-26 00:00:00-04:00
VICR,2026-09-16 00:00:00-04:00,0.06037279610970692,0.0,0.04563977822563814,0.19090859611344357,0.12310368625321777,1.0,0.0,1.0,0.0,0.048,False,2026-09-17 00:00:00-04:00
INTC,2021-01-12 00:00:00-05:00,0.012605042016806678,-0.043697453346573045,-0.04485713003463099,0.13166788318056044,0.11758073110777323,0.0,0.0,0.0,1.0,-0.032,False,2021-01-13 00:00:00-05:00
INTC,2025-01-16 00:00:00-05:00,0.01693323642877953,-0.022107211114513303,0.008818416733781255,0.09913577810757457,0.08083376443420254,0.0,0.0,0.0,0.0,0.008818416733781255,False,2025-01-17 00:00:00-05:00
INTC,2025-03-12 00:00:00-04:00,0.043829816453000436,-0.015744716563123373,0.0065106707633810785,0.18617022846494602,0.13636361959426235,0.0,0.0,0.0,0.0,0.0065106707633810785,False,2025-03-13 00:00:00-04:00
INTC,2026-06-17 00:00:00-04:00,0.02784309412731667,-0.029663880624659966,0.014539018093837843,0.11874481779197499,0.08843929991263688,0.0,0.0,0.0,0.0,0.014539018093837843,False,2026-06-18 00:00:00-04:00
CIEN,2017-05-31 00:00:00-04:00,0.06428294286254066,-0.0034233605726021743,0.032233533175676676,0.19165247392383056,0.11967638109346312,1.0,0.0,1.0,0.0,0.048,False,2017-06-01 00:00:00-04:00
CIEN,2018-12-12 00:00:00-05:00,0.022091749233993596,-0.042225905827963706,-0.025769533389750188,0.1372121944978153,0.11263220288207854,0.0,0.0,0.0,1.0,-0.032,False,2018-12-13 00:00:00-05:00
CIEN,2019-12-11 00:00:00-05:00,0.11645436444190604,-0.012997140216645442,0.10587620430197098,0.21293422615132807,0.08641630574631742,1.0,1.0,1.0,0.0,0.048,False,2019-12-12 00:00:00-05:00
CIEN,2021-12-08 00:00:00-05:00,0.048906022508513836,-0.011726007310821185,0.026600028475217474,0.17926041116425728,0.12427651844728094,0.0,0.0,0.0,0.0,0.026600028475217474,False,2021-12-09 00:00:00-05:00
CIEN,2023-03-03 00:00:00-05:00,0.0,-0.07981570195492516,-0.06393549512168784,0.10511305421416028,0.10511305421416028,0.0,0.0,0.0,1.0,-0.032,False,2023-03-06 00:00:00-05:00
CIEN,2023-08-30 00:00:00-04:00,0.03373790102975627,-0.01728039790250513,0.02618347901014051,0.16427247862960792,0.12627434620499045,0.0,0.0,0.0,0.0,0.02618347901014051,False,2023-08-31 00:00:00-04:00
CIEN,2024-06-05 00:00:00-04:00,0.019018637603192,-0.07816661215717424,-0.07845493187087316,0.1106965167244498,0.08996683253693094,0.0,0.0,0.0,1.0,-0.032,False,2024-06-06 00:00:00-04:00
CIEN,2024-12-11 00:00:00-05:00,0.06669059344052597,-0.019959342721309392,0.008158939795896549,0.2190957671918523,0.1428766454757564,1.0,0.0,0.0,0.0,0.048,False,2024-12-12 00:00:00-05:00
ARM,2026-03-24 00:00:00-04:00,0.12434654447696802,-3.375860947463227e-05,0.057458380163111666,0.23510665492786154,0.09851065136009107,1.0,1.0,1.0,0.0,0.048,False,2026-03-25 00:00:00-04:00
ARM,2026-04-23 00:00:00-04:00,0.07082350642644819,-0.016151588598970812,0.05589327111208697,0.16162451476849582,0.08479549411935183,1.0,0.0,1.0,0.0,0.048,False,2026-04-24 00:00:00-04:00
ARM,2026-05-05 00:00:00-04:00,0.032327586206896575,-0.05129307714001885,0.020844840740335435,0.14681097586548186,0.11089831482585288,0.0,0.0,0.0,1.0,-0.032,False,2026-05-06 00:00:00-04:00
QCOM,2020-07-29 00:00:00-04:00,0.05145483662055805,-0.016793607219811935,0.04457297752136902,0.15758361662337084,0.10093517696291876,1.0,0.0,1.0,0.0,0.048,False,2020-07-30 00:00:00-04:00
QCOM,2020-11-04 00:00:00-05:00,0.020436123836650832,-0.027362538010937132,-0.004811710612507179,0.15375670034398237,0.13065058497348248,0.0,0.0,0.0,0.0,-0.004811710612507179,False,2020-11-05 00:00:00-05:00
QCOM,2021-11-03 00:00:00-04:00,0.020854620995983453,-0.01931937135978523,-0.003343441044188376,0.15236862185517475,0.12882735519273192,0.0,0.0,0.0,0.0,-0.003343441044188376,False,2021-11-04 00:00:00-04:00
QCOM,2026-04-23 00:00:00-04:00,0.04072517444491841,-0.013941341740181024,0.020251256641597326,0.13131763149414133,0.08704743507097468,0.0,0.0,0.0,0.0,0.020251256641597326,False,2026-04-24 00:00:00-04:00
QCOM,2026-04-29 00:00:00-04:00,0.08625397311632899,-0.04934615136629794,0.04176633912079408,0.19801281660031056,0.10288463494716549,1.0,0.0,1.0,1.0,-0.032,True,2026-04-30 00:00:00-04:00
QCOM,2026-06-24 00:00:00-04:00,0.0,-0.08936784398720388,-0.06821701346344966,0.11154444357015314,0.11154444357015314,0.0,0.0,0.0,1.0,-0.032,False,2026-06-25 00:00:00-04:00
ASML,2022-11-09 00:00:00-05:00,0.057046109735124695,-0.020959576008348968,0.05310814304297984,0.14783642612755155,0.08589059224216533,1.0,0.0,1.0,0.0,0.048,False,2022-11-10 00:00:00-05:00
ASML,2026-04-07 00:00:00-04:00,0.005833947264250572,-0.02587615730559467,-0.0019647791498065264,0.09402586588214756,0.08768039581261755,0.0,0.0,0.0,0.0,-0.0019647791498065264,False,2026-04-08 00:00:00-04:00
MPWR,2022-02-10 00:00:00-05:00,0.060134338840966306,-0.045747490235939936,-0.03919248525747765,0.14704506095011127,0.0819808574488432,1.0,0.0,0.0,1.0,-0.032,True,2022-02-11 00:00:00-05:00
MPWR,2022-05-02 00:00:00-04:00,0.03853931212693107,-0.04105615508690308,0.026044968508602606,0.12480833204836705,0.08306764983672754,0.0,0.0,0.0,1.0,-0.032,False,2022-05-03 00:00:00-04:00
MPWR,2023-05-24 00:00:00-04:00,0.09002027068256102,-0.015678664656354036,0.07331051830960633,0.19067660962364053,0.09234354777462017,1.0,0.0,1.0,0.0,0.048,False,2023-05-25 00:00:00-04:00
MPWR,2025-05-09 00:00:00-04:00,0.038934868860337035,-0.02014464518026471,0.01997469729558965,0.13050155686202158,0.08813515721358822,0.0,0.0,0.0,0.0,0.01997469729558965,False,2025-05-12 00:00:00-04:00
MPWR,2026-02-05 00:00:00-05:00,0.0,-0.06430400390625002,-0.01814404296875005,0.08132424204344946,0.08132424204344946,0.0,0.0,0.0,1.0,-0.032,False,2026-02-06 00:00:00-05:00
ACMR,2026-05-22 00:00:00-04:00,0.08654690788625041,-0.040698377577304545,0.08404444694892255,0.1792774614783177,0.08534427084465568,1.0,0.0,1.0,1.0,-0.032,True,2026-05-26 00:00:00-04:00
ACMR,2026-06-16 00:00:00-04:00,0.0469684796749823,-0.04676907158453736,-0.04278576373831211,0.15145862593082082,0.09980257121807168,0.0,0.0,0.0,1.0,-0.032,False,2026-06-17 00:00:00-04:00
ACMR,2026-07-08 00:00:00-04:00,0.0170093429422824,-0.02135517441223711,-0.010971954060492116,0.10961558104876135,0.09105741136906587,0.0,0.0,0.0,0.0,-0.010971954060492116,False,2026-07-09 00:00:00-04:00
TSEM,2026-04-07 00:00:00-04:00,0.0034563930158972855,-0.0494935321368517,-0.02422651306743051,0.09520066075049471,0.09142825574996749,0.0,0.0,0.0,1.0,-0.032,False,2026-04-08 00:00:00-04:00
TSEM,2026-05-12 00:00:00-04:00,0.07076202675897125,-0.04114982112156518,0.0642334800848916,0.23135448613438836,0.14997959897915436,1.0,0.0,1.0,1.0,-0.032,True,2026-05-13 00:00:00-04:00
NVTS,2025-11-19 00:00:00-05:00,0.01766791239675558,-0.11660775003622614,-0.11271844590397428,0.11917105934380667,0.09974093288251229,0.0,0.0,0.0,1.0,-0.032,False,2025-11-20 00:00:00-05:00
NVTS,2026-04-07 00:00:00-04:00,0.049790396579568075,-0.04192868135531713,-0.000951757974651633,0.16861151691419907,0.11318556611088715,0.0,0.0,0.0,1.0,-0.032,False,2026-04-08 00:00:00-04:00
CLS,2024-10-23 00:00:00-04:00,0.09154707509763838,-0.001594932816611161,0.08157259353598034,0.19088221659461646,0.09100399218979427,1.0,0.0,1.0,0.0,0.048,False,2024-10-24 00:00:00-04:00
CLS,2025-09-04 00:00:00-04:00,0.0599571642981529,-0.036073112497692406,-0.002658885128159592,0.1629167712804409,0.0971356300520525,1.0,0.0,0.0,1.0,-0.032,True,2025-09-05 00:00:00-04:00
CLS,2025-10-27 00:00:00-04:00,0.027426923980618856,-0.09089335949654864,-0.05853014943655244,0.17785432169219173,0.1464117731397998,0.0,0.0,0.0,1.0,-0.032,False,2025-10-28 00:00:00-04:00
FN,2024-08-19 00:00:00-04:00,0.06251910260615468,-0.011259588576455148,0.02090076335877855,0.20224574050464117,0.13150505958505976,1.0,0.0,0.0,0.0,0.048,False,2024-08-20 00:00:00-04:00
FN,2025-03-12 00:00:00-04:00,0.04072730324485074,-0.01963639692826702,0.014636380282315288,0.13413909835584814,0.08975626450824503,0.0,0.0,0.0,0.0,0.014636380282315288,False,2025-03-13 00:00:00-04:00
FN,2026-08-11 00:00:00-04:00,0.031032199607833988,-0.01812392963908105,0.002337879304503023,0.11637638175779119,0.08277547702430521,0.0,0.0,0.0,0.0,0.002337879304503023,False,2026-08-12 00:00:00-04:00
VRT,2022-04-26 00:00:00-04:00,0.036456303286224845,-0.028616210728600433,0.007016054103203386,0.14558061618104334,0.10528597544230789,0.0,0.0,0.0,0.0,0.007016054103203386,False,2022-04-27 00:00:00-04:00
VRT,2023-05-24 00:00:00-04:00,0.048633952683160286,-0.01939888289816949,0.009475464512370248,0.1816502958445756,0.12684725954282117,0.0,0.0,0.0,0.0,0.009475464512370248,False,2023-05-25 00:00:00-04:00
VRT,2024-04-23 00:00:00-04:00,0.05123063177656806,-0.08853997657396095,-0.060135662851969474,0.1922445569371407,0.13414175814327312,1.0,0.0,0.0,1.0,-0.032,True,2024-04-24 00:00:00-04:00
VRT,2025-02-25 00:00:00-05:00,0.011325246852514903,-0.03606203805632202,-0.022365616701536806,0.10772580371602158,0.0953210227506216,0.0,0.0,0.0,1.0,-0.032,False,2025-02-26 00:00:00-05:00
VRT,2026-07-30 00:00:00-04:00,0.019601428331962767,-0.05549478356711146,-0.023468740218724804,0.10641318520346843,0.08514283567994507,0.0,0.0,0.0,1.0,-0.032,False,2026-07-31 00:00:00-04:00
NBIS,2025-04-30 00:00:00-04:00,0.027372606448919257,-0.04415582653668093,-0.04595605986963569,0.13110424998904935,0.10096788924387923,0.0,0.0,0.0,1.0,-0.032,False,2025-05-01 00:00:00-04:00
NBIS,2025-05-09 00:00:00-04:00,0.04362623331453519,-0.03681932380241282,0.02955942040206816,0.19313756618540134,0.14326137854547905,0.0,0.0,0.0,1.0,-0.032,False,2025-05-12 00:00:00-04:00
NBIS,2025-07-11 00:00:00-04:00,0.06703451377150138,-0.002656878546994035,0.059720834639852116,0.17855530437108347,0.10451469859714724,1.0,0.0,1.0,0.0,0.048,False,2025-07-14 00:00:00-04:00
NBIS,2026-03-10 00:00:00-04:00,0.08482310629815348,-0.006371298735331377,0.06299618530286732,0.1830343406618402,0.09053202664425397,1.0,0.0,1.0,0.0,0.048,False,2026-03-11 00:00:00-04:00
NBIS,2026-03-13 00:00:00-04:00,0.06052106654715672,-0.0026212703727768183,0.03888181245303102,0.17131479970187602,0.10447103471074026,1.0,0.0,1.0,0.0,0.048,False,2026-03-16 00:00:00-04:00
NBIS,2026-04-07 00:00:00-04:00,0.006856894431076954,-0.059347406543973746,-0.01681712873671526,0.08816012214309565,0.08074953666375673,0.0,0.0,0.0,1.0,-0.032,False,2026-04-08 00:00:00-04:00
NBIS,2026-05-12 00:00:00-04:00,0.06620223717223483,-0.04339081737465145,0.014801996768365912,0.2134442275543691,0.13809949486942275,1.0,0.0,0.0,1.0,-0.032,True,2026-05-13 00:00:00-04:00
NBIS,2026-05-20 00:00:00-04:00,0.07117215299173218,-0.013884964414536016,0.03667945107275261,0.18241053538922092,0.1038473433862197,1.0,0.0,1.0,0.0,0.048,False,2026-05-21 00:00:00-04:00
NBIS,2026-05-27 00:00:00-04:00,0.010895018897636888,-0.04935328646147108,-0.01953628118454509,0.11767531241084339,0.10562945856598271,0.0,0.0,0.0,1.0,-0.032,False,2026-05-28 00:00:00-04:00
NBIS,2026-06-12 00:00:00-04:00,0.043399674584954084,-0.026670904277021013,0.030187650397872412,0.13141241316540087,0.08435189383728403,0.0,0.0,1.0,0.0,0.030187650397872412,False,2026-06-15 00:00:00-04:00
NBIS,2026-09-16 00:00:00-04:00,0.012303285707718326,-0.08855756020179917,-0.05429979373901417,0.11214601678328373,0.09862926702422348,0.0,0.0,0.0,1.0,-0.032,False,2026-09-17 00:00:00-04:00
CRWV,2025-04-30 00:00:00-04:00,0.02817643604993858,-0.06368958318765428,-0.05952263143608971,0.17070216385704517,0.13861991270162122,0.0,0.0,0.0,1.0,-0.032,False,2025-05-01 00:00:00-04:00
CRWV,2025-09-29 00:00:00-04:00,0.047426702420244826,-0.02195143782237008,0.002698622407330655,0.16446296178558728,0.11173694454696603,0.0,0.0,0.0,0.0,0.002698622407330655,False,2025-09-30 00:00:00-04:00
CRWV,2025-11-19 00:00:00-05:00,0.010530078531418186,-0.1654563706596508,-0.16430940712071262,0.11438867998232971,0.10277635832655974,0.0,0.0,0.0,1.0,-0.032,False,2025-11-20 00:00:00-05:00
CRWV,2026-01-23 00:00:00-05:00,0.06519609339096966,-0.03872546027688417,-0.03817649452359073,0.16853084107548355,0.09701007009475204,1.0,0.0,0.0,1.0,-0.032,True,2026-01-26 00:00:00-05:00
IREN,2024-04-05 00:00:00-04:00,0.041118421568599794,-0.12911181862871046,-0.11219738235219379,0.13035714848309166,0.08571429057997104,0.0,0.0,0.0,1.0,-0.032,False,2024-04-08 00:00:00-04:00
IREN,2024-11-08 00:00:00-05:00,0.07572017326575309,-0.024691296006545627,0.04738274899652262,0.18926296333256687,0.10555048876894446,1.0,0.0,1.0,0.0,0.048,False,2024-11-11 00:00:00-05:00
IREN,2025-02-28 00:00:00-05:00,0.005611693781272686,-0.16049381064287715,-0.15239278324341754,0.08737867561021839,0.08131069112918521,0.0,0.0,0.0,1.0,-0.032,False,2025-03-03 00:00:00-05:00
IREN,2025-09-08 00:00:00-04:00,0.06923752525439952,-0.05170904123383557,0.0563698838840907,0.16456660473670626,0.08915612970057829,1.0,0.0,1.0,1.0,-0.032,True,2025-09-09 00:00:00-04:00
IREN,2026-04-07 00:00:00-04:00,0.005167978268646012,-0.07312666085952124,-0.05032038488421797,0.08841633181332487,0.08282033982824477,0.0,0.0,0.0,1.0,-0.032,False,2026-04-08 00:00:00-04:00
IREN,2026-07-17 00:00:00-04:00,0.12923178584696093,-0.0022531578801719965,0.1026384549007835,0.2223379692534484,0.08245090562754087,1.0,1.0,1.0,0.0,0.048,False,2026-07-20 00:00:00-04:00
IREN,2026-08-11 00:00:00-04:00,0.024893865028419615,-0.03498904997625496,-4.980873561754966e-05,0.12377353884139142,0.09647796438924927,0.0,0.0,0.0,1.0,-0.032,False,2026-08-12 00:00:00-04:00
BE,2020-11-06 00:00:00-05:00,0.029559825910647985,-0.03144654163496252,-0.025270433612330057,0.11893374649224842,0.08680789433731917,0.0,0.0,0.0,1.0,-0.032,False,2020-11-09 00:00:00-05:00
BE,2022-11-03 00:00:00-04:00,0.08329025435623927,-0.06621834928595793,-0.006655983080347315,0.2153221758785815,0.1218804664690758,1.0,0.0,0.0,1.0,-0.032,True,2022-11-04 00:00:00-04:00
BE,2023-02-09 00:00:00-05:00,0.0011696174304749452,-0.12982456035985168,-0.0643781834411351,0.08629445719954743,0.08502539258786879,0.0,0.0,0.0,1.0,-0.032,False,2023-02-10 00:00:00-05:00
BE,2024-07-16 00:00:00-04:00,0.047749380894841265,-0.07360103117482342,-0.07255965714133228,0.14224141038566507,0.09018571732308933,0.0,0.0,0.0,1.0,-0.032,False,2024-07-17 00:00:00-04:00
BE,2025-06-27 00:00:00-04:00,0.010547676791296423,-0.04462476261633763,-0.03161458635023917,0.12308383700063663,0.11136155452523178,0.0,0.0,0.0,1.0,-0.032,False,2025-06-30 00:00:00-04:00
BE,2025-07-23 00:00:00-04:00,0.11362886692219076,-0.0180624345034035,0.0837143036110588,0.2610636153627466,0.1323912775788858,1.0,1.0,1.0,0.0,0.048,False,2025-07-24 00:00:00-04:00
BE,2025-09-09 00:00:00-04:00,0.09146841988365084,-0.002162000096556982,0.04506465933954673,0.19327267733487208,0.09327274669300434,1.0,0.0,1.0,0.0,0.048,False,2025-09-10 00:00:00-04:00
BE,2025-10-28 00:00:00-04:00,0.11523583561339912,-0.054756393379361445,0.032106756055868546,0.27295196417848366,0.14141953076529123,1.0,1.0,1.0,1.0,-0.032,True,2025-10-29 00:00:00-04:00
BE,2026-01-07 00:00:00-05:00,0.05705559926748749,-0.04087190920069317,0.004027542926761997,0.18537040993019382,0.12138889454029234,1.0,0.0,0.0,1.0,-0.032,True,2026-01-08 00:00:00-05:00
BE,2026-04-07 00:00:00-04:00,0.04946452270117763,-0.032530125896249595,-0.019536781955980742,0.1536309989067024,0.09925678663001825,0.0,0.0,0.0,1.0,-0.032,False,2026-04-08 00:00:00-04:00
BE,2026-07-29 00:00:00-04:00,0.15833559996329694,-0.007355678481543615,0.11005366505872494,0.3174962167521469,0.13740458015267176,1.0,1.0,1.0,0.0,0.048,False,2026-07-30 00:00:00-04:00
BE,2026-08-11 00:00:00-04:00,0.05610239703701936,-0.023361978290890595,-9.895257708247666e-05,0.18360871903116482,0.12073291600499614,1.0,0.0,0.0,0.0,0.048,False,2026-08-12 00:00:00-04:00
GEV,2025-04-22 00:00:00-04:00,0.013670760990495578,-0.058891666479185756,-0.05270051907637352,0.10062255595918712,0.0857791289981844,0.0,0.0,0.0,1.0,-0.032,False,2025-04-23 00:00:00-04:00
GEV,2025-07-22 00:00:00-04:00,0.06373473890579096,-0.018044481745698726,0.05386240754825855,0.15433793325189238,0.08517461264760429,1.0,0.0,1.0,0.0,0.048,False,2025-07-23 00:00:00-04:00
GEV,2025-12-09 00:00:00-05:00,0.05612941445581221,-0.018998806545148406,0.042571226609510626,0.16903888416838986,0.10690874448445897,1.0,0.0,1.0,0.0,0.048,False,2025-12-10 00:00:00-05:00
GEV,2026-04-21 00:00:00-04:00,0.06118045990297305,-0.0018027648443954547,0.0457624356801567,0.1520226107765319,0.08560480927236891,1.0,0.0,1.0,0.0,0.048,False,2026-04-22 00:00:00-04:00
ETN,2025-04-22 00:00:00-04:00,0.0,-0.04848592896264314,-0.04799414425841808,0.08257468151258607,0.08257468151258607,0.0,0.0,0.0,1.0,-0.032,False,2025-04-23 00:00:00-04:00
CEG,2022-07-27 00:00:00-04:00,0.053691283349950325,-0.006232074032189727,0.030118799105539384,0.1874663045371885,0.12695845861221677,1.0,0.0,1.0,0.0,0.048,False,2022-07-28 00:00:00-04:00
CEG,2024-07-30 00:00:00-04:00,0.016659774632862945,-0.05318708011290618,-0.02000494489609761,0.16485859953824722,0.14577032415677293,0.0,0.0,0.0,1.0,-0.032,False,2024-07-31 00:00:00-04:00
CEG,2024-09-19 00:00:00-04:00,0.08538867799945571,-0.009185251014083962,0.08228300627987806,0.22417268821661418,0.12786572499812654,1.0,0.0,1.0,0.0,0.048,False,2024-09-20 00:00:00-04:00
CEG,2025-06-02 00:00:00-04:00,0.0,-0.09502923976608191,-0.0867076059084887,0.09115275497508679,0.09115275497508679,0.0,0.0,0.0,1.0,-0.032,False,2025-06-03 00:00:00-04:00
VST,2020-05-04 00:00:00-04:00,0.0,-0.09671179741227764,-0.09677760942444191,0.09014238554123111,0.09014238554123111,0.0,0.0,0.0,1.0,-0.032,False,2020-05-05 00:00:00-04:00
VST,2021-10-12 00:00:00-04:00,0.020512800950270416,-0.012820512820512775,0.013897408509865762,0.11547082109433493,0.09304931800526406,0.0,0.0,0.0,0.0,0.013897408509865762,False,2021-10-13 00:00:00-04:00
VST,2024-11-06 00:00:00-05:00,0.04112658497342392,-0.05857647022039236,-0.019232675927119747,0.14037590183451587,0.09532877009727425,0.0,0.0,0.0,1.0,-0.032,False,2024-11-07 00:00:00-05:00
ASTS,2021-07-09 00:00:00-04:00,0.014245000698613897,-0.08760680524061704,-0.054706536547632356,0.1159874228596327,0.10031345689743443,0.0,0.0,0.0,1.0,-0.032,False,2021-07-12 00:00:00-04:00
ASTS,2024-09-03 00:00:00-04:00,0.14223198427519534,-0.09659269067509235,0.032073212495631775,0.24243458364868475,0.08772526137680603,1.0,1.0,1.0,1.0,-0.032,True,2024-09-04 00:00:00-04:00
ASTS,2025-08-11 00:00:00-04:00,0.08324386335201361,-0.033863581334690585,-0.030788958158426305,0.20862374157352281,0.1157448313009879,1.0,0.0,0.0,1.0,-0.032,True,2025-08-12 00:00:00-04:00
ASTS,2025-09-30 00:00:00-04:00,0.06886566041636599,-0.050270953300076804,0.06210017590666794,0.16534224859451574,0.09026072382245709,1.0,0.0,1.0,1.0,-0.032,True,2025-10-01 00:00:00-04:00
ASTS,2025-10-07 00:00:00-04:00,0.07786822422306305,-0.05883737775516418,-0.04456574359476284,0.22292978548285958,0.13458190713837803,1.0,0.0,0.0,1.0,-0.032,True,2025-10-08 00:00:00-04:00
ASTS,2026-04-07 00:00:00-04:00,0.012219309385958832,-0.07027622560693325,-0.043724661482579474,0.10068056309332918,0.08739336711629564,0.0,0.0,0.0,1.0,-0.032,False,2026-04-08 00:00:00-04:00
LUNR,2025-04-07 00:00:00-04:00,0.051480063880223526,-0.09652509676204246,-0.06828054925994809,0.14747193927130442,0.0912921496931165,1.0,0.0,0.0,1.0,-0.032,True,2025-04-08 00:00:00-04:00
LUNR,2026-04-07 00:00:00-04:00,0.010509306034245158,-0.06750202472691724,-0.05656751794499759,0.09986803798854527,0.0884294003238717,0.0,0.0,0.0,1.0,-0.032,False,2026-04-08 00:00:00-04:00
LUNR,2026-08-13 00:00:00-04:00,0.06781425309789935,-0.02399587845542772,-0.010346366550617268,0.16571753621382812,0.0916856867492597,1.0,0.0,0.0,0.0,0.048,False,2026-08-14 00:00:00-04:00
RDW,2026-05-15 00:00:00-04:00,0.027940178161726115,-0.15724496571203184,-0.09491749663905724,0.1251777541024781,0.09459458634513429,0.0,0.0,0.0,1.0,-0.032,False,2026-05-18 00:00:00-04:00
RDW,2026-08-05 00:00:00-04:00,0.04166668614530922,-0.07598034059575043,-0.03549672018618466,0.18936564201540196,0.14179099498386893,0.0,0.0,0.0,1.0,-0.032,False,2026-08-06 00:00:00-04:00
RCAT,2025-01-14 00:00:00-05:00,0.0959724217631095,-0.014734829833779606,0.06970918667509052,0.19071501859970286,0.08644615042792703,1.0,0.0,1.0,0.0,0.048,False,2025-01-15 00:00:00-05:00
RCAT,2025-09-10 00:00:00-04:00,0.20862539074943065,-0.005929849462374404,0.1839838762713688,0.3157276333162746,0.08861492021149187,1.0,1.0,1.0,0.0,0.048,False,2025-09-11 00:00:00-04:00
RCAT,2026-08-13 00:00:00-04:00,0.034300822097464545,-0.07537382230237444,-0.02310815950165357,0.1495601911152229,0.11143698869350538,0.0,0.0,0.0,1.0,-0.032,False,2026-08-14 00:00:00-04:00
ONDS,2025-10-23 00:00:00-04:00,0.06518904759145627,-0.03455017781611813,-0.029379404961941358,0.1572238162196633,0.08640228590062082,1.0,0.0,0.0,1.0,-0.032,True,2025-10-24 00:00:00-04:00
ONDS,2025-11-12 00:00:00-05:00,0.16139239766165714,-0.0015823146535147714,0.035974646297370905,0.33212338433557975,0.14700542815474926,1.0,1.0,1.0,0.0,0.048,False,2025-11-13 00:00:00-05:00
ONDS,2026-05-13 00:00:00-04:00,0.17417415525360003,-0.0390389788372123,0.12012215164968487,0.3239277648725569,0.1275395212447108,1.0,1.0,1.0,1.0,-0.032,True,2026-05-14 00:00:00-04:00
UMAC,2025-11-07 00:00:00-05:00,0.003478257552437247,-0.06869564885678503,-0.003739170240319332,0.08970725170697791,0.08593010711050186,0.0,0.0,0.0,1.0,-0.032,False,2025-11-10 00:00:00-05:00
UMAC,2026-06-29 00:00:00-04:00,0.11818187874573849,-0.04066987545378242,0.06498562890350534,0.21528868411588187,0.08684347977367324,1.0,1.0,1.0,1.0,-0.032,True,2026-06-30 00:00:00-04:00
PLTR,2021-08-11 00:00:00-04:00,0.053578708591618396,-0.03537839065338355,0.01599585329158426,0.15257269750381397,0.09395974700791632,1.0,0.0,0.0,1.0,-0.032,True,2021-08-12 00:00:00-04:00
PLTR,2023-02-13 00:00:00-05:00,0.08207216661034189,-0.0419092670496759,0.07134110631547763,0.22141917387869792,0.12877792403150834,1.0,0.0,1.0,1.0,-0.032,True,2023-02-14 00:00:00-05:00
PLTR,2024-03-05 00:00:00-05:00,0.03883495145631066,-0.04737861411085409,0.013922324171343982,0.12347755564896046,0.08147839469012075,0.0,0.0,0.0,1.0,-0.032,False,2024-03-06 00:00:00-05:00
PLTR,2024-08-05 00:00:00-04:00,0.013678404793685539,-0.054713478150809625,-0.019005511920400453,0.13823162733970862,0.12287252244598568,0.0,0.0,0.0,1.0,-0.032,False,2024-08-06 00:00:00-04:00
PLTR,2025-04-11 00:00:00-04:00,0.01597075919162827,-0.04530275395649397,-0.03519415661665193,0.09915300368950786,0.08187464427033775,0.0,0.0,0.0,1.0,-0.032,False,2025-04-14 00:00:00-04:00
PLTR,2026-02-02 00:00:00-05:00,0.00016964481921832864,-0.07228117366849851,-0.04544136950241007,0.11720363472299922,0.11701413906131397,0.0,0.0,0.0,1.0,-0.032,False,2026-02-03 00:00:00-05:00
ORCL,2022-06-13 00:00:00-04:00,0.005972226460774666,-0.04138893551296663,-0.019777760823567747,0.13083523581796275,0.12412172629902796,0.0,0.0,0.0,1.0,-0.032,False,2022-06-14 00:00:00-04:00
ORCL,2024-03-11 00:00:00-04:00,0.024631656330889706,-0.013147502249511223,0.008137801026771642,0.13353192176050044,0.10628235498752048,0.0,0.0,0.0,0.0,0.008137801026771642,False,2024-03-12 00:00:00-04:00
ORCL,2024-06-11 00:00:00-04:00,0.04655137099124018,-0.005419821176828821,0.04024517290272933,0.1378754426794917,0.08726191013610163,0.0,0.0,1.0,0.0,0.04024517290272933,False,2024-06-12 00:00:00-04:00
ORCL,2024-09-09 00:00:00-04:00,0.04078330233525862,-0.0071970475335580986,0.008763169993481148,0.14747305005949607,0.10250908857285879,0.0,0.0,0.0,0.0,0.008763169993481148,False,2024-09-10 00:00:00-04:00
ORCL,2026-03-10 00:00:00-04:00,0.0323355539496033,-0.034859976448750385,-0.02159375928568541,0.14966533817828842,0.11365469665342265,0.0,0.0,0.0,1.0,-0.032,False,2026-03-11 00:00:00-04:00
WDAY,2020-08-27 00:00:00-04:00,0.03645833333333326,-0.007999992370605447,0.01416668701171875,0.14827122002126636,0.10787977007076965,0.0,0.0,0.0,0.0,0.01416668701171875,False,2020-08-28 00:00:00-04:00
WDAY,2022-08-25 00:00:00-04:00,0.014545440673828125,-0.05954543027010828,-0.05620450730757276,0.09977825133864493,0.08401083603333515,0.0,0.0,0.0,1.0,-0.032,False,2022-08-26 00:00:00-04:00
WDAY,2022-11-29 00:00:00-05:00,0.06358853204727444,-0.015137116973129361,0.06139853407772078,0.1718771046719898,0.101814347712337,1.0,0.0,1.0,0.0,0.048,False,2022-11-30 00:00:00-05:00
WDAY,2023-05-25 00:00:00-04:00,0.019089329205782768,-0.016947571516604865,0.004006185642302153,0.11440354768975514,0.09352881612277764,0.0,0.0,0.0,0.0,0.004006185642302153,False,2023-05-26 00:00:00-04:00
WDAY,2024-08-22 00:00:00-04:00,0.002679429407987266,-0.039548647548044547,-0.02101950342685044,0.14981828847867007,0.14674566442193604,0.0,0.0,0.0,1.0,-0.032,False,2024-08-23 00:00:00-04:00
WDAY,2024-12-06 00:00:00-05:00,0.008230431571501384,-0.04499312360278207,-0.04208917077064944,0.10352070108181488,0.09451239173745951,0.0,0.0,0.0,1.0,-0.032,False,2024-12-09 00:00:00-05:00
WDAY,2025-02-25 00:00:00-05:00,0.0036073066925697006,-0.038858549456375346,-0.033786828839967975,0.10101088729720464,0.09705347894051553,0.0,0.0,0.0,1.0,-0.032,False,2025-02-26 00:00:00-05:00
CRM,2018-11-27 00:00:00-05:00,0.01740326210618237,-0.0470103603963451,0.013597947203574547,0.1046730310356756,0.08577696984068184,0.0,0.0,0.0,1.0,-0.032,False,2018-11-28 00:00:00-05:00
CRM,2022-05-31 00:00:00-04:00,0.03600923464925576,-0.020448286624202172,-0.012898192475044977,0.15089860114122855,0.1108960834030297,0.0,0.0,0.0,0.0,-0.012898192475044977,False,2022-06-01 00:00:00-04:00
CRM,2023-11-29 00:00:00-05:00,0.013852627608782697,-0.021682429588853247,0.009443448342918883,0.09615799135916037,0.08118079640874298,0.0,0.0,0.0,0.0,0.009443448342918883,False,2023-11-30 00:00:00-05:00
CRM,2024-12-03 00:00:00-05:00,0.0059704000871907414,-0.027698273574145005,0.0008897728133061573,0.11335729461567268,0.1067495569642749,0.0,0.0,0.0,0.0,0.0008897728133061573,False,2024-12-04 00:00:00-05:00
CRM,2026-08-26 00:00:00-04:00,0.1061942723395004,0.0,0.093631383213024,0.23762280794970914,0.11881144107919606,1.0,1.0,1.0,0.0,0.048,False,2026-08-27 00:00:00-04:00
NOW,2016-10-26 00:00:00-04:00,0.0342086991309174,-0.026030848650394844,-0.023423619772847126,0.13802284454945202,0.10038026706386582,0.0,0.0,0.0,0.0,-0.023423619772847126,False,2016-10-27 00:00:00-04:00
NOW,2019-01-30 00:00:00-05:00,0.08066805211747186,-0.006481790893547168,0.03897280196250441,0.1773711367218005,0.08948454098818548,1.0,0.0,1.0,0.0,0.048,False,2019-01-31 00:00:00-05:00
NOW,2022-01-26 00:00:00-05:00,0.006250802438544811,-0.06393513312502841,-0.046875636928595754,0.14980801305322244,0.14266543715223046,0.0,0.0,0.0,1.0,-0.032,False,2022-01-27 00:00:00-05:00
NOW,2022-04-27 00:00:00-04:00,0.011811068854911122,-0.045747982922471175,-0.00983462235810617,0.10231829425796013,0.0894507168274783,0.0,0.0,0.0,1.0,-0.032,False,2022-04-28 00:00:00-04:00
NOW,2022-11-09 00:00:00-05:00,0.04396582622592238,-0.006662285413579827,0.025462696701692433,0.13640771593740375,0.08854876988231641,0.0,0.0,0.0,0.0,0.025462696701692433,False,2022-11-10 00:00:00-05:00
NOW,2025-07-23 00:00:00-04:00,0.015792579225772707,-0.0508960073431427,-0.039191029662214216,0.09887812966676535,0.08179381513529038,0.0,0.0,0.0,1.0,-0.032,False,2025-07-24 00:00:00-04:00
SNOW,2022-11-09 00:00:00-05:00,0.06545323175910411,-0.002855168721248136,0.03568735581207361,0.18224300449007935,0.10961510956060527,1.0,0.0,1.0,0.0,0.048,False,2022-11-10 00:00:00-05:00
SNOW,2023-11-06 00:00:00-05:00,0.04320469630191104,-0.012325852964521933,0.022394960181879142,0.12690709735816608,0.0802358361239881,0.0,0.0,0.0,0.0,0.022394960181879142,False,2023-11-07 00:00:00-05:00
SNOW,2025-02-26 00:00:00-05:00,0.005026482375367847,-0.07176086071942411,-0.07322609730327967,0.13093443761460843,0.1252782463419857,0.0,0.0,0.0,1.0,-0.032,False,2025-02-27 00:00:00-05:00
SNOW,2025-08-27 00:00:00-04:00,0.12608110582506327,-0.01761262910860084,0.0835855855855856,0.2475173723967674,0.1078397159347857,1.0,1.0,1.0,0.0,0.048,False,2025-08-28 00:00:00-04:00
SNOW,2026-05-06 00:00:00-04:00,0.023267988624379843,-0.02040011584069834,-0.00010983146212683974,0.12351505530519158,0.09796755864079953,0.0,0.0,0.0,0.0,-0.00010983146212683974,False,2026-05-07 00:00:00-04:00
DDOG,2019-11-12 00:00:00-05:00,0.07985570578287282,-0.014683145268036046,0.03329105983139469,0.21860454388088213,0.12848831316534026,1.0,0.0,1.0,0.0,0.048,False,2019-11-13 00:00:00-05:00
DDOG,2021-08-04 00:00:00-04:00,0.028410859241147612,-0.04033726514139824,0.004305088384252588,0.17793443420634691,0.14539283946839188,0.0,0.0,0.0,1.0,-0.032,False,2021-08-05 00:00:00-04:00
DDOG,2022-02-09 00:00:00-05:00,0.08414281685127722,-0.019164730339996106,0.022858395056498226,0.187781330856863,0.09559489063128024,1.0,0.0,0.0,0.0,0.048,False,2022-02-10 00:00:00-05:00
DDOG,2022-11-09 00:00:00-05:00,0.03417014362794624,-0.02037055456646708,0.003651206806033926,0.17063375501948785,0.13195470032891965,0.0,0.0,0.0,0.0,0.003651206806033926,False,2022-11-10 00:00:00-05:00
DDOG,2025-07-02 00:00:00-04:00,0.06158021036949868,-0.003662212935293341,0.0502210722794727,0.1593956384567612,0.09214134469708735,1.0,0.0,1.0,0.0,0.048,False,2025-07-03 00:00:00-04:00
DDOG,2026-02-09 00:00:00-05:00,0.0746124353690305,-0.006966019503969911,0.042252023210316514,0.17042364653198483,0.08915885207493623,1.0,0.0,1.0,0.0,0.048,False,2026-02-10 00:00:00-05:00
NET,2020-11-05 00:00:00-05:00,0.12615718121105046,-0.03185311146835201,0.009611512376935806,0.23741373522528297,0.09879309555579874,1.0,1.0,0.0,1.0,-0.032,True,2020-11-06 00:00:00-05:00
NET,2023-02-01 00:00:00-05:00,0.09174237097114935,-0.0035830372262444232,0.052745434362764465,0.18014779529939395,0.0809764525760821,1.0,0.0,1.0,0.0,0.048,False,2023-02-02 00:00:00-05:00
NET,2023-02-09 00:00:00-05:00,0.01060569144796375,-0.08853801705870035,-0.057699614394615684,0.1057246298687724,0.09412072307303676,0.0,0.0,0.0,1.0,-0.032,False,2023-02-10 00:00:00-05:00
NET,2023-08-03 00:00:00-04:00,0.04585825747309946,-0.05192820913058893,-0.03415933633722368,0.15504304261751112,0.10439730657977786,0.0,0.0,0.0,1.0,-0.032,False,2023-08-04 00:00:00-04:00
NET,2025-02-06 00:00:00-05:00,0.11648211650040707,-0.007622137908438464,0.0837329228801913,0.21099491032280993,0.08465231321272859,1.0,1.0,1.0,0.0,0.048,False,2025-02-07 00:00:00-05:00
NET,2026-02-10 00:00:00-05:00,0.002807151228086502,-0.08529922218126662,-0.06917556850354534,0.13134792727429345,0.1281809527273412,0.0,0.0,0.0,1.0,-0.032,False,2026-02-11 00:00:00-05:00
NET,2026-08-06 00:00:00-04:00,0.021163556560780172,-0.06952825582252353,-0.05775475152933374,0.14168695056180103,0.11802555352341071,0.0,0.0,0.0,1.0,-0.032,False,2026-08-07 00:00:00-04:00
CRWD,2020-06-02 00:00:00-04:00,0.03820763719307574,-0.04380880911931628,-0.020803808958685388,0.12520328511390577,0.08379407432990349,0.0,0.0,0.0,1.0,-0.032,False,2020-06-03 00:00:00-04:00
CRWD,2020-12-02 00:00:00-05:00,0.03905463616273597,-0.02494991775157085,0.00846889496124237,0.1685702501369999,0.12464754928823507,0.0,0.0,0.0,0.0,0.00846889496124237,False,2020-12-03 00:00:00-05:00
CRWD,2022-11-09 00:00:00-05:00,0.02720956734902602,-0.013661504584028483,0.02268102406291006,0.11225073996272594,0.08278853246389661,0.0,0.0,0.0,0.0,0.02268102406291006,False,2022-11-10 00:00:00-05:00
CRWD,2024-06-04 00:00:00-04:00,0.02384869351087593,-0.05445136577135301,0.020623375438916458,0.12111398452749333,0.09499967293319989,0.0,0.0,0.0,1.0,-0.032,False,2024-06-05 00:00:00-04:00
CRWD,2026-08-26 00:00:00-04:00,0.10002401839642117,-0.010324100343262255,0.0926458905827956,0.21091030077189243,0.1008035102152749,1.0,1.0,1.0,0.0,0.048,False,2026-08-27 00:00:00-04:00
PANW,2017-05-31 00:00:00-04:00,0.05137832406679688,-0.0009764398533594898,0.04201715900272984,0.1802850301740344,0.12260734614407731,1.0,0.0,1.0,0.0,0.048,False,2017-06-01 00:00:00-04:00
PANW,2017-08-31 00:00:00-04:00,0.0272081086854421,-0.017816461615824175,0.01084439457230313,0.12103405809707235,0.09134074061360642,0.0,0.0,0.0,0.0,0.01084439457230313,False,2017-09-01 00:00:00-04:00
PANW,2019-02-26 00:00:00-05:00,0.010037129876511619,-0.02883277718348687,-0.014246206738726673,0.10647422258878736,0.09547875999773003,0.0,0.0,0.0,0.0,-0.014246206738726673,False,2019-02-27 00:00:00-05:00
PANW,2019-09-04 00:00:00-04:00,0.0,-0.0592146986611326,-0.029382779943265658,0.08743573579531905,0.08743573579531905,0.0,0.0,0.0,1.0,-0.032,False,2019-09-05 00:00:00-04:00
PANW,2021-08-23 00:00:00-04:00,0.05490387394615204,-0.010031794398026928,0.04100720438908567,0.1995329599175124,0.1371016729992054,1.0,0.0,1.0,0.0,0.048,False,2021-08-24 00:00:00-04:00
PANW,2022-05-19 00:00:00-04:00,0.01010167899213199,-0.05655272536542122,-0.021178726688324878,0.12970645721944196,0.11840865203456574,0.0,0.0,0.0,1.0,-0.032,False,2022-05-20 00:00:00-04:00
PANW,2022-08-22 00:00:00-04:00,0.023377183534416313,-0.013440099040317843,0.015854599329570007,0.12705439517081651,0.10130889500421758,0.0,0.0,0.0,0.0,0.015854599329570007,False,2022-08-23 00:00:00-04:00
PANW,2022-11-09 00:00:00-05:00,0.011030923115552538,-0.04109339083316643,-0.011273281582866999,0.10054753247966541,0.08853993217958367,0.0,0.0,0.0,1.0,-0.032,False,2022-11-10 00:00:00-05:00
PANW,2022-11-17 00:00:00-05:00,0.010042043630088093,-0.030417979286603503,-0.024185912417329702,0.1050076820246082,0.094021470683749,0.0,0.0,0.0,1.0,-0.032,False,2022-11-18 00:00:00-05:00
PANW,2023-02-21 00:00:00-05:00,0.03514633310509563,-0.000438654616256251,0.02744399042339074,0.13122412353392798,0.09281566031406463,0.0,0.0,0.0,0.0,0.02744399042339074,False,2023-02-22 00:00:00-05:00
PANW,2023-08-18 00:00:00-04:00,0.041437645039145155,-0.0008456530581064658,0.016224091156844533,0.17459106387573975,0.12785539246719813,0.0,0.0,0.0,0.0,0.016224091156844533,False,2023-08-21 00:00:00-04:00
ZS,2020-05-28 00:00:00-04:00,0.12976567736282996,-0.018144255831781808,0.12443539590406316,0.29788909356958815,0.14881264281209416,1.0,1.0,1.0,0.0,0.048,False,2020-05-29 00:00:00-04:00
ZS,2020-12-02 00:00:00-05:00,0.16026312519610264,-0.000978915051066287,0.133576653874925,0.29194776855662274,0.11349549985764074,1.0,1.0,1.0,0.0,0.048,False,2020-12-03 00:00:00-05:00
ZS,2021-05-25 00:00:00-04:00,0.024461560371594526,-0.017948717948717996,-0.006102579752604196,0.15647793168772672,0.12886415305640853,0.0,0.0,0.0,0.0,-0.006102579752604196,False,2021-05-26 00:00:00-04:00
ZS,2022-09-08 00:00:00-04:00,0.07910829710951695,-0.01063161270532531,0.07259275952784705,0.22392216068805704,0.13419771117174828,1.0,0.0,1.0,0.0,0.048,False,2022-09-09 00:00:00-04:00
ZS,2022-11-09 00:00:00-05:00,0.0530015731859923,-0.00789889425002177,0.049500763994078545,0.1467526671706989,0.08903224493867601,1.0,0.0,1.0,0.0,0.048,False,2022-11-10 00:00:00-05:00
S,2023-06-09 00:00:00-04:00,0.017710292570503272,-0.030360561870388714,-0.006427618383341714,0.10584192038936657,0.08659795273983417,0.0,0.0,0.0,1.0,-0.032,False,2023-06-12 00:00:00-04:00
S,2023-12-05 00:00:00-05:00,0.06599651592081801,-0.02534964794494432,0.017230793277829504,0.2194999694824218,0.14399995803833,1.0,0.0,0.0,0.0,0.048,False,2023-12-06 00:00:00-05:00
S,2024-01-19 00:00:00-05:00,0.0180478739595904,-0.05119703164561895,-0.03367582744332598,0.1127213856626661,0.09299514701096823,0.0,0.0,0.0,1.0,-0.032,False,2024-01-22 00:00:00-05:00
S,2024-07-18 00:00:00-04:00,0.0017816929540930282,-0.07505573790770748,-0.03451676725062969,0.11668323995469332,0.11469719182207672,0.0,0.0,0.0,1.0,-0.032,False,2024-07-19 00:00:00-04:00
MDB,2019-12-09 00:00:00-05:00,0.00020721681571833628,-0.12771986563159443,-0.10968813384393417,0.10525921016050677,0.10503022931511552,0.0,0.0,0.0,1.0,-0.032,False,2019-12-10 00:00:00-05:00
MDB,2022-03-08 00:00:00-05:00,0.0672466968206431,-0.010616259912605397,0.047343524135130766,0.20604110287025978,0.13004903783079302,1.0,0.0,1.0,0.0,0.048,False,2022-03-09 00:00:00-05:00
MDB,2022-06-01 00:00:00-04:00,0.11026723148258588,-0.049312970110478305,0.09227485575202765,0.20296934612040185,0.0834953171715489,1.0,1.0,1.0,1.0,-0.032,True,2022-06-02 00:00:00-04:00
MDB,2022-11-09 00:00:00-05:00,0.10332644868734842,-0.009666002275442453,0.0712618218492318,0.2050235686345523,0.09217319141419589,1.0,1.0,1.0,0.0,0.048,False,2022-11-10 00:00:00-05:00
MDB,2024-11-20 00:00:00-05:00,0.0815590294688664,-0.0037228614848572317,0.028109075775419212,0.17545072347106672,0.08681143741947106,1.0,0.0,0.0,0.0,0.048,False,2024-11-21 00:00:00-05:00
MDB,2026-05-06 00:00:00-04:00,0.04816245376228112,-0.003206207969416397,0.009583865053511388,0.14615843921565008,0.09349312704497459,0.0,0.0,0.0,0.0,0.009583865053511388,False,2026-05-07 00:00:00-04:00
MDB,2026-05-27 00:00:00-04:00,0.03220893371156097,-0.016469876640618275,0.01101730235977172,0.1269782508098103,0.09181214578087671,0.0,0.0,0.0,0.0,0.01101730235977172,False,2026-05-28 00:00:00-04:00
RBRK,2025-03-11 00:00:00-04:00,0.008924040827474,-0.04776895125434755,-0.04039028123806099,0.11334073780583309,0.10349312014878875,0.0,0.0,0.0,1.0,-0.032,False,2025-03-12 00:00:00-04:00
APP,2023-11-08 00:00:00-05:00,0.0,-0.176587966598458,-0.12227489839525607,0.12425226179130844,0.12425226179130844,0.0,0.0,0.0,1.0,-0.032,False,2023-11-09 00:00:00-05:00
APP,2024-05-08 00:00:00-04:00,0.06278216719800245,-0.03124705670225314,0.01502852355572726,0.19594594594594605,0.12529734018686645,1.0,0.0,0.0,1.0,-0.032,True,2024-05-09 00:00:00-04:00
APP,2025-05-07 00:00:00-04:00,0.03965120537336486,-0.025784869526707888,-0.015052297192950535,0.17854091056144972,0.13359259766183418,0.0,0.0,0.0,0.0,-0.015052297192950535,False,2025-05-08 00:00:00-04:00
APP,2025-09-05 00:00:00-04:00,0.03430617208805509,-0.0025601637922971765,0.016554141588831284,0.13311849515667906,0.0955348868015955,0.0,0.0,0.0,0.0,0.016554141588831284,False,2025-09-08 00:00:00-04:00
SHOP,2017-07-31 00:00:00-04:00,0.01799463732570339,-0.05119327670632168,-0.0004603739702713199,0.14528525928490232,0.1250405623880244,0.0,0.0,0.0,1.0,-0.032,False,2017-08-01 00:00:00-04:00
SHOP,2020-07-28 00:00:00-04:00,0.0004876452075905924,-0.06265235037342609,-0.050574092480763055,0.12479187631364996,0.12424364428834878,0.0,0.0,0.0,1.0,-0.032,False,2020-07-29 00:00:00-04:00
SHOP,2022-12-12 00:00:00-05:00,0.021286758201758627,-0.07758907856131991,-0.07447076045134404,0.11255861319954796,0.08936946872639107,0.0,0.0,0.0,1.0,-0.032,False,2022-12-13 00:00:00-05:00
SHOP,2025-05-09 00:00:00-04:00,0.022596139174241303,-0.04798074869009161,0.001269195556640625,0.15887547525759071,0.133267993944703,0.0,0.0,0.0,1.0,-0.032,False,2025-05-12 00:00:00-04:00
SHOP,2025-08-05 00:00:00-04:00,0.07736287850804446,-0.00034446852091718494,0.06509830524010507,0.23141731802872778,0.1429921548197588,1.0,0.0,1.0,0.0,0.048,False,2025-08-06 00:00:00-04:00
TEAM,2020-01-23 00:00:00-05:00,0.03937935664735992,-0.030000042093211166,0.010344781283674555,0.1362334695971732,0.09318456474085424,0.0,0.0,0.0,1.0,-0.032,False,2020-01-24 00:00:00-05:00
TEAM,2021-10-28 00:00:00-04:00,0.06769061852555258,-0.02503864435859804,0.010441999741022114,0.15766903991489922,0.08427387093988337,1.0,0.0,0.0,0.0,0.048,False,2021-10-29 00:00:00-04:00
PATH,2022-06-01 00:00:00-04:00,0.09680913670552704,-0.02379667601429114,0.06019576164227991,0.2049911336054091,0.09863338413174327,1.0,0.0,1.0,0.0,0.048,False,2022-06-02 00:00:00-04:00
PATH,2022-11-14 00:00:00-05:00,0.04657227991406976,-0.00782417997866669,-0.002745173533903354,0.16556015385734346,0.11369293476131759,0.0,0.0,0.0,0.0,-0.002745173533903354,False,2022-11-15 00:00:00-05:00
PATH,2022-12-01 00:00:00-05:00,0.06876791085413214,-0.002865326772473087,0.038830923586435695,0.15479876069580434,0.08049535260926621,1.0,0.0,1.0,0.0,0.048,False,2022-12-02 00:00:00-05:00
PATH,2023-11-30 00:00:00-05:00,0.12649264156558826,-0.021229607988829557,0.10547457937100857,0.2889675616565399,0.14423078686527924,1.0,1.0,1.0,0.0,0.048,False,2023-12-01 00:00:00-05:00
PATH,2025-05-29 00:00:00-04:00,0.008411844070523422,-0.1312247546647094,-0.10630681513266826,0.15803710530208304,0.14837713590073176,0.0,0.0,0.0,1.0,-0.032,False,2025-05-30 00:00:00-04:00
PATH,2025-10-03 00:00:00-04:00,0.07258637893614983,-0.019732187544125868,0.02125587647208782,0.17984501682976473,0.10000000000000009,1.0,0.0,0.0,0.0,0.048,False,2025-10-06 00:00:00-04:00
PATH,2025-12-03 00:00:00-05:00,0.16149070309726166,-0.021739153613471895,0.14582603132766736,0.2584119242921199,0.08344554195432252,1.0,1.0,1.0,0.0,0.048,False,2025-12-04 00:00:00-05:00
TWLO,2018-05-08 00:00:00-04:00,0.11214948162108218,0.0,0.08647348258636312,0.2074408360646911,0.08568214616681824,1.0,1.0,1.0,0.0,0.048,False,2018-05-09 00:00:00-04:00
TWLO,2018-10-11 00:00:00-04:00,0.006314172298472087,-0.04801360244228958,-0.015417478138752825,0.1040554046645561,0.0971279497563251,0.0,0.0,0.0,1.0,-0.032,False,2018-10-12 00:00:00-04:00
TWLO,2021-03-08 00:00:00-05:00,0.038891674642740126,-0.024186735067993625,0.02667193353187458,0.1415203082923684,0.09878665519667451,0.0,0.0,0.0,0.0,0.02667193353187458,False,2021-03-09 00:00:00-05:00
TWLO,2022-02-09 00:00:00-05:00,0.02546094369647567,-0.10597014515475511,-0.0980930601246518,0.15637845876784429,0.1276669929519212,0.0,0.0,0.0,1.0,-0.032,False,2022-02-10 00:00:00-05:00
TWLO,2024-10-30 00:00:00-04:00,0.034782646605687084,-0.017267073163334645,-0.00013662700771543794,0.18038831531789334,0.14071135536513357,0.0,0.0,0.0,0.0,-0.00013662700771543794,False,2024-10-31 00:00:00-04:00
TWLO,2025-10-30 00:00:00-04:00,0.089357502726223,-0.022467469518358207,0.061303165197354126,0.22439302508668746,0.1239588675182619,1.0,0.0,1.0,0.0,0.048,False,2025-10-31 00:00:00-04:00
FSLY,2020-03-23 00:00:00-04:00,0.0,-0.08847320218656585,-0.05761174637432609,0.100111300903031,0.100111300903031,0.0,0.0,0.0,1.0,-0.032,False,2020-03-24 00:00:00-04:00
MSTR,2020-11-27 00:00:00-05:00,0.15717613071695657,-0.004329039798292356,0.13942522955349945,0.28105878875273205,0.10705600880223898,1.0,1.0,1.0,0.0,0.048,False,2020-11-30 00:00:00-05:00
MSTR,2020-12-15 00:00:00-05:00,0.007355277865984888,-0.04700995200459468,-0.04542819896884842,0.10220789665946706,0.09416004549499268,0.0,0.0,0.0,1.0,-0.032,False,2020-12-16 00:00:00-05:00
MSTR,2020-12-24 00:00:00-05:00,0.03457759412447925,-0.03612947972988345,0.005378363357884998,0.1778617736632775,0.1384953437543308,0.0,0.0,0.0,1.0,-0.032,False,2020-12-28 00:00:00-05:00
MSTR,2021-03-08 00:00:00-05:00,0.07123816953198192,-0.007020327791612657,0.04085071357849368,0.17829503887056752,0.09993750445370919,1.0,0.0,1.0,0.0,0.048,False,2021-03-09 00:00:00-05:00
MSTR,2022-08-09 00:00:00-04:00,0.0,-0.05619598616902932,-0.03427662556944244,0.08648008833834675,0.08648008833834675,0.0,0.0,0.0,1.0,-0.032,False,2022-08-10 00:00:00-04:00
MSTR,2024-02-13 00:00:00-05:00,0.03865955421630929,-0.015857891171900618,0.030010731060666984,0.12947150409578678,0.08743187265821395,0.0,0.0,1.0,0.0,0.030010731060666984,False,2024-02-14 00:00:00-05:00
MSTR,2024-07-12 00:00:00-04:00,0.07545932060739591,-0.02071520870800303,0.055270422798634256,0.17342993723048106,0.09109653405370399,1.0,0.0,1.0,0.0,0.048,False,2024-07-15 00:00:00-04:00
MSTR,2024-11-05 00:00:00-05:00,0.004615431565504702,-0.066576913686899,-0.010423086313100958,0.14661988019238392,0.14135204792304634,0.0,0.0,0.0,1.0,-0.032,False,2024-11-06 00:00:00-05:00
MSTR,2024-11-08 00:00:00-05:00,0.18427613126709796,-0.01245795355902779,0.14278114478114468,0.3006803990871134,0.09829149194746534,1.0,1.0,1.0,0.0,0.048,False,2024-11-11 00:00:00-05:00
MSTR,2026-03-03 00:00:00-05:00,0.03969958549945085,-0.011402345607801734,0.016146426872867048,0.12707266762933056,0.08403685386477044,0.0,0.0,0.0,0.0,0.016146426872867048,False,2026-03-04 00:00:00-05:00
MSTR,2026-04-07 00:00:00-04:00,0.006209335246684544,-0.05640757850536926,-0.04217352577801614,0.08713222335058446,0.08042351155891492,0.0,0.0,0.0,1.0,-0.032,False,2026-04-08 00:00:00-04:00
COIN,2023-05-04 00:00:00-04:00,0.08381133502196336,-0.005550402244128949,0.07552086032469885,0.1901666066276837,0.09813079838620165,1.0,0.0,1.0,0.0,0.048,False,2023-05-05 00:00:00-04:00
COIN,2024-02-13 00:00:00-05:00,0.06125273621550886,-0.009418480651548156,0.054313001044889786,0.14773135966473494,0.08148730316363095,1.0,0.0,1.0,0.0,0.048,False,2024-02-14 00:00:00-05:00
COIN,2024-02-15 00:00:00-05:00,0.024279271429760163,-0.054218459849449285,-0.04823118408927629,0.1688296102483211,0.1411239520807519,0.0,0.0,0.0,1.0,-0.032,False,2024-02-16 00:00:00-05:00
COIN,2024-11-05 00:00:00-05:00,0.16344589871120818,-0.0016705577222543289,0.14623009962236777,0.32852126085928,0.1418848631732097,1.0,1.0,1.0,0.0,0.048,False,2024-11-06 00:00:00-05:00
COIN,2025-05-12 00:00:00-04:00,0.12390490648649655,-0.0009494679311575771,0.10671341958797509,0.25673203307420933,0.11818359882683604,1.0,1.0,1.0,0.0,0.048,False,2025-05-13 00:00:00-04:00
HOOD,2024-03-13 00:00:00-04:00,0.005753069988219783,-0.07191422278489445,-0.057962424435529125,0.12062935391787866,0.11421917303320228,0.0,0.0,0.0,1.0,-0.032,False,2024-03-14 00:00:00-04:00
HOOD,2024-11-05 00:00:00-05:00,0.08402452081389922,-0.03570139875445244,0.07481215662737295,0.20432694585483313,0.11097758651308842,1.0,0.0,1.0,1.0,-0.032,True,2024-11-06 00:00:00-05:00
HOOD,2025-02-12 00:00:00-05:00,0.07762930419836023,-0.014334021379630246,0.025540651961190042,0.1967448371439482,0.11053479381223497,1.0,0.0,0.0,0.0,0.048,False,2025-02-13 00:00:00-05:00
HOOD,2025-02-28 00:00:00-05:00,0.0021929628875696494,-0.14692983801479587,-0.1450921355332908,0.09461081482697486,0.09221562649285242,0.0,0.0,0.0,1.0,-0.032,False,2025-03-03 00:00:00-05:00
HOOD,2025-05-09 00:00:00-04:00,0.0025346658517300114,-0.05561000928083992,-0.03157080079377672,0.08563586778601673,0.08289110069195038,0.0,0.0,0.0,1.0,-0.032,False,2025-05-12 00:00:00-04:00
HOOD,2025-09-05 00:00:00-04:00,0.060291114199894524,-0.00460991159267321,0.05811029278655666,0.15851854865933634,0.09264194818190585,1.0,0.0,1.0,0.0,0.048,False,2025-09-08 00:00:00-04:00
HOOD,2026-04-07 00:00:00-04:00,0.013932287139404309,-0.07148444368503715,-0.06671355498975295,0.1180186796930498,0.10265615749085488,0.0,0.0,0.0,1.0,-0.032,False,2026-04-08 00:00:00-04:00
CIFR,2025-11-19 00:00:00-05:00,0.04494054180965157,-0.14880947380108944,-0.13533326899815823,0.20075242425382966,0.14911076392379186,0.0,0.0,0.0,1.0,-0.032,False,2025-11-20 00:00:00-05:00
CIFR,2026-03-24 00:00:00-04:00,0.03701395241773486,-0.037636109934467865,-0.014130677402398926,0.12029569543590579,0.0803091827491853,0.0,0.0,0.0,1.0,-0.032,False,2026-03-25 00:00:00-04:00
CIFR,2026-04-07 00:00:00-04:00,0.021639339259413415,-0.058688554607453924,0.00914754598648826,0.11206278866346042,0.08850819063956084,0.0,0.0,0.0,1.0,-0.032,False,2026-04-08 00:00:00-04:00
WULF,2024-11-05 00:00:00-05:00,0.0878186813858508,-0.03682716064475133,0.08440228590062082,0.2367149406057476,0.13687599024334363,1.0,0.0,1.0,1.0,-0.032,True,2024-11-06 00:00:00-05:00
WULF,2025-08-15 00:00:00-04:00,0.06993004927666524,-0.07092907311814145,-0.06493707293064588,0.1939799018193915,0.11594202128128961,1.0,0.0,0.0,1.0,-0.032,True,2025-08-18 00:00:00-04:00
WULF,2025-10-23 00:00:00-04:00,0.016499318711193256,-0.03156381589870916,-0.018499250298399494,0.10015527565148807,0.08229809445062997,0.0,0.0,0.0,1.0,-0.032,False,2025-10-24 00:00:00-04:00
WULF,2025-11-19 00:00:00-05:00,0.09747027235988481,-0.14360114670825175,-0.14188089430527984,0.20605074015422864,0.09893704688771532,1.0,0.0,0.0,1.0,-0.032,True,2025-11-20 00:00:00-05:00
WULF,2026-02-02 00:00:00-05:00,0.03516925662762538,-0.0942269479130543,-0.019916357634837012,0.16071435033667036,0.12127977420624525,0.0,0.0,0.0,1.0,-0.032,False,2026-02-03 00:00:00-05:00
WULF,2026-08-11 00:00:00-04:00,0.009890021444047381,-0.07307691582158204,-0.05749451574411435,0.09731338273233447,0.08656720972772858,0.0,0.0,0.0,1.0,-0.032,False,2026-08-12 00:00:00-04:00
AFRM,2023-08-24 00:00:00-04:00,0.2140490065987437,-0.005964224763275183,0.17692649010188455,0.32657488328539075,0.09268643693543921,1.0,1.0,1.0,0.0,0.048,False,2023-08-25 00:00:00-04:00
AFRM,2023-11-01 00:00:00-04:00,0.0759816279827974,-0.00203982224795185,0.07092199187494796,0.19818283078688048,0.11357183024879358,1.0,0.0,1.0,0.0,0.048,False,2023-11-02 00:00:00-04:00
AFRM,2023-11-08 00:00:00-05:00,0.08758511553056181,-0.021625912015540538,-0.006405234522537604,0.248023864998286,0.1475183387274075,1.0,0.0,0.0,0.0,0.048,False,2023-11-09 00:00:00-05:00
AFRM,2023-11-13 00:00:00-05:00,0.05390185517654089,-0.010860838742346779,0.026157636299467546,0.14510497045235082,0.08653852806866191,1.0,0.0,0.0,0.0,0.048,False,2023-11-14 00:00:00-05:00
AFRM,2025-01-14 00:00:00-05:00,0.013564924474358975,-0.050124111757691936,-0.039055444999102296,0.10695577501073417,0.09214096530107163,0.0,0.0,0.0,1.0,-0.032,False,2025-01-15 00:00:00-05:00
AFRM,2025-02-06 00:00:00-05:00,0.09985687518125275,-0.022889820303204522,0.0741087207252007,0.2450201984359186,0.13198383037860584,1.0,0.0,1.0,0.0,0.048,False,2025-02-07 00:00:00-05:00
AFRM,2026-04-07 00:00:00-04:00,0.030104233548400305,-0.04197219702565502,-0.040788080535900884,0.12616032383398634,0.09324890351600801,0.0,0.0,0.0,1.0,-0.032,False,2026-04-08 00:00:00-04:00
AFRM,2026-08-27 00:00:00-04:00,0.05162793536518895,-0.09779074025708578,-0.09781392864848293,0.16711840153103807,0.10982065261108143,1.0,0.0,0.0,1.0,-0.032,True,2026-08-28 00:00:00-04:00
SOFI,2021-05-28 00:00:00-04:00,0.04214065024666458,-0.07026488396326436,0.028763568722573796,0.13647642938271098,0.09052115864947607,0.0,0.0,0.0,1.0,-0.032,False,2021-06-01 00:00:00-04:00
SOFI,2022-08-02 00:00:00-04:00,0.15659338374052156,-0.03159340830287438,0.12849441003422557,0.3135725860732006,0.13572548878413504,1.0,1.0,1.0,1.0,-0.032,True,2022-08-03 00:00:00-04:00
SOFI,2022-08-23 00:00:00-04:00,0.026138866230122737,-0.04854373080944152,-0.03859452667877128,0.11345215569034428,0.0850891554093427,0.0,0.0,0.0,1.0,-0.032,False,2022-08-24 00:00:00-04:00
SOFI,2023-01-27 00:00:00-05:00,0.06297419609164301,-0.03338395477007916,0.011657006626227375,0.1792929371988612,0.10942762442860832,1.0,0.0,0.0,1.0,-0.032,True,2023-01-30 00:00:00-05:00
SOFI,2023-10-27 00:00:00-04:00,0.03684213333182762,-0.12105264313663489,-0.08884208627552848,0.1470160474099691,0.10625910207188882,0.0,0.0,0.0,1.0,-0.032,False,2023-10-30 00:00:00-04:00
SOFI,2025-07-28 00:00:00-04:00,0.0865426199558017,-0.03699703275654542,-0.03272267300171605,0.19457659674204542,0.09942912022230499,1.0,0.0,0.0,1.0,-0.032,True,2025-07-29 00:00:00-04:00
SOFI,2026-04-07 00:00:00-04:00,0.009615388764681043,-0.08031674501036312,-0.06930772135276753,0.1080074304901093,0.09745497426085814,0.0,0.0,0.0,1.0,-0.032,False,2026-04-08 00:00:00-04:00
UPST,2022-12-12 00:00:00-05:00,0.011105287864400903,-0.11898466515894335,-0.09877419029469192,0.10138249809924371,0.089285667198439,0.0,0.0,0.0,1.0,-0.032,False,2022-12-13 00:00:00-05:00
UPST,2023-01-30 00:00:00-05:00,0.014705938726424117,-0.13676465982109254,-0.08631369340772621,0.10341154106549011,0.08742000904262182,0.0,0.0,0.0,1.0,-0.032,False,2023-01-31 00:00:00-05:00
UPST,2023-02-14 00:00:00-05:00,0.1869259341809133,-0.01674767488434059,0.16439653623019512,0.3038574964968741,0.0985163091887904,1.0,1.0,1.0,0.0,0.048,False,2023-02-15 00:00:00-05:00
UPST,2025-01-14 00:00:00-05:00,0.033972311492635354,-0.019168853194378777,0.007503806708901941,0.12612285948636237,0.08912283914131036,0.0,0.0,0.0,0.0,0.007503806708901941,False,2025-01-15 00:00:00-05:00
UPST,2025-03-11 00:00:00-04:00,0.019207944964418244,-0.06831684679088024,-0.018633666387879,0.10332260529831583,0.08252943940388335,0.0,0.0,0.0,1.0,-0.032,False,2025-03-12 00:00:00-04:00
UPST,2025-05-01 00:00:00-04:00,0.019219602227261934,-0.031256005593408354,-0.029761532461178963,0.10085975071924524,0.0801006459388911,0.0,0.0,0.0,1.0,-0.032,False,2025-05-02 00:00:00-04:00
UPST,2026-04-07 00:00:00-04:00,0.006617921982462693,-0.07871816069668514,-0.050763485307369516,0.09262755330516459,0.08544416848183278,0.0,0.0,0.0,1.0,-0.032,False,2026-04-08 00:00:00-04:00
UPST,2026-08-04 00:00:00-04:00,0.002745986490932939,-0.13426796629172844,-0.1290414887320055,0.14412925382155417,0.14099609396132906,0.0,0.0,0.0,1.0,-0.032,False,2026-08-05 00:00:00-04:00
RDDT,2024-05-07 00:00:00-04:00,0.002909088134765536,-0.09636362249200991,-0.06745451771129263,0.11659915270479781,0.11336028949690324,0.0,0.0,0.0,1.0,-0.032,False,2024-05-08 00:00:00-04:00
RDDT,2026-04-30 00:00:00-04:00,0.04525409788986923,-0.054498153060474674,0.003860680641029514,0.17503229654472308,0.12415947367902858,0.0,0.0,0.0,1.0,-0.032,False,2026-05-01 00:00:00-04:00
RDDT,2026-08-13 00:00:00-04:00,0.04837864297297956,-0.010126287357253738,0.01114141298575211,0.1654692782241285,0.11168735269072716,0.0,0.0,0.0,0.0,0.01114141298575211,False,2026-08-14 00:00:00-04:00
RBLX,2023-01-13 00:00:00-05:00,0.0060414905195704804,-0.05411088494363925,-0.02695405228670411,0.15326709704631458,0.14634148582749762,0.0,0.0,0.0,1.0,-0.032,False,2023-01-17 00:00:00-05:00
RBLX,2023-11-07 00:00:00-05:00,0.04896846241906805,-0.028088518045566446,-0.027105601119205458,0.20330770259936748,0.14713429975232195,0.0,0.0,0.0,0.0,-0.027105601119205458,False,2023-11-08 00:00:00-05:00
RBLX,2024-02-06 00:00:00-05:00,0.0446087836032838,-0.03765972387783256,0.0009141687141127636,0.14778325678569848,0.09876852923495782,0.0,0.0,0.0,1.0,-0.032,False,2024-02-07 00:00:00-05:00
RBLX,2026-02-05 00:00:00-05:00,0.026553822710129182,-0.10488062788068764,-0.016686329022120194,0.14247973083868803,0.1129272577471987,0.0,0.0,0.0,1.0,-0.032,False,2026-02-06 00:00:00-05:00
TEM,2026-01-09 00:00:00-05:00,0.013140503600823195,-0.09317755487513679,-0.08270074989640464,0.15180331518910406,0.13686434516777934,0.0,0.0,0.0,1.0,-0.032,False,2026-01-12 00:00:00-05:00
TEM,2026-08-18 00:00:00-04:00,0.10718113699649212,-0.020900289005228778,0.09214077350585748,0.25567258459956643,0.13411667038141095,1.0,1.0,1.0,0.0,0.048,False,2026-08-19 00:00:00-04:00
DUOL,2023-11-08 00:00:00-05:00,0.1000540243612753,-0.00540540540540535,0.09540542849978895,0.2166556424267485,0.10599626516813632,1.0,1.0,1.0,0.0,0.048,False,2023-11-09 00:00:00-05:00
DUOL,2024-08-07 00:00:00-04:00,0.05777473165886904,-0.026081550241996432,0.02085844833667516,0.14684022988397083,0.08420081852912453,1.0,0.0,0.0,0.0,0.048,False,2024-08-08 00:00:00-04:00
DUOL,2025-05-01 00:00:00-04:00,0.1146078013527545,-0.00898320742147285,0.11128037310198025,0.21750000000000003,0.09231246948242178,1.0,1.0,1.0,0.0,0.048,False,2025-05-02 00:00:00-04:00
HIMS,2021-03-01 00:00:00-05:00,0.013022419721822942,-0.03694734112022935,-0.03167896816021731,0.09888305440448719,0.08475689482394833,0.0,0.0,0.0,1.0,-0.032,False,2021-03-02 00:00:00-05:00
HIMS,2024-05-17 00:00:00-04:00,0.26081510036570266,-0.006269556676566368,0.16414423848865756,0.3802334270120369,0.0947151779921549,1.0,1.0,1.0,0.0,0.048,False,2024-05-20 00:00:00-04:00
HIMS,2024-11-12 00:00:00-05:00,0.04532965854333981,-0.0552884809049321,-0.0541978164133764,0.14050205788549297,0.09104534494388616,0.0,0.0,0.0,1.0,-0.032,False,2024-11-13 00:00:00-05:00
HIMS,2025-06-02 00:00:00-04:00,0.08801687239664768,-0.12354647831721577,-0.11811755231470566,0.18671837596169572,0.09071688690601976,1.0,0.0,0.0,1.0,-0.032,True,2025-06-03 00:00:00-04:00
HIMS,2026-02-04 00:00:00-05:00,0.036194076429739264,-0.14365666357173246,-0.12588058915438838,0.13811479065245935,0.0983606416414704,0.0,0.0,0.0,1.0,-0.032,False,2026-02-05 00:00:00-05:00
IOVA,2021-04-15 00:00:00-04:00,0.005115918928211283,-0.0941919712273327,-0.09498826949005545,0.0976010907301228,0.0920144334203079,0.0,0.0,0.0,1.0,-0.032,False,2021-04-16 00:00:00-04:00
SMMT,2024-09-11 00:00:00-04:00,0.15929520340841408,-0.013365731736248887,0.1081660289396309,0.26092503212663987,0.08766518520858746,1.0,1.0,1.0,0.0,0.048,False,2024-09-12 00:00:00-04:00
SMMT,2024-10-03 00:00:00-04:00,0.05541815388274296,-0.10341406926856334,-0.05741805950626,0.14615793789074516,0.08597519729425018,1.0,0.0,0.0,1.0,-0.032,True,2024-10-04 00:00:00-04:00
SMMT,2025-08-25 00:00:00-04:00,0.002334879782956767,-0.12424951428774655,-0.10206671266867595,0.14389032026757187,0.14122569546344366,0.0,0.0,0.0,1.0,-0.032,False,2025-08-26 00:00:00-04:00
SMMT,2026-08-25 00:00:00-04:00,0.023728839421676362,-0.04311862234341901,-0.03725426832296086,0.13023957855589008,0.10404194453912585,0.0,0.0,0.0,1.0,-0.032,False,2026-08-26 00:00:00-04:00
VKTX,2024-03-25 00:00:00-04:00,0.1495290416522015,-0.007611972016826618,0.040833177697364054,0.2877582790891744,0.12024858218309831,1.0,1.0,1.0,0.0,0.048,False,2024-03-26 00:00:00-04:00
VKTX,2024-10-23 00:00:00-04:00,0.1507984930118227,-0.03163500883733361,0.11161218586620714,0.2529392561725581,0.08875642762914704,1.0,1.0,1.0,1.0,-0.032,True,2024-10-24 00:00:00-04:00
VKTX,2025-10-22 00:00:00-04:00,0.018905248578018785,-0.06320535977903174,-0.0448894050977231,0.14926799881188324,0.12794393827669293,0.0,0.0,0.0,1.0,-0.032,False,2025-10-23 00:00:00-04:00
VERA,2026-08-13 00:00:00-04:00,0.03259828788491692,-0.049856226514741975,0.008866035004509555,0.11838013346819243,0.08307378250547304,0.0,0.0,0.0,1.0,-0.032,False,2026-08-14 00:00:00-04:00
VERA,2026-09-14 00:00:00-04:00,0.0,-0.11873990091236386,-0.09543029826947913,0.09074890519306344,0.09074890519306344,0.0,0.0,0.0,1.0,-0.032,False,2026-09-15 00:00:00-04:00
THO,2016-11-28 00:00:00-05:00,0.06412479508980895,-0.00030582914075705236,0.03623019818537232,0.15413527682115102,0.08458639639511967,1.0,0.0,1.0,0.0,0.048,False,2016-11-29 00:00:00-05:00
THO,2017-06-05 00:00:00-04:00,0.003955902573125947,-0.03108218403764207,-0.01998997895502952,0.12567318185304766,0.12123767485002257,0.0,0.0,0.0,1.0,-0.032,False,2017-06-06 00:00:00-04:00
THO,2017-11-27 00:00:00-05:00,0.020815638370791367,-0.020946794426759396,0.011658164835207875,0.14099087496416285,0.11772472136611234,0.0,0.0,0.0,0.0,0.011658164835207875,False,2017-11-28 00:00:00-05:00
THO,2018-09-17 00:00:00-04:00,0.025177215884194748,-0.06480788033090967,-0.03967251954498818,0.12701177859599433,0.09933361874802227,0.0,0.0,0.0,1.0,-0.032,False,2018-09-18 00:00:00-04:00
THO,2020-06-05 00:00:00-04:00,0.04710174248262655,-0.036878145166446163,0.012513886751234661,0.14709999084472658,0.09550003051757816,0.0,0.0,0.0,1.0,-0.032,False,2020-06-08 00:00:00-04:00
THO,2025-06-03 00:00:00-04:00,0.016397113169917654,-0.061349692207337436,-0.04371776687242912,0.1056910411044838,0.0878533860216093,0.0,0.0,0.0,1.0,-0.032,False,2025-06-04 00:00:00-04:00
FERG,2025-06-02 00:00:00-04:00,0.05204606523526345,-0.00198646153790194,0.04766229623405116,0.17499586347915463,0.1168673143760075,1.0,0.0,1.0,0.0,0.048,False,2025-06-03 00:00:00-04:00
FERG,2025-09-15 00:00:00-04:00,0.0014881212077253458,-0.046896253921823505,-0.017561240261898425,0.09798165474324083,0.09635015282972192,0.0,0.0,0.0,1.0,-0.032,False,2025-09-16 00:00:00-04:00
KBH,2020-04-03 00:00:00-04:00,0.13321998088326237,-0.010204099285933577,0.0898367854470592,0.23930569195194606,0.0936144021975307,1.0,1.0,1.0,0.0,0.048,False,2020-04-06 00:00:00-04:00
KBH,2022-01-12 00:00:00-05:00,0.06388415797461011,-0.016396943628098848,0.049533263007297545,0.1788579005501787,0.10806979473634803,1.0,0.0,1.0,0.0,0.048,False,2022-01-13 00:00:00-05:00
KBH,2025-01-13 00:00:00-05:00,0.014100267694513668,-0.08837071679991038,-0.06426440395765665,0.13358297930705376,0.11782139835558447,0.0,0.0,0.0,1.0,-0.032,False,2025-01-14 00:00:00-05:00
FDX,2020-06-30 00:00:00-04:00,0.0302171465137564,-0.019452385669603278,-0.015786618544868736,0.1670945713310874,0.13286269334627443,0.0,0.0,0.0,0.0,-0.015786618544868736,False,2020-07-01 00:00:00-04:00
FDX,2022-06-13 00:00:00-04:00,0.05394734253283473,-0.0037204737922807984,0.04133029272257871,0.1557865891909198,0.09662650357212921,1.0,0.0,1.0,0.0,0.048,False,2022-06-14 00:00:00-04:00
FDX,2023-03-16 00:00:00-04:00,0.0,-0.03331121811303561,-0.027392628930058893,0.10781665605944935,0.10781665605944935,0.0,0.0,0.0,1.0,-0.032,False,2023-03-17 00:00:00-04:00
FDX,2024-06-25 00:00:00-04:00,0.029227190360213706,-0.015359013930612009,0.024904272777831027,0.15789060458470972,0.12500973101912094,0.0,0.0,0.0,0.0,0.024904272777831027,False,2024-06-26 00:00:00-04:00
NKE,2018-06-28 00:00:00-04:00,0.02844080501540658,-0.005078739398546861,0.009681032808429803,0.1297071610542908,0.0984659063944544,0.0,0.0,0.0,0.0,0.009681032808429803,False,2018-06-29 00:00:00-04:00
NKE,2018-12-20 00:00:00-05:00,0.013644426081432126,-0.027834641697966567,-0.014552847011227164,0.10010369107696371,0.08529545743152522,0.0,0.0,0.0,0.0,-0.014552847011227164,False,2018-12-21 00:00:00-05:00
NKE,2020-09-22 00:00:00-04:00,0.0012287180203460757,-0.03808937980323168,-0.025882664576853953,0.115598543841273,0.11422947001266781,0.0,0.0,0.0,1.0,-0.032,False,2020-09-23 00:00:00-04:00
NKE,2021-06-24 00:00:00-04:00,0.014303474991144594,-0.012663262831809297,0.01072883928083357,0.1571106981695165,0.14079338846750833,0.0,0.0,0.0,0.0,0.01072883928083357,False,2021-06-25 00:00:00-04:00
NKE,2022-12-20 00:00:00-05:00,0.02072626006054512,-0.01216174864987618,-0.010393313968855232,0.15473308170105127,0.13128575886012506,0.0,0.0,0.0,0.0,-0.010393313968855232,False,2022-12-21 00:00:00-05:00
NKE,2023-09-28 00:00:00-04:00,0.0010063245582885294,-0.047801145906312126,-0.039737746768141124,0.10978471793838995,0.1086690370593828,0.0,0.0,0.0,1.0,-0.032,False,2023-09-29 00:00:00-04:00
NKE,2024-09-19 00:00:00-04:00,0.0014794269870785914,-0.03482423002549995,-0.017363674306566934,0.08668802608126036,0.0850827254140698,0.0,0.0,0.0,1.0,-0.032,False,2024-09-20 00:00:00-04:00
NKE,2025-06-26 00:00:00-04:00,0.06304630273904999,-0.0014328481560292872,0.030239575447539524,0.18628080197207764,0.11592580578616496,1.0,0.0,1.0,0.0,0.048,False,2025-06-27 00:00:00-04:00
BABA,2017-06-07 00:00:00-04:00,0.008350308660977301,-0.051224391792525026,-0.003192885941323607,0.14374401183005525,0.1342724864624396,0.0,0.0,0.0,1.0,-0.032,False,2017-06-08 00:00:00-04:00
BABA,2022-03-21 00:00:00-04:00,0.03710197042610908,-0.014384697473198926,0.006595699580533855,0.1414229369995672,0.10058891945851411,0.0,0.0,0.0,0.0,0.006595699580533855,False,2022-03-22 00:00:00-04:00
BABA,2022-04-28 00:00:00-04:00,0.019600097386934134,-0.047966070873040834,-0.045730941542290404,0.1387085301176023,0.11681877339549418,0.0,0.0,0.0,1.0,-0.032,False,2022-04-29 00:00:00-04:00
BABA,2022-11-03 00:00:00-04:00,0.006603923462066508,-0.05226923305340658,-0.0211091842818818,0.09860451457523256,0.09139701223967367,0.0,0.0,0.0,1.0,-0.032,False,2022-11-04 00:00:00-04:00
BABA,2022-11-14 00:00:00-05:00,0.018244044543755278,-0.014189823162949922,0.002687732739787842,0.1267349037357186,0.10654701078126583,0.0,0.0,0.0,0.0,0.002687732739787842,False,2022-11-15 00:00:00-05:00
BABA,2023-03-27 00:00:00-04:00,0.0436287753401321,-0.034504467416643814,0.0299874473053674,0.15548071252447637,0.10717598041304499,0.0,0.0,0.0,1.0,-0.032,False,2023-03-28 00:00:00-04:00
BABA,2025-02-19 00:00:00-05:00,0.048617640715024946,-0.04644070829304847,-0.015351689793828614,0.14881940897575596,0.09555605815710488,0.0,0.0,0.0,1.0,-0.032,False,2025-02-20 00:00:00-05:00
BABA,2026-07-07 00:00:00-04:00,0.02063198189763038,-0.018122648474862002,0.010825324371583457,0.11901365781349038,0.09639289936118,0.0,0.0,0.0,0.0,0.010825324371583457,False,2026-07-08 00:00:00-04:00
PDD,2019-08-20 00:00:00-04:00,0.02721092363228994,-0.018367313441676414,0.02214969391270971,0.16332826764246122,0.13251158148596276,0.0,0.0,0.0,0.0,0.02214969391270971,False,2019-08-21 00:00:00-04:00
PDD,2021-08-23 00:00:00-04:00,0.09709692065765485,-0.00010998610030732436,0.08794941813913248,0.23051300431585853,0.12160829289196018,1.0,0.0,1.0,0.0,0.048,False,2021-08-24 00:00:00-04:00
PDD,2021-12-06 00:00:00-05:00,0.03232554079069638,-0.022032790690911686,0.011669965743797974,0.14604542697742273,0.11015893891342077,0.0,0.0,0.0,0.0,0.011669965743797974,False,2021-12-07 00:00:00-05:00
PDD,2022-05-16 00:00:00-04:00,0.04430378806478963,-0.04259980335923641,-0.024395373481875038,0.13372096598538086,0.08562372265860607,0.0,0.0,0.0,1.0,-0.032,False,2022-05-17 00:00:00-04:00
PDD,2022-06-03 00:00:00-04:00,0.051658553260975015,-0.03244511800324201,-0.02773859372981846,0.13988209662950157,0.08388991188724093,1.0,0.0,0.0,1.0,-0.032,True,2022-06-06 00:00:00-04:00
PDD,2022-08-26 00:00:00-04:00,0.10993237123666688,-0.005227613199556225,0.013375153535111208,0.2539517600153198,0.12975510266286672,1.0,1.0,0.0,0.0,0.048,False,2022-08-29 00:00:00-04:00
PDD,2022-10-31 00:00:00-04:00,0.01006202353469221,-0.0964279707698108,-0.0982602980991063,0.09848618513310314,0.08754329886492762,0.0,0.0,0.0,1.0,-0.032,False,2022-11-01 00:00:00-04:00
PDD,2022-11-25 00:00:00-05:00,0.02112866885325637,-0.0164481913294654,-0.011761911466374174,0.16136883057568907,0.1373383844759981,0.0,0.0,0.0,0.0,-0.011761911466374174,False,2022-11-28 00:00:00-05:00
PDD,2023-05-25 00:00:00-04:00,0.04349100266973149,-0.026269636756402592,0.04032343356619772,0.1912695677220937,0.14161939554272784,0.0,0.0,1.0,0.0,0.04032343356619772,False,2023-05-26 00:00:00-04:00
PDD,2023-08-28 00:00:00-04:00,0.06823220807931585,-0.008639773923831084,0.030565379720413288,0.19415552117898516,0.11788009399761457,1.0,0.0,1.0,0.0,0.048,False,2023-08-29 00:00:00-04:00
PDD,2023-11-27 00:00:00-05:00,0.03460253364718113,-0.015896442857555426,0.02572643253234741,0.18866795128075586,0.14891266222832766,0.0,0.0,0.0,0.0,0.02572643253234741,False,2023-11-28 00:00:00-05:00
PDD,2024-09-25 00:00:00-04:00,0.03386647387034003,-0.03480710957188782,0.0124245560764098,0.1574513082061053,0.1195365527940162,0.0,0.0,0.0,1.0,-0.032,False,2024-09-26 00:00:00-04:00
PDD,2024-12-06 00:00:00-05:00,0.04802209169507754,-0.012603451293929924,0.012995445525068707,0.14045448858768128,0.0881969928163473,0.0,0.0,0.0,0.0,0.012995445525068707,False,2024-12-09 00:00:00-05:00
BILI,2018-10-02 00:00:00-04:00,0.023102335992248646,-0.07392738704687407,-0.053485132185558504,0.16453790468373009,0.13824185882081008,0.0,0.0,0.0,1.0,-0.032,False,2018-10-03 00:00:00-04:00
BILI,2021-02-03 00:00:00-05:00,0.0,-0.06764225483790365,-0.05374591595254319,0.11213849684395116,0.11213849684395116,0.0,0.0,0.0,1.0,-0.032,False,2021-02-04 00:00:00-05:00
BILI,2021-02-24 00:00:00-05:00,0.0498969660291575,-0.07313958608542492,-0.06490429987874524,0.16179021097190227,0.10657545317607608,0.0,0.0,0.0,1.0,-0.032,False,2021-02-25 00:00:00-05:00
BILI,2021-03-10 00:00:00-05:00,0.01437307638352503,-0.04200264003420895,-0.023355747144892636,0.11030069656891106,0.09456838161299608,0.0,0.0,0.0,1.0,-0.032,False,2021-03-11 00:00:00-05:00
BILI,2022-03-02 00:00:00-05:00,0.015165301228015515,-0.17500759005554622,-0.1594158429450897,0.10974805669884757,0.09316980727810353,0.0,0.0,0.0,1.0,-0.032,False,2022-03-03 00:00:00-05:00
BILI,2022-05-27 00:00:00-04:00,0.03043481577997631,-0.03608695320461108,-0.030260852979577146,0.11529415355009198,0.08235294117647052,0.0,0.0,0.0,1.0,-0.032,False,2022-05-31 00:00:00-04:00
BILI,2022-10-31 00:00:00-04:00,0.01993871715979001,-0.05828217897620036,-0.05823723985192497,0.11827357580181874,0.09641251674008466,0.0,0.0,0.0,1.0,-0.032,False,2022-11-01 00:00:00-04:00
BILI,2022-11-28 00:00:00-05:00,0.10076973997392313,-0.0013995454263641127,0.07567667317287441,0.24940423761655062,0.13502778305492713,1.0,1.0,1.0,0.0,0.048,False,2022-11-29 00:00:00-05:00
BILI,2023-02-28 00:00:00-05:00,0.004295949847749059,-0.070167120151306,-0.06309788257907034,0.09015553094559636,0.08549231041991523,0.0,0.0,0.0,1.0,-0.032,False,2023-03-01 00:00:00-05:00
BILI,2024-04-23 00:00:00-04:00,0.039484268907573394,-0.005640587887582926,0.025397272906396706,0.12271539386418051,0.08006963399655609,0.0,0.0,0.0,0.0,0.025397272906396706,False,2024-04-24 00:00:00-04:00
BILI,2024-09-23 00:00:00-04:00,0.07188039355217435,0.0,0.06930533724206378,0.17085422740699419,0.09233663984357832,1.0,0.0,1.0,0.0,0.048,False,2024-09-24 00:00:00-04:00
BILI,2024-09-25 00:00:00-04:00,0.029523849487304688,-0.03885714213053382,0.0022857215518044,0.1833607168874576,0.1494252585569169,0.0,0.0,0.0,1.0,-0.032,False,2024-09-26 00:00:00-04:00
BILI,2024-12-06 00:00:00-05:00,0.11173714335041818,0.0,0.08767135755051303,0.24109016770772773,0.11635216573540141,1.0,1.0,1.0,0.0,0.048,False,2024-12-09 00:00:00-05:00
BILI,2025-02-19 00:00:00-05:00,0.04473122217321901,-0.08172041370022687,-0.051032231812836004,0.1947860800138852,0.14363010758741046,0.0,0.0,0.0,1.0,-0.032,False,2025-02-20 00:00:00-05:00
SE,2020-03-23 00:00:00-04:00,0.04815520461682543,-0.012098731380160932,0.0243535800164707,0.1378413298282435,0.08556569181393758,0.0,0.0,0.0,0.0,0.0243535800164707,False,2020-03-24 00:00:00-04:00
SE,2023-05-05 00:00:00-04:00,0.011294106876148957,-0.03082356172449452,-0.009882331399356568,0.09628867580338762,0.08404535174221861,0.0,0.0,0.0,1.0,-0.032,False,2023-05-08 00:00:00-04:00
SE,2024-11-11 00:00:00-05:00,0.07275210743301486,-0.02154267954914213,-0.019343692130991852,0.20582800889631558,0.12405093454604121,1.0,0.0,0.0,0.0,0.048,False,2024-11-12 00:00:00-05:00
SE,2025-08-11 00:00:00-04:00,0.06906906906906918,-0.004204185875328448,0.043765736439564495,0.2172605156308418,0.1386172800704224,1.0,0.0,1.0,0.0,0.048,False,2025-08-12 00:00:00-04:00
SE,2026-04-07 00:00:00-04:00,0.04235951284344286,-0.044606755288799205,-0.043460701588834305,0.14024085480725934,0.09390362994511081,0.0,0.0,0.0,1.0,-0.032,False,2026-04-08 00:00:00-04:00
SE,2026-05-11 00:00:00-04:00,0.03576181047765359,-0.04709111105042607,0.011831671114528765,0.15585008775106912,0.11594198208373352,0.0,0.0,0.0,1.0,-0.032,False,2026-05-12 00:00:00-04:00
SE,2026-08-10 00:00:00-04:00,0.0318291984625223,-0.02619853000359129,0.02646634614896959,0.14930312660288725,0.11385016853119412,0.0,0.0,0.0,0.0,0.02646634614896959,False,2026-08-11 00:00:00-04:00
