variant,signal,entry_date,exit_date,entry_index,exit_index,entry,atr,exit,reason,net,net_double_cost,net10,ten_net_atleast10,benchmark20,excess_vs_hold20,segment
open,2017-07-27,2017-07-28,2017-08-07,211,217,36.849998474121094,1.352082005789627,40.25,gap_target,0.09026598824058696,0.08826598824058696,-0.03320753755225414,False,-0.057630917827587225,0.14789690606817418,development
open,2017-10-05,2017-10-06,2017-10-20,260,270,40.75,1.0769609920347587,42.90392198406952,target,0.050856981204159935,0.04885698120415993,0.06057666839412379,False,0.016404907975460015,0.03445207322869992,development
open,2017-11-29,2017-11-30,2017-12-04,298,300,48.25,1.8032286381415663,44.64354272371687,stop,-0.07674522852400267,-0.07874522852400268,-0.08075646087172117,False,-0.028942989369130534,-0.04780223915487214,development
open,2018-01-22,2018-01-23,2018-01-24,333,334,48.70000076293945,1.8355321676938465,45.02893642755176,stop,-0.07738119667097332,-0.07938119667097332,-0.17345794985639273,False,-0.22479265131090465,0.14741145463993133,development
open,2018-03-23,2018-03-26,2018-03-28,376,378,43.900001525878906,1.8422035806405734,40.21559436459776,stop,-0.08592726727148736,-0.08792726727148736,-0.016806412375537927,False,-0.09197723520831635,0.006049967936828993,development
open,2018-05-18,2018-05-21,2018-06-12,415,430,45.0,1.6355971866115468,48.271194373223096,target,0.07069320829384651,0.06869320829384651,0.04466663275824656,False,0.03355552164713549,0.03713768664671102,development
open,2018-09-04,2018-09-05,2018-10-02,489,508,48.20000076293945,1.469197460450292,45.26160584203887,stop,-0.06296254926120026,-0.06496254926120026,-0.010298786712602424,False,-0.048058115883061636,-0.014904433378138626,development
open,2019-07-31,2019-08-01,2019-08-02,716,717,39.54999923706055,1.0517253737356544,37.44654848958924,stop,-0.055184596410820075,-0.05718459641082008,-0.0659696290291234,False,-0.05636151081305141,0.0011769144022313327,development
open,2019-09-18,2019-09-19,2019-09-20,750,751,40.0,1.2117067440919504,42.423413488183904,target,0.05858533720459769,0.056585337204597685,-0.18674998474121096,False,-0.19050002288818357,0.24908536009278126,development
open,2020-01-27,2020-01-28,2020-01-30,839,841,36.4900016784668,1.0577956762753218,34.37441032591615,stop,-0.05997728844170158,-0.06197728844170158,0.019923792827135856,False,-0.18478985137944315,0.12481256293774157,development
open,2020-06-30,2020-07-01,2020-07-01,947,947,47.90999984741211,2.4436187674406438,43.02276231253082,entry_day_conservative_stop,-0.10400871530884115,-0.10600871530884115,-0.08048044945749044,False,0.023881896940431302,-0.12789061224927245,development
open,2020-08-10,2020-08-11,2020-08-14,975,978,50.5099983215332,2.0910128490712707,46.327972623390664,stop,-0.08479599756707323,-0.08679599756707324,-0.16929355036703342,False,-0.25165347880992617,0.16685748124285293,development
open,2020-10-28,2020-10-29,2020-11-04,1031,1035,45.29999923706055,1.6525912782066137,48.605181793473776,target,0.0709620885668627,0.0689620885668627,0.2845342110561717,True,0.4640045205426504,-0.3930424319757877,development
open,2020-12-10,2020-12-11,2020-12-15,1061,1063,68.19999694824219,2.5381494089776444,73.27629576619748,target,0.0724325373182606,0.0704325373182606,0.14448102551596298,True,0.27673904672836547,-0.20430650941010486,development
open,2021-01-26,2021-01-27,2021-02-09,1091,1100,87.08999633789062,3.5690155766860094,94.22802749126265,target,0.07996155073514966,0.07796155073514965,0.0819362210973924,False,-0.05458921109481685,0.1345507618299665,development
open,2021-03-03,2021-03-04,2021-03-05,1116,1117,80.04000091552734,4.663917312279266,70.71216629096881,stop,-0.11853966164246987,-0.12053966164246988,-0.14705247972953583,False,-0.1099460181261982,-0.008593643516271676,development
open,2021-04-19,2021-04-20,2021-04-30,1148,1156,76.77999877929688,3.618044138080029,69.54391050313681,stop,-0.09624444375103602,-0.09824444375103603,-0.16115604864529054,False,-0.1860322672319189,0.08978782348088288,development
open,2021-06-16,2021-06-17,2021-06-28,1189,1196,68.43000030517578,2.367692833097497,73.16538597137078,target,0.06720043321754643,0.06520043321754643,0.05879199202341945,False,0.014220964568190999,0.05297946864935543,development
open,2022-01-13,2022-01-14,2022-01-20,1336,1339,69.27999877929688,2.3446797112148454,64.59063935686719,stop,-0.06968705983047774,-0.07168705983047774,-0.0868729410655692,False,-0.025527674395760314,-0.044159385434717424,development
open,2022-02-22,2022-02-23,2022-02-24,1362,1363,70.95999908447266,2.7190570782549974,65.52188492796266,stop,-0.07863633352131705,-0.08063633352131705,-0.07528067947199346,False,-0.029762137064827,-0.04887419645649005,development
open,2022-04-01,2022-04-04,2022-04-06,1390,1392,71.9800033569336,2.7537302736172466,66.4725428096991,stop,-0.07851375785472192,-0.08051375785472192,-0.11411451977161002,False,-0.13134154978879253,0.05282779193407061,development
open,2023-06-21,2023-06-22,2023-07-21,1695,1715,46.709999084472656,3.5650459680402307,46.0099983215332,time,-0.016986100977513185,-0.018986100977513187,0.09969128865555898,False,-0.016986100977513185,0.0,validation
open,2023-07-24,2023-07-25,2023-08-16,1717,1733,46.619998931884766,2.6678816744233638,35.7400016784668,gap_stop,-0.2353761798088937,-0.2373761798088937,0.06857059182550129,False,-0.2188597349202649,-0.0165164448886288,validation
open,2023-12-29,2024-01-02,2024-01-03,1828,1829,43.290000915527344,1.3672665201610632,40.55546787520522,stop,-0.06516777506330107,-0.06716777506330107,0.01671096191876531,False,0.09617509609882235,-0.16134287116212342,validation
open,2024-02-20,2024-02-21,2024-02-22,1862,1863,55.58000183105469,2.6117209303090076,60.803443691672705,target,0.09198059893008992,0.08998059893008992,0.16244762663792445,True,0.07770486406143484,0.014275734868655077,validation
open,2024-03-26,2024-03-27,2024-04-12,1887,1898,60.08000183105469,2.775924246235075,54.52815333858454,stop,-0.09440759526076548,-0.09640759526076548,-0.06941016858066096,False,-0.12184022209563006,0.027432626834864582,validation
open,2024-05-10,2024-05-13,2024-05-16,1919,1922,53.59000015258789,2.503746276803187,58.59749270619427,target,0.09144080125673515,0.08944080125673515,0.09951145010672824,False,0.2461806157714348,-0.15473981451469965,validation
open,2024-06-26,2024-06-27,2024-07-08,1950,1956,70.7300033569336,2.903604007762097,76.53721137245779,target,0.0801038843476165,0.0781038843476165,0.10644051753029404,True,-0.005251849936623086,0.08535573428423959,validation
open,2024-08-02,2024-08-05,2024-08-07,1976,1978,53.63999938964844,3.8510873410610063,61.34217407177045,target,0.1415901336644756,0.1395901336644756,0.4420715877304997,True,0.3380447067732355,-0.1964545731087599,validation
open,2024-10-18,2024-10-21,2024-11-07,2030,2043,98.13999938964844,3.980862823473306,106.10172503659506,target,0.07912620436582563,0.07712620436582562,-0.0756702238893805,False,-0.030428784724667812,0.10955498909049344,validation
open,2024-11-25,2024-11-26,2024-12-04,2056,2061,102.02999877929688,5.17405770476452,112.37811418882592,target,0.09942228298868505,0.09742228298868505,0.01573985671125011,False,-0.02581652782758692,0.12523881081627197,validation
open,2025-01-08,2025-01-10,2025-01-21,2085,2091,91.41999816894531,5.179052093345843,101.778102355637,target,0.11130238891002575,0.10930238891002575,-0.11247909293824498,False,0.022502357668225947,0.0888000312417998,descriptive_recent
open,2025-02-11,2025-02-12,2025-03-03,2107,2119,85.0,6.866482562108188,71.26703487578362,stop,-0.1635642955790162,-0.1655642955790162,-0.12058825683593755,False,-0.26788233498965996,0.10431803941064377,descriptive_recent
open,2025-07-22,2025-07-23,2025-07-29,2217,2221,97.26000213623047,3.7262481744193225,106.76000213623047,gap_target,0.09567632933724912,0.09367632933724912,0.09968619342405205,False,-0.11211719976595658,0.2077935291032057,descriptive_recent
open,2025-08-21,2025-08-22,2025-09-05,2239,2248,86.77999877929688,5.409231287135258,98.22000122070312,gap_target,0.12982764003605274,0.12782764003605274,0.1350131315614289,True,0.3185807799741667,-0.18875313993811393,descriptive_recent
open,2025-11-04,2025-11-05,2025-11-06,2291,2292,131.7100067138672,6.577908003934363,153.6999969482422,gap_target,0.16495762746521647,0.16295762746521647,0.08326304118969197,False,0.34451884491053786,-0.17956121744532139,descriptive_recent
open,2025-12-12,2025-12-15,2026-01-14,2318,2338,183.8300018310547,12.111233889987414,184.11000061035156,time,-0.0004768602703153473,-0.0024768602703153474,0.014210605983009163,False,-0.0004768602703153473,0.0,descriptive_recent
open,2026-02-12,2026-02-13,2026-02-24,2359,2365,222.00999450683594,19.149431308500823,260.3088571238376,target,0.1705096327400808,0.1685096327400808,0.34438084346651165,True,0.11222909435534767,0.05828053838473313,descriptive_recent
open,2026-03-26,2026-03-27,2026-04-09,2388,2396,243.80999755859375,22.395875530642055,288.60174861987787,target,0.18171580948201083,0.17971580948201082,0.2609916564507484,True,0.3167728230956772,-0.1350570136136664,descriptive_recent
open,2026-04-28,2026-04-29,2026-05-06,2410,2415,308.4599914550781,22.839450829781438,354.138893114641,target,0.14608695754702183,0.14408695754702183,0.3067920723549378,True,0.2200385873346804,-0.07395162978765857,descriptive_recent
open,2026-05-29,2026-06-01,2026-06-02,2432,2433,350.92999267578125,26.219744881388692,403.36948243855863,target,0.14743005971913448,0.14543005971913447,0.1772665345655735,True,0.1220703543545445,0.02535970536458998,descriptive_recent
open,2026-07-01,2026-07-02,2026-07-15,2454,2462,358.0799865722656,35.899093315430164,286.2817999414053,stop,-0.202508795026919,-0.204508795026919,-0.22675419874522362,False,-0.2678343819631971,0.0653255869362781,descriptive_recent
open,2026-08-19,2026-08-20,2026-09-18,2488,2508,291.54998779296875,34.75092829837055,317.3599853515625,time,0.08652683463983402,0.08452683463983401,-0.09508861350435605,False,0.08652683463983402,0.0,descriptive_recent
auction,2017-08-02,2017-08-03,2017-08-07,215,217,35.95000076293945,1.356639481751413,40.25,gap_target,0.11761054647579816,0.11561054647579816,-0.027034812427784716,False,-0.004781704775969063,0.12239225125176723,development
auction,2017-10-05,2017-10-06,2017-10-23,260,271,41.349998474121094,1.0769609920347587,43.50392045819061,target,0.05009001362884091,0.04809001362884091,0.04515842406039905,False,0.0016276065638256582,0.048462407065015256,development
auction,2017-11-29,2017-11-30,2017-12-04,298,300,47.400001525878906,1.8032286381415663,43.793544249595776,stop,-0.07808559409674531,-0.08008559409674532,-0.06423630101211797,False,-0.01149368667622863,-0.06659190742051668,development
auction,2018-01-22,2018-01-23,2018-01-29,333,337,47.900001525878906,1.8355321676938465,44.228937190491216,stop,-0.07864017157503278,-0.08064017157503278,-0.15962010044360386,False,-0.21181216558684457,0.1331719940118118,development
auction,2018-03-23,2018-03-26,2018-03-28,376,378,43.400001525878906,1.8422035806405734,39.71559436459776,stop,-0.08689417123831611,-0.08889417123831611,-0.0054562562351400095,False,-0.08149310234199547,-0.005401068896320638,development
auction,2018-05-18,2018-05-21,2018-06-11,415,429,44.95000076293945,1.6355971866115468,48.22119513616255,target,0.07077406713461376,0.06877406713461376,0.04583087151700971,False,0.03470740118300597,0.03606666595160779,development
auction,2018-09-04,2018-09-05,2018-10-02,489,508,48.25,1.469197460450292,45.311605079099415,stop,-0.06289937659897582,-0.06489937659897582,-0.011326440682682957,False,-0.04904664161168237,-0.013852734987293447,development
auction,2019-07-31,2019-08-01,2019-08-02,716,717,39.4900016784668,1.0517253737356544,37.38655093099549,stop,-0.055265400305573587,-0.05726540030557359,-0.06454750862798708,False,-0.05492479270082007,-0.0003406076047535178,development
auction,2019-09-18,2019-09-19,2019-09-20,750,751,39.540000915527344,1.2117067440919504,41.96341440371125,target,0.05929017278884863,0.057290172788848626,-0.17726555752947326,False,-0.18105922273953146,0.24034939552838008,development
auction,2020-01-27,2020-01-28,2020-01-30,839,841,36.08000183105469,1.0577956762753218,33.96441047850404,stop,-0.060636120986272246,-0.06263612098627225,0.031536558288951966,False,-0.17550337634524105,0.1148672553589688,development
auction,2020-06-11,2020-06-12,2020-06-19,934,939,46.31999969482422,2.5504553531708174,51.420910401165855,target,0.1081232888589938,0.1061232888589938,0.04117789320329979,False,-0.06547147336094428,0.17359476221993808,development
auction,2020-08-10,2020-08-11,2020-08-14,975,978,50.959999084472656,2.0910128490712707,46.77797338633012,stop,-0.08406486996222862,-0.08606486996222862,-0.17664674001325564,False,-0.25827939154679236,0.17421452158456374,development
auction,2020-10-28,2020-10-29,2020-11-04,1031,1035,45.59000015258789,1.6525912782066137,48.89518270900112,target,0.07049797204103792,0.06849797204103791,0.2763504844096527,True,0.4546791717446319,-0.384181199703594,development
auction,2020-12-10,2020-12-11,2020-12-18,1061,1066,70.08000183105469,2.5381494089776444,75.15630064900998,target,0.07043576891155023,0.06843576891155023,0.11372489153043608,True,0.242434885928144,-0.17199911701659376,development
auction,2021-01-26,2021-01-27,2021-02-09,1091,1100,87.2300033569336,3.5690155766860094,94.36803451030562,target,0.07982999975552163,0.07782999975552163,0.08019646787822121,False,-0.05610983651335544,0.13593983626887707,development
auction,2021-03-03,2021-03-04,2021-03-23,1116,1129,75.61000061035156,4.663917312279266,66.28216598579303,stop,-0.12536773640075183,-0.12736773640075183,-0.09696098726644886,False,-0.05768045298886393,-0.0676872834118879,development
auction,2021-04-19,2021-04-20,2021-04-30,1148,1156,75.7699966430664,3.618044138080029,68.53390836690635,stop,-0.0975007073610874,-0.0995007073610874,-0.14994773104293735,False,-0.17515554571016456,0.07765483834907716,development
auction,2021-06-16,2021-06-17,2021-07-06,1189,1201,69.36000061035156,2.367692833097497,74.09538627654656,target,0.06627257244124474,0.06427257244124474,0.04456856544284693,False,0.0005951600863873825,0.06567741235485736,development
auction,2022-01-13,2022-01-14,2022-01-19,1336,1338,71.05000305175781,2.3446797112148454,66.36064362932812,stop,-0.06800083351176822,-0.07000083351176822,-0.10967067132011388,False,-0.049853643629010236,-0.018147189882757986,development
auction,2022-02-22,2022-02-23,2022-03-07,1362,1370,67.80999755859375,2.7190570782549974,62.37188340208375,stop,-0.08219634791773867,-0.08419634791773867,-0.03223146285460199,False,0.015401568318243354,-0.09759791623598202,development
auction,2022-04-01,2022-04-04,2022-04-08,1390,1394,70.93000030517578,2.7537302736172466,65.4225397579413,stop,-0.0796464193365104,-0.0816464193365104,-0.10097082232567567,False,-0.1184528704453951,0.0388064511088847,development
auction,2023-07-18,2023-07-19,2023-08-16,1713,1733,49.619998931884766,2.8835478242456327,35.7400016784668,gap_stop,-0.28172586763799734,-0.28372586763799734,-0.07293914819699432,False,-0.33755014247456383,0.05582427483656649,validation
auction,2023-12-29,2024-01-02,2024-01-16,1828,1837,42.119998931884766,1.3672665201610632,44.85453197220689,target,0.06292243850111046,0.060922438501110454,0.045008537332546616,False,0.12668001237150195,-0.06375757387039149,validation
auction,2024-02-20,2024-02-21,2024-03-01,1862,1869,57.45000076293945,2.6117209303090076,62.67344262355747,target,0.08892152813316612,0.08692152813316611,0.12454482787149912,True,0.042560444292373045,0.04636108384079307,validation
auction,2024-03-26,2024-03-27,2024-04-10,1887,1896,60.880001068115234,2.775924246235075,55.328152575645085,stop,-0.09319330478096566,-0.09519330478096566,-0.0816649507839522,False,-0.1334060423725888,0.04021273759162314,validation
auction,2024-05-10,2024-05-13,2024-05-16,1919,1922,54.369998931884766,2.503746276803187,59.37749148549114,target,0.09010028787897917,0.08810028787897917,0.08370902959277604,False,0.22827406113155968,-0.1381737732525805,validation
auction,2024-06-26,2024-06-27,2024-07-08,1950,1956,71.25,2.903604007762097,77.0572080155242,target,0.07950467390209393,0.07750467390209392,0.09835089860882684,False,-0.012526315789473717,0.09203098969156764,validation
auction,2024-08-02,2024-08-05,2024-08-12,1976,1981,56.25,3.8510873410610063,67.9000015258789,gap_target,0.2051111382378472,0.2031111382378472,0.37506665039062503,True,0.2758666178385416,-0.0707554796006944,validation
auction,2024-10-18,2024-10-21,2024-11-07,2030,2043,98.44000244140625,3.980862823473306,106.40172808835287,target,0.07887896637025804,0.07687896637025804,-0.07849328111078524,False,-0.03338971851534034,0.11226868488559838,validation
auction,2024-11-25,2024-11-26,2024-12-04,2056,2061,101.04000091552734,5.17405770476452,111.38811632505639,target,0.10041602648222847,0.09841602648222847,0.02571175175170648,False,-0.016251805506317663,0.11666783198854613,validation
auction,2025-01-08,2025-01-10,2025-01-21,2085,2091,89.87000274658203,5.179052093345843,100.22810693327372,target,0.1132565246481605,0.11125652464816049,-0.09713745176872146,False,0.040172035158544395,0.0730844894896161,descriptive_recent
auction,2025-02-11,2025-02-12,2025-02-28,2107,2118,87.30000305175781,6.866482562108188,73.56703792754143,stop,-0.1593077278826035,-0.1613077278826035,-0.14380990206234845,False,-0.28722337520556984,0.12791564732296634,descriptive_recent
auction,2025-07-22,2025-07-23,2025-07-29,2217,2221,98.43000030517578,3.7262481744193225,106.76000213623047,gap_target,0.08262868846112026,0.08062868846112026,0.08659088889228217,False,-0.12269488181026933,0.2053235702713896,descriptive_recent
auction,2025-09-02,2025-09-03,2025-09-05,2246,2248,88.47000122070312,4.897468501840629,98.26493822438438,target,0.10871478318674543,0.10671478318674543,0.16687082892805583,True,0.2939195201078999,-0.18520473692115447,descriptive_recent
auction,2025-11-13,2025-11-14,2025-11-28,2298,2307,139.3300018310547,10.047065237846486,159.42413230674765,target,0.14221969576989024,0.14021969576989024,0.17147303417287518,True,0.2787722285443064,-0.13655253277441615,descriptive_recent
auction,2025-12-16,2025-12-17,2025-12-22,2320,2323,170.44000244140625,11.824941385401697,194.08988521220965,target,0.1367578176017319,0.1347578176017319,0.13816662196341678,True,0.11886359158442517,0.017894226017306725,descriptive_recent
auction,2026-02-12,2026-02-13,2026-02-24,2359,2365,217.22999572753906,19.149431308500823,255.5288583445407,target,0.1743055902511641,0.1723055902511641,0.3740070411133163,True,0.13674695015623706,0.03755864009492704,descriptive_recent
auction,2026-03-26,2026-03-27,2026-04-09,2388,2396,243.47999572753906,22.395875530642055,288.2717467888232,target,0.1819648096240618,0.1799648096240618,0.2627034585147747,True,0.3185602284431528,-0.13659541881909099,descriptive_recent
auction,2026-04-28,2026-04-29,2026-05-06,2410,2415,304.92999267578125,22.839450829781438,350.60889433534413,target,0.14780127490486406,0.14580127490486405,0.32194320385638586,True,0.2341854237402805,-0.08638414883541645,descriptive_recent
auction,2026-05-29,2026-06-01,2026-06-02,2432,2433,362.8999938964844,26.219744881388692,415.33948365926176,target,0.14250121423186224,0.14050121423186224,0.1383692568149688,True,0.08499368381147998,0.05750753042038226,descriptive_recent
auction,2026-07-01,2026-07-02,2026-07-17,2454,2464,333.3599853515625,35.899093315430164,261.5617987207022,stop,-0.2173773391702718,-0.2193773391702718,-0.16926656376962046,False,-0.21339300995831023,-0.003984329211961568,descriptive_recent
auction,2026-08-19,2026-08-20,2026-09-18,2488,2508,290.0299987792969,34.75092829837055,317.3599853515625,time,0.09223158530943154,0.09023158530943154,-0.09033567294769207,False,0.09223158530943154,0.0,descriptive_recent
pullback,2017-07-27,2017-07-28,2017-08-07,211,217,36.849998474121094,1.352082005789627,40.25,gap_target,0.09026598824058696,0.08826598824058696,-0.03320753755225414,False,-0.057630917827587225,0.14789690606817418,development
pullback,2017-10-05,2017-10-06,2017-10-20,260,270,40.75,1.0769609920347587,42.90392198406952,target,0.050856981204159935,0.04885698120415993,0.06057666839412379,False,0.016404907975460015,0.03445207322869992,development
pullback,2017-11-29,2017-11-30,2017-12-04,298,300,47.75,1.8032286381415663,44.14354272371687,stop,-0.07752790107399221,-0.07952790107399221,-0.07110993166618951,False,-0.018753910723781075,-0.058773990350211136,development
pullback,2018-01-22,2018-01-23,2018-01-25,333,335,48.400001525878906,1.8355321676938465,44.728937190491216,stop,-0.07784843429033395,-0.07984843429033395,-0.16832237185888455,False,-0.21997526279243718,0.14212682850210323,development
pullback,2018-03-23,2018-03-26,2018-03-28,376,378,43.0,1.8422035806405734,39.31559283871886,stop,-0.08768388747165445,-0.08968388747165446,0.0038139534883721033,False,-0.07293021481536155,-0.014753672656292904,development
pullback,2018-05-30,2018-05-31,2018-06-05,422,425,44.099998474121094,1.402724907337699,46.90544828879649,target,0.06161564425725996,0.05961564425725996,0.08983680707232788,False,-0.014471638460107903,0.07608728271736787,development
pullback,2018-09-04,2018-09-05,2018-10-02,489,508,48.20000076293945,1.469197460450292,45.26160584203887,stop,-0.06296254926120026,-0.06496254926120026,-0.010298786712602424,False,-0.048058115883061636,-0.014904433378138626,development
pullback,2019-07-31,2019-08-01,2019-08-02,716,717,39.54999923706055,1.0517253737356544,37.44654848958924,stop,-0.055184596410820075,-0.05718459641082008,-0.0659696290291234,False,-0.05636151081305141,0.0011769144022313327,development
pullback,2019-09-18,2019-09-19,2019-09-20,750,751,40.0,1.2117067440919504,42.423413488183904,target,0.05858533720459769,0.056585337204597685,-0.18674998474121096,False,-0.19050002288818357,0.24908536009278126,development
pullback,2020-01-27,2020-01-28,2020-01-30,839,841,35.970001220703125,1.0577956762753218,33.85440986815248,stop,-0.06081543732984307,-0.06281543732984307,0.03469723797686375,False,-0.17297584979616765,0.11216041246632458,development
pullback,2020-06-11,2020-06-12,2020-06-19,934,939,45.7400016784668,2.5504553531708174,51.0,gap_target,0.11299777281401968,0.11099777281401968,0.05440572631574736,False,-0.053595988713367015,0.1665937615273867,development
pullback,2020-08-14,2020-08-17,2020-08-25,979,985,46.56999969482422,2.3678459944955894,41.83430770583304,stop,-0.10368975778450562,-0.10568975778450562,-0.04644920997184976,False,-0.15488810346881066,0.051198345684305036,development
pullback,2020-10-28,2020-10-29,2020-11-04,1031,1035,45.150001525878906,1.6525912782066137,48.455184082292135,target,0.07120448382529454,0.06920448382529454,0.2888083457293389,True,0.4688748929730322,-0.39767040914773766,development
pullback,2020-12-10,2020-12-11,2020-12-15,1061,1063,68.19999694824219,2.5381494089776444,73.27629576619748,target,0.0724325373182606,0.0704325373182606,0.14448102551596298,True,0.27673904672836547,-0.20430650941010486,development
pullback,2021-01-26,2021-01-27,2021-02-09,1091,1100,87.08999633789062,3.5690155766860094,94.22802749126265,target,0.07996155073514966,0.07796155073514965,0.0819362210973924,False,-0.05458921109481685,0.1345507618299665,development
pullback,2021-03-03,2021-03-04,2021-03-05,1116,1117,80.04000091552734,4.663917312279266,70.71216629096881,stop,-0.11853966164246987,-0.12053966164246988,-0.14705247972953583,False,-0.1099460181261982,-0.008593643516271676,development
pullback,2021-04-19,2021-04-20,2021-04-30,1148,1156,76.77999877929688,3.618044138080029,69.54391050313681,stop,-0.09624444375103602,-0.09824444375103603,-0.16115604864529054,False,-0.1860322672319189,0.08978782348088288,development
pullback,2021-06-16,2021-06-17,2021-06-28,1189,1196,68.43000030517578,2.367692833097497,73.16538597137078,target,0.06720043321754643,0.06520043321754643,0.05879199202341945,False,0.014220964568190999,0.05297946864935543,development
pullback,2022-01-13,2022-01-14,2022-01-20,1336,1339,69.27999877929688,2.3446797112148454,64.59063935686719,stop,-0.06968705983047774,-0.07168705983047774,-0.0868729410655692,False,-0.025527674395760314,-0.044159385434717424,development
pullback,2022-02-22,2022-02-23,2022-03-04,1362,1369,70.27999877929688,2.7190570782549974,64.84188462278688,stop,-0.07937783510195451,-0.08137783510195451,-0.06631412523584035,False,-0.02035516417093841,-0.0590226709310161,development
pullback,2022-04-01,2022-04-04,2022-04-06,1390,1392,71.87999725341797,2.7537302736172466,66.37253670618348,stop,-0.078620210874766,-0.08062021087476601,-0.11287921133200762,False,-0.13013020918743445,0.05150999831266845,development
pullback,2023-06-21,2023-06-22,2023-07-21,1695,1715,46.709999084472656,3.5650459680402307,46.0099983215332,time,-0.016986100977513185,-0.018986100977513187,0.09969128865555898,False,-0.016986100977513185,0.0,validation
pullback,2023-08-02,2023-08-03,2023-08-04,1724,1725,45.56999969482422,2.2357487611359352,50.04149721709609,target,0.09612371192049252,0.09412371192049251,-0.2681839181335993,False,-0.17623740794123377,0.2723611198617263,validation
pullback,2023-12-29,2024-01-02,2024-01-03,1828,1829,43.290000915527344,1.3672665201610632,40.55546787520522,stop,-0.06516777506330107,-0.06716777506330107,0.01671096191876531,False,0.09617509609882235,-0.16134287116212342,validation
pullback,2024-02-20,2024-02-21,2024-02-22,1862,1863,55.58000183105469,2.6117209303090076,60.803443691672705,target,0.09198059893008992,0.08998059893008992,0.16244762663792445,True,0.07770486406143484,0.014275734868655077,validation
pullback,2024-03-26,2024-03-27,2024-04-12,1887,1898,59.68000030517578,2.775924246235075,54.12815181270563,stop,-0.09502695147588103,-0.09702695147588103,-0.06315954268120805,False,-0.11594100540027663,0.020914053924395604,validation
pullback,2024-05-10,2024-05-13,2024-05-16,1919,1922,53.59000015258789,2.503746276803187,58.59749270619427,target,0.09144080125673515,0.08944080125673515,0.09951145010672824,False,0.2461806157714348,-0.15473981451469965,validation
pullback,2024-06-26,2024-06-27,2024-07-08,1950,1956,70.7300033569336,2.903604007762097,76.53721137245779,target,0.0801038843476165,0.0781038843476165,0.10644051753029404,True,-0.005251849936623086,0.08535573428423959,validation
pullback,2024-08-02,2024-08-05,2024-08-07,1976,1978,53.63999938964844,3.8510873410610063,61.34217407177045,target,0.1415901336644756,0.1395901336644756,0.4420715877304997,True,0.3380447067732355,-0.1964545731087599,validation
pullback,2024-10-18,2024-10-21,2024-11-07,2030,2043,98.13999938964844,3.980862823473306,106.10172503659506,target,0.07912620436582563,0.07712620436582562,-0.0756702238893805,False,-0.030428784724667812,0.10955498909049344,validation
pullback,2024-11-25,2024-11-26,2024-12-04,2056,2061,99.80000305175781,5.17405770476452,110.14811846128686,target,0.1016885279869415,0.0996885279869415,0.03848089341277494,False,-0.004004053822854068,0.10569258180979557,validation
pullback,2025-01-08,2025-01-10,2025-01-21,2085,2091,91.41999816894531,5.179052093345843,101.778102355637,target,0.11130238891002575,0.10930238891002575,-0.11247909293824498,False,0.022502357668225947,0.0888000312417998,descriptive_recent
pullback,2025-02-11,2025-02-12,2025-03-03,2107,2119,85.0,6.866482562108188,71.26703487578362,stop,-0.1635642955790162,-0.1655642955790162,-0.12058825683593755,False,-0.26788233498965996,0.10431803941064377,descriptive_recent
pullback,2025-08-01,2025-08-04,2025-08-07,2225,2228,102.79000091552734,4.143353555796452,111.95999908447266,gap_target,0.08721099413629929,0.08521099413629929,-0.12166147428937113,False,-0.1478312844659695,0.23504227860226878,descriptive_recent
pullback,2025-11-04,2025-11-05,2025-11-06,2291,2292,128.6999969482422,6.577908003934363,153.6999969482422,gap_target,0.19225019885629036,0.19025019885629035,0.10864495595047141,True,0.37601095811088836,-0.183760759254598,descriptive_recent
pullback,2025-12-12,2025-12-15,2026-01-14,2318,2338,178.33999633789062,12.111233889987414,184.11000061035156,time,0.030353955315378878,0.028353955315378876,0.04549355946299061,False,0.030353955315378878,0.0,descriptive_recent
pullback,2026-02-12,2026-02-13,2026-02-23,2359,2364,216.10000610351562,19.149431308500823,254.39886872051727,target,0.1752274943789489,0.1732274943789489,0.3812021990731751,True,0.14270147214476703,0.032526022234181884,descriptive_recent
pullback,2026-03-26,2026-03-27,2026-04-09,2388,2396,243.2899932861328,22.395875530642055,288.08174434741693,target,0.1821084808145177,0.1801084808145177,0.26369115530216436,True,0.3195915477507789,-0.13748306693626122,descriptive_recent
pullback,2026-04-28,2026-04-29,2026-05-06,2410,2415,303.9700012207031,22.839450829781438,349.648902880266,target,0.14827437403731447,0.14627437403731447,0.32612445252436895,True,0.23808951769335818,-0.0898151436560437,descriptive_recent
pullback,2026-05-29,2026-06-01,2026-06-02,2432,2433,350.92999267578125,26.219744881388692,403.36948243855863,target,0.14743005971913448,0.14543005971913447,0.1772665345655735,True,0.1220703543545445,0.02535970536458998,descriptive_recent
pullback,2026-07-01,2026-07-02,2026-07-15,2454,2462,358.0799865722656,35.899093315430164,286.2817999414053,stop,-0.202508795026919,-0.204508795026919,-0.22675419874522362,False,-0.2678343819631971,0.0653255869362781,descriptive_recent
pullback,2026-08-19,2026-08-20,2026-09-18,2488,2508,287.4700012207031,34.75092829837055,317.3599853515625,time,0.1019760114235766,0.0999760114235766,-0.0822170572952744,False,0.1019760114235766,0.0,descriptive_recent
breakout,2017-08-11,2017-08-14,2017-09-12,222,242,36.20000076293945,1.590898016349424,38.150001525878906,time,0.05186742325530025,0.04986742325530025,-0.032386802918095814,False,0.05186742325530025,0.0,development
breakout,2018-05-18,2018-05-21,2018-06-12,415,430,45.0,1.6355971866115468,48.271194373223096,target,0.07069320829384651,0.06869320829384651,0.04466663275824656,False,0.03355552164713549,0.03713768664671102,development
breakout,2020-01-27,2020-01-28,2020-01-30,839,841,36.4900016784668,1.0577956762753218,34.37441032591615,stop,-0.05997728844170158,-0.06197728844170158,0.019923792827135856,False,-0.18478985137944315,0.12481256293774157,development
breakout,2021-01-28,2021-01-29,2021-02-09,1093,1100,88.47000122070312,3.615630816782297,95.70126285426772,target,0.07973687728934253,0.07773687728934253,0.014389701912910892,False,-0.02076346376404159,0.10050034105338412,development
breakout,2023-07-06,2023-07-07,2023-08-04,1705,1725,49.709999084472656,3.0439960186194006,50.15999984741211,time,0.007052520040782275,0.005052520040782275,-0.07643172060116132,False,0.007052520040782275,0.0,validation
breakout,2023-08-11,2023-08-14,2023-08-16,1731,1733,46.040000915527344,2.3786463478868956,35.7400016784668,gap_stop,-0.22571848462728406,-0.22771848462728406,-0.22094008754580907,False,-0.2904448811884224,0.06472639656113832,validation
breakout,2024-01-04,2024-01-05,2024-01-16,1831,1837,40.95000076293945,1.3609819747413776,43.67196471242221,target,0.0644704248783845,0.0624704248783845,0.14574112635758274,True,0.2048375396386164,-0.1403671147602319,validation
breakout,2024-03-15,2024-03-18,2024-04-12,1880,1898,59.93000030517578,2.6261101137448817,54.677780077686016,stop,-0.08963924913639898,-0.09163924913639898,-0.019186697381143203,False,-0.11680061793894325,0.027161368802544272,validation
breakout,2024-08-05,2024-08-06,2024-08-12,1977,1981,57.470001220703125,4.061009739237173,67.9000015258789,gap_target,0.17948599414712474,0.17748599414712474,0.36480009367149235,True,0.28388828878007755,-0.10440229463295281,validation
breakout,2024-10-22,2024-10-23,2024-11-07,2032,2043,98.13999938964844,3.8673257706199,105.87465093088824,target,0.0768124270363062,0.0748124270363062,0.01114449687742103,False,0.051393090445874146,0.02541933659043205,validation
breakout,2025-01-10,2025-01-13,2025-01-21,2086,2091,91.41999816894531,5.206263028677446,101.83252422630021,target,0.11189768394123578,0.10989768394123578,-0.09968103789143623,False,-0.044879000737903185,0.15677668467913897,descriptive_recent
breakout,2025-08-01,2025-08-04,2025-08-07,2225,2228,104.5999984741211,4.143353555796452,112.886705585714,target,0.07722282249022316,0.07522282249022316,-0.13689484527901297,False,-0.16261181326422047,0.23983463575444364,descriptive_recent
breakout,2025-11-04,2025-11-05,2025-11-06,2291,2292,131.7100067138672,6.577908003934363,153.6999969482422,gap_target,0.16495762746521647,0.16295762746521647,0.08326304118969197,False,0.34451884491053786,-0.17956121744532139,descriptive_recent
breakout,2025-12-31,2026-01-02,2026-01-09,2330,2335,188.6999969482422,9.664551101307916,169.0,gap_stop,-0.10639850167907328,-0.10839850167907328,0.010400616723552194,False,0.1768023637457634,-0.2832008654248367,descriptive_recent
breakout,2026-04-29,2026-04-30,2026-05-11,2411,2418,311.4800109863281,22.164491102542588,355.8089931914133,target,0.14031726159477675,0.13831726159477675,0.29805132964754,True,0.15849180837023025,-0.018174546775453493,descriptive_recent
breakout,2026-07-17,2026-07-20,2026-07-28,2465,2471,288.6499938964844,30.15396887522394,228.3420561460365,stop,-0.21093102035566125,-0.21293102035566125,-0.0037667738050594073,False,0.21476774171925883,-0.4256987620749201,descriptive_recent
breakout,2026-08-24,2026-08-25,2026-09-23,2491,2511,287.1499938964844,31.952501674048985,300.6000061035156,time,0.04483967436154601,0.04283967436154601,0.05486929283282738,False,0.04483967436154601,0.0,descriptive_recent
