ticker,session,company_type,mcap_usd,close,dd_from_1y_high,support_dist,close_vs_weekly_bb_mid,dd_10d,vol_ratio_20,green_streak,rv90,weekly_vol,macro_score,macro_coverage,score,score_coverage,failed,missing,fundamental_missing,catalyst
CRWV,2026-10-01,infra_growth,,88.56999969482422,0.4218668312066146,0.13159580290681205,-0.03758859160526973,0.028017090888448615,0.6755094487773411,1,0.9474270442128986,0.12729019278326842,2,0.8,,0.65,"[""setup:洗盘或靠近20日低点"", ""trigger:首根放量阳线"", ""trigger:今日量能"", ""safety:连续收涨不超过两天"", ""events:事件覆盖完整"", ""macro:宏观许可""]","[""fundamental:story_intact"", ""fundamental:市值区间""]","[""guidance_revision"", ""ev_sales"", ""ev_sales_compress_6m"", ""mcap_usd"", ""fcf_yield""]",拟发行30亿美元2033年到期可转债；仅本次核验时起可用，不猜公告精确盘前时刻。
CBRS,2026-10-01,infra_growth,,169.52000427246094,0.5612154944366677,0.004860742970080434,-0.19724393851021416,0.20785044732494884,1.8839191462594558,0,1.172300120972107,0.11414075392220832,2,0.8,,0.65,"[""universe:周波动"", ""trigger:首根放量阳线"", ""safety:今日收阳确认"", ""events:事件覆盖完整"", ""macro:宏观许可""]","[""fundamental:story_intact"", ""fundamental:市值区间""]","[""guidance_revision"", ""ev_sales"", ""ev_sales_compress_6m"", ""mcap_usd"", ""fcf_yield""]",7月22日公告8月12日盘后财报，保守用次日可用。
NBIS,2026-10-01,infra_growth,,232.27999877929688,0.2253718064216983,0.04398085710503685,0.04398085710503685,0.07266048091137522,0.7941397649744951,0,1.2092825512804652,0.1707236815111634,2,0.8,,0.65,"[""drawdown:高点回撤范围"", ""setup:洗盘或靠近20日低点"", ""trigger:首根放量阳线"", ""trigger:今日量能"", ""safety:今日收阳确认"", ""events:事件覆盖完整"", ""macro:宏观许可""]","[""universe:新股或流通盘受限"", ""fundamental:story_intact"", ""fundamental:市值区间""]","[""guidance_revision"", ""ev_sales"", ""ev_sales_compress_6m"", ""mcap_usd"", ""fcf_yield""]",
IREN,2026-10-01,infra_growth,,40.650001525878906,0.47118511677578445,0.1367450624683375,-0.1201155538449874,0.1766254323407368,1.0209641391699584,0,1.0507812421804763,0.12228673370478234,2,0.8,,0.65,"[""universe:证券身份已核验"", ""trigger:首根放量阳线"", ""trigger:今日量能"", ""safety:今日收阳确认"", ""events:事件覆盖完整"", ""macro:宏观许可""]","[""universe:新股或流通盘受限"", ""fundamental:story_intact"", ""fundamental:市值区间""]","[""rev_yoy"", ""guidance_revision"", ""ev_sales"", ""ev_sales_compress_6m"", ""mcap_usd"", ""fcf_yield""]",
APLD,2026-10-01,infra_growth,,24.15999984741211,0.5237062479215633,0.032920071733924194,-0.27717692750077394,0.16973095038973185,1.0995703988045216,0,0.841404438881639,0.08162832754771442,2,0.8,,0.65,"[""universe:证券身份已核验"", ""universe:周波动"", ""trigger:首根放量阳线"", ""trigger:今日量能"", ""safety:今日收阳确认"", ""events:事件覆盖完整"", ""macro:宏观许可""]","[""universe:新股或流通盘受限"", ""fundamental:story_intact"", ""fundamental:市值区间""]","[""rev_yoy"", ""guidance_revision"", ""ev_sales"", ""ev_sales_compress_6m"", ""mcap_usd"", ""fcf_yield""]",
ALAB,2026-10-01,infra_growth,,356.4200134277344,0.2864121518950218,0.0799035712657521,0.0799035712657521,0.056765506567413304,0.979689221644907,0,1.0241520367244745,0.1160722071404439,3,0.8,,0.65,"[""universe:证券身份已核验"", ""universe:周波动"", ""drawdown:高点回撤范围"", ""setup:洗盘或靠近20日低点"", ""setup:周线或支撑确认"", ""trigger:首根放量阳线"", ""trigger:今日量能"", ""safety:今日收阳确认"", ""events:事件覆盖完整"", ""macro:宏观许可""]","[""universe:新股或流通盘受限"", ""fundamental:story_intact"", ""fundamental:市值区间""]","[""rev_yoy"", ""guidance_revision"", ""ev_sales"", ""ev_sales_compress_6m"", ""mcap_usd"", ""fcf_yield""]",
CRDO,2026-10-01,infra_growth,,210.1699981689453,0.319111060271003,0.19428345989018503,-0.04688049857798804,0.02187367736327661,0.938863603435269,2,1.0077338711256678,0.14470400737873138,3,0.8,,0.65,"[""universe:证券身份已核验"", ""drawdown:高点回撤范围"", ""setup:洗盘或靠近20日低点"", ""trigger:首根放量阳线"", ""trigger:今日量能"", ""events:事件覆盖完整"", ""macro:宏观许可""]","[""universe:新股或流通盘受限"", ""fundamental:story_intact"", ""fundamental:市值区间""]","[""rev_yoy"", ""guidance_revision"", ""ev_sales"", ""ev_sales_compress_6m"", ""mcap_usd"", ""fcf_yield""]",
LITE,2026-10-01,infra_growth,,1045.780029296875,0.036751181232151375,0.14625972948985044,0.21434967047255116,0.029924686093922293,1.6427288265662061,1,0.9437738648620343,0.08885514002100815,3,0.8,,0.65,"[""universe:证券身份已核验"", ""universe:周波动"", ""drawdown:高点回撤范围"", ""setup:洗盘或靠近20日低点"", ""setup:周线或支撑确认"", ""events:事件覆盖完整"", ""macro:宏观许可""]","[""universe:新股或流通盘受限"", ""fundamental:story_intact"", ""fundamental:市值区间""]","[""rev_yoy"", ""guidance_revision"", ""ev_sales"", ""ev_sales_compress_6m"", ""mcap_usd"", ""fcf_yield""]",
COHR,2026-10-01,hybrid_cyclical,,319.19000244140625,0.27456817626953123,0.020445801248120565,-0.0339987307678411,0.04106826747504111,1.7933835235280315,1,1.0187565178365152,0.15632503660264632,3,0.8,,0.65,"[""universe:证券身份已核验"", ""universe:成长基础设施"", ""drawdown:高点回撤范围"", ""setup:洗盘或靠近20日低点"", ""events:事件覆盖完整"", ""macro:宏观许可""]","[""universe:新股或流通盘受限"", ""fundamental:story_intact"", ""fundamental:市值区间""]","[""rev_yoy"", ""guidance_revision"", ""ev_sales"", ""ev_sales_compress_6m"", ""mcap_usd"", ""fcf_yield""]",
OKLO,2026-10-01,infra_growth,,36.13999938964844,0.8135575728826816,0.05119250339888626,-0.25616433774906955,0.12472757112345367,0.8517814305827188,0,0.8115613399602281,0.10295283139528974,2,0.8,,0.65,"[""universe:证券身份已核验"", ""universe:周波动"", ""drawdown:高点回撤范围"", ""trigger:首根放量阳线"", ""trigger:今日量能"", ""safety:今日收阳确认"", ""events:事件覆盖完整"", ""macro:宏观许可""]","[""universe:新股或流通盘受限"", ""fundamental:story_intact"", ""fundamental:市值区间""]","[""rev_yoy"", ""guidance_revision"", ""ev_sales"", ""ev_sales_compress_6m"", ""mcap_usd"", ""fcf_yield""]",
SMR,2026-10-01,infra_growth,,7.789999961853027,0.8643329813607322,0.005161285400390625,-0.1946655660583435,0.15418024651600826,0.8034236103959886,0,0.9141653156584032,0.08306752642726827,2,0.8,,0.65,"[""universe:证券身份已核验"", ""universe:周波动"", ""drawdown:高点回撤范围"", ""trigger:首根放量阳线"", ""trigger:今日量能"", ""safety:今日收阳确认"", ""events:事件覆盖完整"", ""macro:宏观许可""]","[""universe:新股或流通盘受限"", ""fundamental:story_intact"", ""fundamental:市值区间""]","[""rev_yoy"", ""guidance_revision"", ""ev_sales"", ""ev_sales_compress_6m"", ""mcap_usd"", ""fcf_yield""]",
VRT,2026-10-01,infra_growth,,246.1199951171875,0.3519113397824817,0.05495235391451936,-0.1541192726951398,0.03633515662125708,0.6495352037520712,1,0.7050265367265485,0.09054558532089999,2,0.6,,0.65,"[""universe:证券身份已核验"", ""universe:周波动"", ""setup:洗盘或靠近20日低点"", ""trigger:首根放量阳线"", ""trigger:今日量能"", ""events:事件覆盖完整"", ""macro:宏观许可""]","[""universe:新股或流通盘受限"", ""fundamental:story_intact"", ""fundamental:市值区间""]","[""rev_yoy"", ""guidance_revision"", ""ev_sales"", ""ev_sales_compress_6m"", ""mcap_usd"", ""fcf_yield""]",
AVGO,2026-10-01,core,,343.6400146484375,0.303412882543007,0.025180182770905057,-0.10786171865988126,0.06250163390394392,0.8893640312247691,0,0.49322815436450795,0.06042069851244945,2,0.8,,0.65,"[""universe:非核仓"", ""universe:成长基础设施"", ""universe:90日波动"", ""universe:周波动"", ""drawdown:高点回撤范围"", ""trigger:首根放量阳线"", ""trigger:今日量能"", ""safety:今日收阳确认"", ""events:事件覆盖完整"", ""macro:宏观许可""]","[""universe:新股或流通盘受限"", ""fundamental:story_intact"", ""fundamental:市值区间""]","[""rev_yoy"", ""guidance_revision"", ""ev_sales"", ""ev_sales_compress_6m"", ""mcap_usd"", ""fcf_yield""]",
MU,2026-10-01,cyclical,,1097.3900146484375,0.1254511401048467,0.07964071859883104,0.1585601708100035,0.010218951903159357,1.8227073942326617,1,0.9427518744573498,0.07832743017031088,2,0.6,,0.65,"[""universe:成长基础设施"", ""universe:周波动"", ""drawdown:高点回撤范围"", ""setup:洗盘或靠近20日低点"", ""setup:周线或支撑确认"", ""safety:连续收涨不超过两天"", ""events:事件覆盖完整"", ""macro:宏观许可""]","[""universe:新股或流通盘受限"", ""fundamental:story_intact"", ""fundamental:市值区间""]","[""rev_yoy"", ""guidance_revision"", ""ev_sales"", ""ev_sales_compress_6m"", ""mcap_usd"", ""fcf_yield""]",
