,open,close,low,high,volume
2026-08-19,135.85000610351562,122.19000244140625,121.5,138.55999755859375,12346600
2026-08-20,121.91500091552734,129.10000610351562,118.5999984741211,130.49000549316406,9518800
2026-08-21,129.3679962158203,124.81999969482422,121.88999938964844,133.72000122070312,9748200
2026-08-24,109.125,107.62999725341797,102.0999984741211,112.45999908447266,15016500
2026-08-25,111.7750015258789,113.1500015258789,110.23999786376953,115.08000183105469,6735500
2026-08-26,110.58999633789062,113.76000213623047,110.01000213623047,114.20999908447266,4878800
2026-08-27,117.02999877929688,113.27999877929688,111.30000305175781,118.9000015258789,6254100
2026-08-28,110.45999908447266,106.2300033569336,105.1500015258789,110.9000015258789,5716900
2026-08-31,107.5199966430664,107.69000244140625,104.05599975585938,108.66999816894531,4609500
2026-09-01,104.44999694824219,103.38999938964844,101.2300033569336,105.73999786376953,4893800
2026-09-02,102.08999633789062,103.12999725341797,100.80000305175781,104.73999786376953,4092300
2026-09-03,101.9000015258789,100.37999725341797,96.95999908447266,103.13999938964844,5918000
2026-09-04,101.91000366210938,105.52999877929688,100.54000091552734,106.55999755859375,6840200
2026-09-08,108.38999938964844,111.55000305175781,107.80000305175781,116.9000015258789,12081100
2026-09-09,110.77999877929688,107.93000030517578,107.62000274658203,113.63999938964844,5977400
2026-09-10,104.5,103.29000091552734,102.98999786376953,109.77999877929688,5703900
2026-09-11,104.51000213623047,105.36000061035156,104.08000183105469,108.66999816894531,5001400
2026-09-14,96.7699966430664,95.76000213623047,95.66999816894531,101.12999725341797,8519400
2026-09-15,96.98999786376953,95.29000091552734,95.08000183105469,99.79000091552734,4598500
2026-09-16,98.19999694824219,96.73999786376953,94.0,99.5999984741211,7101200
2026-09-17,100.7249984741211,98.05999755859375,96.36000061035156,102.34700012207031,7819200
2026-09-18,101.06999969482422,105.16999816894531,98.51499938964844,105.43499755859375,9920300
2026-09-21,108.19999694824219,108.66999816894531,104.91999816894531,109.7300033569336,8161300
2026-09-22,106.93000030517578,107.0,103.9000015258789,110.73999786376953,7480500
2026-09-23,106.5999984741211,101.05999755859375,100.41999816894531,107.31999969482422,6601700
2026-09-24,98.93000030517578,101.02999877929688,97.58999633789062,103.58000183105469,5551400
2026-09-25,101.70999908447266,101.4000015258789,99.97000122070312,105.02999877929688,5511000
2026-09-28,100.08999633789062,96.81999969482422,93.62000274658203,102.43000030517578,8195600
2026-09-29,98.7699966430664,100.66999816894531,97.43000030517578,103.83000183105469,7266700
2026-09-30,101.5,99.185,96.41010284423828,104.25,3802191
