,open,low,close,high,volume
2026-08-19,372.3999938964844,357.6099853515625,362.4800109863281,373.9100036621094,35091400
2026-08-20,364.3900146484375,362.25,364.0299987792969,367.1199951171875,19729800
2026-08-21,370.69000244140625,365.04998779296875,368.45001220703125,375.1300048828125,19037100
2026-08-24,364.9700012207031,358.7099914550781,358.760009765625,366.1700134277344,18717200
2026-08-25,361.1000061035156,355.30999755859375,356.739990234375,362.989990234375,18014900
2026-08-26,357.1199951171875,350.05999755859375,355.5899963378906,359.4700012207031,19196300
2026-08-27,361.7900085449219,360.6099853515625,371.5400085449219,371.7200012207031,21330000
2026-08-28,373.6000061035156,365.3500061035156,368.7900085449219,376.5899963378906,16596100
2026-08-31,369.5199890136719,366.29998779296875,370.3399963378906,372.75,21948000
2026-09-01,364.25,362.0,369.67999267578125,371.3999938964844,19288900
2026-09-02,369.67999267578125,364.6499938964844,367.239990234375,371.0899963378906,38874600
2026-09-03,351.739990234375,342.3299865722656,357.1600036621094,359.3999938964844,60242600
2026-09-04,359.70001220703125,353.70001220703125,357.8999938964844,360.1600036621094,32863300
2026-09-08,363.67999267578125,362.739990234375,368.55999755859375,372.70001220703125,30464900
2026-09-09,366.2300109863281,359.25,364.3800048828125,368.010009765625,25918200
2026-09-10,360.0299987792969,357.75,360.8299865722656,365.2699890136719,23994300
2026-09-11,364.8500061035156,361.6400146484375,361.989990234375,366.7799987792969,21166900
2026-09-14,349.6300048828125,343.9100036621094,344.7200012207031,350.25,32662800
2026-09-15,346.0400085449219,337.8999938964844,339.2699890136719,347.260009765625,24783900
2026-09-16,342.3699951171875,335.80999755859375,339.510009765625,344.1499938964844,23152500
2026-09-17,346.6199951171875,345.30999755859375,347.29998779296875,350.94000244140625,24389600
2026-09-18,352.0799865722656,351.3299865722656,357.6099853515625,363.2799987792969,44032800
2026-09-21,358.6600036621094,353.5,362.6600036621094,363.9700012207031,26498600
2026-09-22,363.2300109863281,359.2900085449219,364.5400085449219,366.54998779296875,20570800
2026-09-23,362.20001220703125,354.010009765625,354.989990234375,362.8999938964844,23387700
2026-09-24,349.2099914550781,346.8900146484375,350.3599853515625,351.44000244140625,20930400
2026-09-25,352.6199951171875,349.42999267578125,352.80999755859375,354.42999267578125,16255500
2026-09-28,352.8699951171875,347.32000732421875,349.57000732421875,355.8599853515625,21527900
2026-09-29,357.0,354.0,355.1000061035156,361.8599853515625,19144700
2026-09-30,356.9549865722656,352.32000732421875,353.505,357.8999938964844,8204602
