symbol,group,daily_date,ema10,ema20,ema50,rsi14,atr14,atr_pct,ret20,ret63,ret126,volume_ratio,dollar_volume20_m,prior20high,prior252high,high252_inclusive,dist52high_pct,extension20_atr,above_stack,breakout,close_highs20,prior10low,previous_close,time_et,price,prev_close,change_pct,high,low,volume,vwap_proxy,same_time_volume_ratio,volume_comparison_days,open,quality_notes,market_cap,regular_market_time_fresh,extension_now_atr,drawdown52_now_pct,gap_pct,above_vwap,live_above_ema20,live_above_ema50,new52high,rs20_SPY_pp,rs_today_SPY_pp,rs20_QQQ_pp,rs_today_QQQ_pp,rs20_SMH_pp,rs_today_SMH_pp,beta120_qqq,r2_qqq,market_model_residual_today_pp
NVDA,compute_memory,2026-09-16,217.3886001681362,217.8285682843175,214.4453016495607,46.88755014486651,6.580182495785869,3.076289239620226,-2.5487694115692405,3.244461901264195,17.841428392973846,0.7375544457016875,28473.873769196016,234.49759976142684,236.00055597235212,236.00055597235212,-9.364622886082042,-0.5970312206916891,False,False,0.0,208.92999267578125,213.89999389648438,2026-09-17T12:43:01-04:00,218.88,213.89999389648438,2.3281936632151945,219.87,217.145,46441392.0,218.5971145994391,1.021287500610657,4,218.38800048828125,,,True,0.15978762235786975,-7.254455779484614,2.0981798596819035,True,True,True,False,-0.8027241707167843,1.210229026453491,-0.7662104383950763,0.6353185081416246,1.7003172624845853,-0.40294544303975943,1.1835963160699305,0.4290281731929998,0.3320444435567298
AVGO,compute_memory,2026-09-16,353.8536982818516,362.68840621181823,375.5610763132094,32.461669820872544,11.960255321167367,3.522799027169752,-10.655260587993421,-9.732324818631987,6.053549441737327,0.8822925198460442,9411.655517815094,385.7799987792969,494.21781760890264,494.21781760890264,-31.303567441533453,-1.9379516426519674,False,False,0.0,337.8999938964844,339.510009765625,2026-09-17T12:42:58-04:00,348.99,339.510009765625,2.792256476007693,350.94,345.31,9655426.0,348.6197994409291,0.9964614770649801,4,346.30999755859375,,,True,-1.1453272395928422,-29.38538685463341,2.0028828598199544,True,False,False,False,-8.909215347140965,1.6742918392459893,-8.872701614819256,1.099381320934123,-6.406173913939595,0.06111736975273896,1.470878839640247,0.4631509199139988,0.43978169575955617
AMD,compute_memory,2026-09-16,498.06180521395197,491.47040792299424,486.5742538414284,56.08289754188729,23.32335994680734,4.550899501816066,5.803171927886308,1.0270242597566925,161.06668349737575,1.2444844932182186,8616.793320908355,526.7899780273438,584.72998046875,584.72998046875,-12.352706870074748,0.9016536264486383,True,False,0.0,440.5,512.5,2026-09-17T12:43:00-04:00,549.27,512.5,7.174634146341452,551.42,527.65,16651507.0,539.7513013624887,1.436968365459451,4,533.9000244140625,,,True,2.4781846272932793,-6.064334248831138,4.175614519817072,True,True,True,False,7.549217168738764,6.0566695095797485,7.585730901060472,5.481758991267882,10.052258601940133,4.443495040086498,2.614593683674195,0.5984460260343596,2.3545096777019303
MU,compute_memory,2026-09-16,953.8681028748882,951.6690065131297,931.3412363135747,46.772333110082755,49.31181643934574,5.3220891575214315,-1.5104832077414088,-9.215438033293545,100.80180005541015,0.7887307753024715,23477.36748396881,1042.4000244140625,1254.8069810301963,1254.8069810301963,-26.15995911719654,-0.5093914711306108,False,False,0.0,902.5999755859375,926.5499877929688,2026-09-17T12:43:01-04:00,976.0,926.5499877929688,5.337004247857213,986.2,953.5,13677571.0,976.7105614153902,1.0781106261221538,4,961.3300170898438,,,True,0.4934110167447951,-22.219112998661817,3.7537132108458104,False,True,True,False,0.2355620331110475,4.21903961109551,0.27207576543275547,3.6441290927836434,2.738603466312417,2.6058651416022593,3.0949085136686767,0.5354038640073324,-0.3172744129692573
SNDK,compute_memory,2026-09-16,1591.2517580433291,1575.3061482106011,1548.052947433436,47.028640779743334,111.96215749159207,7.366076938993691,-6.508264137031583,-23.679047303003454,111.05711245573349,0.6450448044183246,17143.16366334778,1807.3800048828125,2354.389892578125,2354.389892578125,-35.44102548627942,-0.49424000704552035,False,False,0.0,1505.0,1519.969970703125,2026-09-17T12:43:01-04:00,1591.405,1519.969970703125,4.699765829178171,1625.355,1564.5,5379555.0,1601.848075217504,1.0372558212432195,4,1575.0,,,True,0.1437883312547618,-32.40690486241574,3.620468190658954,False,True,True,False,-4.762218896179126,3.581801192416467,-4.725705163857419,3.006890674104601,-2.2591774629777572,1.9686267229232168,3.6125151431945164,0.467484821119313,-1.7788245405762355
MRVL,compute_memory,2026-09-16,225.306333623484,224.15389211451517,221.5034350612162,52.65571703821191,14.724052661831875,6.409843816761775,6.347225330494077,-17.548835293142105,153.2015646272405,0.6738079556610456,5408.993308225403,254.60000610351562,329.79864574979393,329.79864574979393,-30.348408135023185,0.37734954682379934,True,False,0.0,200.6199951171875,229.7100067138672,2026-09-17T12:42:49-04:00,242.45,229.7100067138672,5.546120288090917,247.89,240.0,13062424.0,243.2194062930532,1.3879358012541505,4,242.5,,,True,1.242600003252673,-26.485447067621415,5.567886862701799,False,True,True,False,8.093270571346533,4.428155651329213,8.129784303668242,3.8532451330173467,10.596312004547903,2.8149811818359627,2.9818150762349305,0.4583899069628894,0.08458112424704645
ALAB,compute_memory,2026-09-16,277.4978988448141,286.57977303112085,301.38299576294145,43.7696508561392,22.74112116611254,8.448295484391181,-11.290538323878552,-25.58126702750716,111.00571711195389,1.0331450115809258,968.2553152452087,321.6499938964844,499.47601318359375,499.47601318359375,-46.1075235705387,-0.7651241215524464,False,False,0.0,251.625,269.17999267578125,2026-09-17T12:42:49-04:00,283.55,269.17999267578125,5.338438113982336,292.78,278.25,1845192.0,284.32174439950353,1.1335338380151823,4,278.95001220703125,,,True,-0.13322883287019405,-43.23050706825939,3.6295489252864632,False,False,False,False,-9.544493083026095,4.220473477220632,-9.507979350704387,3.6455629589087657,-7.041451649824726,2.6072990077273817,3.1496223706039865,0.45155304054986356,-0.37248203593525364
TSM,compute_memory,2026-09-16,421.3294940048988,420.6183420894144,418.3669732016745,48.592812572140346,11.125296106062077,2.6633381388371693,1.3136126865464615,-1.6413528803420174,21.342704459792515,1.08304472101039,3991.5234972715757,443.1012943868179,477.7184335703195,477.7184335703195,-12.559371406543118,-0.26051808788549835,False,False,0.0,406.72887279222175,417.7200012207031,2026-09-17T12:42:48-04:00,427.115,417.7200012207031,2.2491139404007265,427.73,423.39,4057625.0,425.44514057508445,0.7262792394860008,4,424.3999938964844,,,True,0.5839537077171042,-10.592732039273667,1.5991555722159045,True,True,True,False,3.0596579273989177,1.131149303639023,3.0961716597206257,0.5562387853271566,5.562699360600288,-0.4820251658542274,1.5748512973257849,0.6261239597219859,-0.358064652027688
WDC,compute_memory,2026-09-16,441.5907332300879,454.1529605012164,478.42041112590965,38.867299478354276,29.79584374305502,7.145800334754542,-15.933601977831236,-38.758465308751035,32.95070024200768,1.292631754267743,2607.748422578888,519.8331399023913,799.6132774415504,799.6132774415504,-47.853542082887365,-1.2479243615707336,False,False,0.0,407.1199951171875,416.9700012207031,2026-09-17T12:42:58-04:00,423.85,416.9700012207031,1.649998503286887,433.16,416.31,2739382.0,424.2710688711611,0.9848138865364976,4,423.5,,,True,-1.0170197146465958,-46.99312630773789,1.5660596110463443,False,False,False,False,-14.18755673697878,0.5320338665251834,-14.15104300465707,-0.042876651786682984,-11.68451530377741,-1.081140602968067,2.539651671343987,0.4462181117812035,-2.667913757652919
STX,compute_memory,2026-09-16,820.5204092497444,833.0126310157744,840.1395878067297,42.449772577213146,52.071109760632105,6.648677219489232,-13.334366255382236,-24.007751296176338,86.44602557242634,0.9655298007591753,2875.354666990051,961.27001953125,1144.184150716912,1144.184150716912,-31.551228691197675,-0.9570112595846519,False,False,0.0,758.3499755859375,783.1799926757812,2026-09-17T12:42:59-04:00,801.5,783.1799926757812,2.339182243615201,816.68,783.01,1749425.0,799.9262363272549,0.902609733206254,4,806.0599975585938,,,True,-0.6051845478353773,-29.95008718676938,2.92142356760694,True,False,False,False,-11.588321014529779,1.2212176068534975,-11.55180728220807,0.6463070885416311,-9.08527958132841,-0.39195686263975293,2.0379121493210177,0.36708066269509376,-1.4286822064418447
CRDO,connectivity_equipment,2026-09-16,168.92485176366077,187.1102303878014,207.43098633356828,36.18197796841829,15.31266353955012,9.482112216658704,-34.34565000133376,-32.481808496385945,55.18932277721112,1.1725245759951155,1371.5289434938811,269.3299865722656,308.6700134277344,308.6700134277344,-47.68199097157457,-1.673139674783846,False,False,0.0,149.13999938964844,161.49000549316406,2026-09-17T12:43:00-04:00,166.065,161.49000549316406,2.8329892570531756,169.8,163.52,4113043.0,166.373944773325,0.9700859834242204,4,169.00799560546875,,,True,-1.3743677142415494,-46.199827396295156,4.655390337839149,False,False,False,False,-32.599604760481306,1.715024620291472,-32.5630910281596,1.1401141019796057,-30.096563327279934,0.10185015079822168,2.6901125401511248,0.33633674155201865,-1.8682870999722847
LITE,connectivity_equipment,2026-09-16,897.654448864163,890.5644958346103,863.5732139239714,53.22736889478018,68.59920177066589,7.461300842838725,5.277625011086218,5.031077476635248,41.54197116042815,1.5878747062813996,3681.444258338623,1026.760009765625,1085.6800537109375,1085.6800537109375,-15.315748753835635,0.4203478733739836,True,False,0.0,818.8900146484375,919.4000244140625,2026-09-17T12:43:01-04:00,917.41,919.4000244140625,-0.21644815762658087,945.0,902.0,2505050.0,918.53473915771,1.0376320013398153,4,934.8800048828125,,,True,0.39133843357444503,-15.499046255457827,1.6837045962246444,False,True,True,False,7.023670251938674,-1.3344127943882844,7.060183984260382,-1.9093233127001508,9.526711685140043,-2.947587263881535,2.282033042329711,0.27235478547526526,-4.038760700018771
COHR,connectivity_equipment,2026-09-16,285.4956605307455,289.5239737167218,302.789013830652,49.209079726702456,23.090175110111907,7.964051906810779,-5.384590410331624,-24.26269049271528,17.953616385729276,1.24806585046457,1685.4303282333374,329.44000244140625,440.0,440.0,-34.10681984641335,0.017584057163847297,False,False,0.0,255.25,289.92999267578125,2026-09-17T12:42:53-04:00,295.89,289.92999267578125,2.055671187797259,312.42,290.1,3943424.0,299.7633315272817,1.0279848184023608,4,302.9100036621094,,,True,0.27570281528485713,-32.75227272727273,4.476946612709787,False,True,False,False,-3.638545169479168,0.9377065510355553,-3.60203143715746,0.362796032723689,-1.1355037362777987,-0.675467918457695,2.7559360166755553,0.4058436436520242,-2.4033724074130656
AAOI,connectivity_equipment,2026-09-16,102.34551573833893,107.57458791611666,117.27504694661154,40.354295092458315,9.592499908171659,9.91575369029875,-26.3830795465814,-43.36397210556463,12.058375781210916,0.9169941163561119,799.2847897541427,151.41200256347656,233.6699981689453,233.6699981689453,-58.59973525834252,-1.129485551844244,False,False,0.0,95.08000183105469,96.73999786376953,2026-09-17T12:43:00-04:00,98.95,96.73999786376953,2.284476106090705,102.347,96.36,4844566.0,99.49178977700377,1.4732958438021326,4,100.72000122070312,,,True,-0.8990970027291362,-57.653956102461066,4.114123883420273,False,False,False,False,-24.637034305728946,1.1665114693290013,-24.600520573407238,0.591600951017135,-22.133992872527575,-0.4466630001642491,3.2372714213074842,0.27050911784238096,-2.9105639265478467
AMAT,connectivity_equipment,2026-09-16,442.5601313748768,460.44653293003256,488.2770323231617,33.0331072585128,21.64995718309729,5.21208458004742,-19.15226600071135,-26.821144448859048,18.124357141195823,0.8807916586801999,2801.128455150452,516.2779692936889,738.8798989117877,738.8798989117877,-43.7824732416488,-2.081598945720074,False,False,0.0,416.760009765625,415.3800048828125,2026-09-17T12:42:58-04:00,415.125,415.3800048828125,-0.06139074577854453,428.54,414.1,2698194.0,418.67095093389327,1.2455487853129699,4,427.57501220703125,,,True,-2.093377485541464,-43.81698560058401,2.935867682812332,False,False,False,False,-17.406220759858893,-1.179355382540248,-17.369707027537185,-1.7542659008521144,-14.903179326657522,-2.7925298520334985,2.379910551819111,0.5644164462330417,-3.9034896232229834
LRCX,connectivity_equipment,2026-09-16,289.40620961445364,298.0548988831986,308.23558040294415,36.03317329879179,15.658635149607639,5.816080864180779,-17.89765797699325,-27.05375568442372,18.96483765285888,0.9543197310385244,2335.7423482310487,329.07000732421875,438.5,438.5,-38.60204994610533,-1.8408301631316009,False,False,0.0,265.3699951171875,269.2300109863281,2026-09-17T12:43:02-04:00,267.51,269.2300109863281,-0.6388630227465497,281.4,266.91,3884348.0,271.40422945864344,1.2137104623407518,4,280.4549865722656,,,True,-1.9506744100850932,-38.994298745724066,4.169288388324399,False,False,False,False,-16.151612736140798,-1.7568276595082533,-16.11509900381909,-2.3317381778201196,-13.648571302939427,-3.3700021290015036,2.6925773406211277,0.6559035193820446,-4.989393341058838
KLAC,connectivity_equipment,2026-09-16,175.06348073907424,180.03837033551346,190.87235512351776,36.96645356878463,8.697689313393633,5.196994073657803,-14.08182844150958,-29.40245167078299,13.250081002769898,0.7268608779192953,1590.6474294677735,199.52000427246094,307.0229676417069,307.0229676417069,-45.48941992976264,-1.457671028285454,False,False,0.0,165.92999267578125,167.36000061035156,2026-09-17T12:43:02-04:00,167.885,167.36000061035156,0.3136946628428561,173.79,167.26,2813242.0,169.031054859079,0.9403564248318179,4,173.27999877929688,,,True,-1.3973102392607208,-45.31842314939764,3.537283787855783,False,False,False,False,-12.335783200657124,-0.8042699739188475,-12.299269468335417,-1.3791804922307138,-9.832741767455754,-2.417444443412098,2.4111190767161257,0.5859819494975644,-3.545582600168806
ONTO,connectivity_equipment,2026-09-16,261.64341601573756,271.2343683141302,281.4770392639044,38.88210230867702,18.01536610688092,7.394256342149022,-22.756962457149665,-22.93531422005264,23.920450960428276,0.6204811357959774,237.80183364250183,335.5799865722656,386.4599914550781,386.4599914550781,-36.95595798356555,-1.5317129144515245,False,False,0.0,240.00999450683594,243.63999938964844,2026-09-17T12:41:37-04:00,250.835,243.63999938964844,2.953127823171897,256.55,249.11,239300.0,251.53209988050662,0.6111244236611626,4,254.25999450683594,,,True,-1.132331599208452,-35.09418683792603,4.358888172628483,False,False,False,False,-21.01091721629721,1.8351631864101936,-20.9744034839755,1.2602526680983273,-18.50787578309584,0.22198871691694322,2.7749288929863263,0.533464814275814,-1.519130854160204
CAMT,connectivity_equipment,2026-09-16,140.47264500532341,142.87570756476458,148.6387399093243,45.6259042812744,8.308080511886144,5.994718761396422,-11.069045434651281,-23.95193582065096,-13.59187177175386,1.714356462884499,53.549505834198,164.5800018310547,215.99000549316406,215.99000549316406,-35.83499568813294,-0.5158485429627826,False,False,0.0,126.08999633789062,138.58999633789062,2026-09-17T12:39:44-04:00,143.295,138.58999633789062,3.394908569474442,146.41,143.295,107050.0,144.72667449513622,0.7034163388395084,4,144.5399932861328,,,True,0.050468027438532306,-33.65665245814572,4.293236961876912,False,True,False,False,-9.323000193798824,2.2769439327127383,-9.286486461477118,1.702033414400872,-6.819958760597455,0.6637694632194879,2.525051751820694,0.50407366143431,-0.4036086264437335
TER,connectivity_equipment,2026-09-16,352.75033981430505,359.6405336690847,366.9494036232296,44.09955748149078,22.127458529290482,6.486137747375909,-15.585091183904654,-16.62855258754734,14.031380756765932,1.0171669181599496,863.216761985321,424.59690659021044,487.72264979347494,487.72264979347494,-30.05246033971488,-0.8356377551504194,False,False,0.0,325.8748291672664,341.1499938964844,2026-09-17T12:42:55-04:00,358.615,341.1499938964844,5.11945080345364,360.26,350.0,816862.0,355.89827284076506,0.7062989107832566,4,351.1099853515625,,,True,-0.046346654213684335,-26.47153045858036,2.9195344081115016,True,False,False,False,-13.839045943052197,4.001486166691937,-13.80253221073049,3.4265756483800702,-11.336004509850827,2.388311697198686,2.7926044357770583,0.49288203642725936,0.6387128615183952
SMTC,connectivity_equipment,2026-09-16,153.61368749603153,146.9032909024255,140.00627707041437,61.40987550010246,11.816174865355299,7.052327454571976,23.900028355644555,3.688351289645797,111.52632873164903,1.446865944416366,499.08075842037204,170.42999267578125,177.35000610351562,177.35000610351562,-5.525797978285807,1.7473262188991376,True,False,0.0,124.83000183105469,167.5500030517578,2026-09-17T12:43:02-04:00,181.38,167.5500030517578,8.25425049020736,182.13,170.0,2646514.0,176.93930487268344,1.9532533502458387,4,173.0,,,True,2.917755491132689,2.2723393052110463,3.2527584893917494,True,True,True,True,25.64607359649701,7.136285853445656,25.68258732881872,6.56137533513379,28.14911502969838,5.523111383952406,2.570874542578305,0.39475984868134506,3.5340119673834467
VICR,connectivity_equipment,2026-09-16,187.07787231689312,193.5190756554398,214.8387686822228,43.092908662352805,14.899765026046973,8.101660991438903,-24.13266742965856,-42.61061955751511,-6.326082643055708,0.7401245741056218,136.090904401474,248.72999572753906,382.6499938964844,382.6499938964844,-51.937800445421864,-0.6449143309664516,False,False,0.0,172.55999755859375,183.91000366210938,2026-09-17T12:43:01-04:00,213.095,183.91000366210938,15.869172832768296,214.43,206.55,770178.0,211.1756285417486,2.5911991440101776,4,211.6300048828125,,,True,1.3138411451683045,-44.310726930875866,15.07259021734999,True,True,False,False,-22.386622188806104,14.751208196006592,-22.350108456484396,14.176297677694727,-19.883580755604736,13.138033726513342,2.9185321749453426,0.39101035214351954,11.19626267551851
CLS,ai_infra_power,2026-09-16,320.26668658700373,318.3707696446746,326.23011820925075,51.35350425912985,19.789682185317968,6.1111333125111065,4.262851473159235,-15.229973483955206,14.853687729044186,0.7827743780107809,653.601601971283,353.0,474.0299987792969,474.0299987792969,-31.685760942096564,0.2758617787020962,False,False,0.0,273.79998779296875,323.8299865722656,2026-09-17T12:42:51-04:00,333.3,323.8299865722656,2.924378167684316,353.96,331.33,1240843.0,340.93117393434744,1.1660512085283088,4,337.75,,,True,0.754394649470492,-29.68799424966756,4.298556034009526,False,True,True,False,6.008896714011691,1.8064135309226126,6.045410446333399,1.2315030126107462,8.51193814721306,0.1932390614293622,2.220342676606516,0.3627794104450808,-0.6689140336936417
FN,ai_infra_power,2026-09-16,401.6734541371824,421.617733545184,467.1944198332089,39.679139453618525,25.374135845240176,6.4617847403777695,-18.630722630884765,-33.22109873447783,-21.467141053626094,0.8037742962882117,371.88511335479734,520.0,748.8900146484375,748.8900146484375,-47.56506496349496,-1.1404424192373463,False,False,0.0,373.70001220703125,392.67999267578125,2026-09-17T12:42:26-04:00,384.345,392.67999267578125,-2.1225916347266116,411.46,381.9,392199.0,392.9019152867465,1.5557621171204072,4,403.8999938964844,,,True,-1.4689262236363343,-48.67804450825416,2.857288741463071,False,False,False,False,-16.88467739003231,-3.240556271488315,-16.8481636577106,-3.8154667898001815,-14.38163595683094,-4.8537307409815655,2.082545361152281,0.326672321464788,-5.075870380466022
VRT,ai_infra_power,2026-09-16,251.77725349809256,258.9395232676815,272.48955724144776,40.441332140201645,15.472904040972766,6.462931291213046,-12.134478263859538,-20.070531632203203,-10.76393478351374,1.0424293697432765,1352.3146409425353,295.2676017691399,379.76284762424655,379.76284762424655,-36.95802389311348,-1.2621754490209032,False,False,0.0,226.94000244140625,239.41000366210938,2026-09-17T12:43:03-04:00,242.87,239.41000366210938,1.4452179461865278,252.34,241.51,2727003.0,244.901061362984,0.7498420282090995,4,249.75,,,True,-1.038558968964642,-36.04692994078613,4.318949158233143,False,False,False,False,-10.388433023007082,0.3272533094248242,-10.351919290685373,-0.24765720888704212,-7.885391589805712,-1.2859211600684262,1.899688784035563,0.377786907559024,-1.4417265080770205
NBIS,ai_infra_power,2026-09-16,217.70882522196652,218.58063054880415,216.17108258327687,46.45714096898084,17.048125164508992,8.142582777903254,-15.72273828046592,-21.02225941276169,79.97936200607492,0.7933361450864614,3595.7212742456054,274.79998779296875,299.8599853515625,299.8599853515625,-30.17741434499256,-0.54027263072842,False,False,0.0,194.8000030517578,209.3699951171875,2026-09-17T12:43:02-04:00,216.64,209.3699951171875,3.472324140210903,232.81,209.65,21160576.0,215.52963561950975,3.1739197118715756,4,230.02000427246094,,,True,-0.11383249067435258,-27.752947847974298,9.862926702422348,True,False,True,False,-13.976693039613464,2.3543595034491993,-13.940179307291755,1.779448985137333,-11.473651606412094,0.7411850339559489,2.831673561278825,0.2652044482261582,-1.6513956703829589
CRWV,ai_infra_power,2026-09-16,86.37460312216585,87.38141906641168,88.963039969153,45.50313450228007,6.113608271154056,7.334863087072806,-10.539873229381847,-28.778946130463368,1.4978028329282411,0.8463777340811783,1835.7634762953949,104.58999633789062,153.1999969482422,153.1999969482422,-45.593994690299866,-0.6594175507305741,False,False,0.0,79.02999877929688,83.3499984741211,2026-09-17T12:43:01-04:00,80.98,83.3499984741211,-2.843429535103037,82.43,78.27,46338777.0,80.37997890817697,4.423913119492708,4,81.44999694824219,,,True,-1.0470770750254974,-47.140991114145606,-2.2795459636017035,True,False,False,False,-8.79382798852939,-3.9613941718647405,-8.757314256207682,-4.536304690176607,-6.290786555328021,-5.574568641357991,2.353007688568952,0.2901848600951127,-6.589384753113343
IREN,ai_infra_power,2026-09-16,42.649974945500915,42.06504384209245,42.520263657834384,51.532115416304734,3.089121600034972,7.248056493319023,1.47618793305897,-27.98242867167189,-0.791434264044899,0.8054209993549634,1695.392357098465,49.290000915527344,76.87000274658203,76.87000274658203,-44.555746833533405,0.1796481853566505,False,False,0.0,35.13999938964844,42.619998931884766,2026-09-17T12:43:01-04:00,43.45,42.619998931884766,1.9474450701928658,46.17,42.34,29225097.0,43.744087570911816,1.6133717448998655,4,45.5,,,True,0.4483333248816989,-43.47600045853781,6.757393571778469,False,True,True,False,3.2222331739114263,0.8294804334311623,3.2587469062331342,0.25456991511929594,5.725274607112796,-0.7836940360620881,2.9983312427297526,0.3722726388175469,-2.8995189801013206
BE,ai_infra_power,2026-09-16,255.5223316170528,243.56254260745035,236.54951801044845,61.00529600686738,18.9410313760683,7.014677485639503,29.189989048509602,-3.8664254059920022,68.70976811312613,1.0119945372999275,3095.061551453476,283.8299865722656,351.2799987792969,351.2799987792969,-23.132546700069668,1.3968324047892184,True,False,0.0,197.5,270.0199890136719,2026-09-17T12:43:02-04:00,280.09,270.0199890136719,3.7293576016767416,288.0,275.535,7782191.0,281.24251755102296,0.9698688335924014,4,283.1499938964844,,,True,1.9284830201327632,-20.26588448721338,4.862604776325541,False,True,True,False,30.93603428936206,2.611392964915038,30.972548021683764,2.0364824466031717,33.43907572256343,0.9982184954217876,2.946141900799999,0.3222842522958067,-1.5305184810843562
GEV,ai_infra_power,2026-09-16,923.2562021515967,940.1653022042586,972.442526761688,46.21149319813948,42.9291329504246,4.640535699681867,-7.908175975287723,-5.828874652978455,9.657330315985856,1.707881476283963,1968.5944331201172,1049.9000244140625,1195.93994140625,1195.93994140625,-22.647451194940558,-0.35116654618203236,False,False,0.0,868.25,925.0900268554688,2026-09-17T12:43:00-04:00,940.13,925.0900268554688,1.6257848109826112,971.34,934.4,1727612.0,948.1124873847397,1.2769149903635166,4,962.0449829101562,,,True,-0.0008223367636940023,-21.38986520555999,3.9947415907512607,False,False,False,False,-6.162130734435268,0.5078201742209076,-6.125617002113559,-0.06709034409095871,-3.6590893012338976,-1.1053542952723427,1.4456047138924693,0.3420074564353718,-0.6495607776737868
ETN,ai_infra_power,2026-09-16,404.74177763863474,409.5662146192697,412.2396145610791,44.35616160748241,15.129485889358646,3.803289681655959,-7.773630357990246,-2.1905896510788447,9.872437785415155,0.9613158761003685,760.3746282238769,444.8900146484375,478.0,478.0,-16.7782452315965,-0.7777016953746435,False,False,0.0,384.7699890136719,397.79998779296875,2026-09-17T12:42:49-04:00,411.49,397.79998779296875,3.4414310274328397,418.86,408.765,1281406.0,412.97046354914,1.4498725364883993,4,415.0799865722656,,,True,0.12715470934034792,-13.914225941422597,4.343891229149577,False,True,False,False,-6.02758511713779,2.323466390671136,-5.991071384816083,1.7485558723592698,-3.524543683936421,0.7102919211778858,1.35102940940934,0.43075261517985486,1.2773145412643934
CEG,ai_infra_power,2026-09-16,275.24915622244754,277.04131569354576,274.1745757583777,37.991166266817444,10.009013727898818,3.85659221476375,-2.7358198704521164,-3.0115831436833274,-15.391202366580858,1.0586817465467693,709.3450984893799,305.79998779296875,410.40579564123135,410.40579564123135,-36.762589238341825,-1.749554690432522,False,False,0.0,259.6099853515625,259.5299987792969,2026-09-17T12:43:03-04:00,268.72,259.5299987792969,3.541016939825248,269.4,260.31,1322424.0,265.41070323676183,1.1210106774252562,4,264.8699951171875,,,True,-0.8313821840758543,-34.52334181096464,2.0575641979760917,True,False,False,False,-0.9897746295996601,2.4230523030635442,-0.9532608972779522,1.848141784751678,1.5132668036017094,0.8098778335702939,0.5448518100266643,0.0792748618979886,2.7967714634999297
VST,ai_infra_power,2026-09-16,143.7376542498004,143.9540858766433,146.75033345624044,44.047928672217864,5.0620404888596,3.6056987754591057,-0.09251699321075613,-11.363346255138062,-14.331906866223088,0.8707693570152084,621.1908929836274,154.89999389648438,218.90834935343653,218.90834935343653,-35.868138513537005,-0.7040809916156533,False,False,0.0,134.89999389648438,140.38999938964844,2026-09-17T12:43:01-04:00,145.34,140.38999938964844,3.525892607644354,146.11,141.53,1910617.0,144.16714046927004,1.1404392353297748,4,144.10000610351562,,,True,0.2737856653669197,-33.60691795024109,2.642643158342195,True,True,False,False,1.6535282476417001,2.4079279708826506,1.690041979963408,1.8330174525707843,4.15656968084307,0.7947535013894003,0.7163686577054129,0.13684378545857934,2.454082301480356
RKLB,other_growth,2026-09-16,63.95301425509039,66.1334770406097,72.9269858394575,40.19670530345952,3.766889525121989,5.913484270024623,-19.530068448657723,-39.11879725213454,-18.94642609592826,1.0613569815310675,1096.1215883280372,81.04000091552734,151.0,151.0,-57.81456903116593,-0.6460174266967506,False,False,0.0,60.5099983215332,63.70000076293945,2026-09-17T12:42:59-04:00,67.65,63.70000076293945,6.200940643251385,68.331,65.26,13213702.0,66.92281881702581,1.4451688977352628,4,65.4800033569336,,,True,0.4025928950866136,-55.19867549668873,2.794352547370371,True,True,False,False,-17.784023207805266,5.082976006489681,-17.747509475483557,4.508065488177815,-15.280981774603896,3.469801536996431,2.46530521888313,0.3053761664892004,2.3489450204446367
ASTS,other_growth,2026-09-16,60.57904720982625,61.87362549587121,66.14005617463997,43.80445558267186,4.152758455904766,7.00650991029443,-11.629639589311747,-27.939209169892187,-38.06687319977774,0.7771116183354582,566.3905927849007,70.0999984741211,133.86000061035156,133.86000061035156,-55.72239639360927,-0.6269627925037319,False,False,0.0,55.70000076293945,59.27000045776367,2026-09-17T12:42:58-04:00,63.157,59.27000045776367,6.558123017067019,63.57,61.15,5113147.0,62.58298058374891,1.5573107961700583,4,61.63059997558594,,,True,0.3090414522674608,-52.818616680092866,3.9827897749122654,True,True,False,False,-9.88359434845929,5.4401583803053155,-9.847080616137582,4.865247861993449,-7.380552915257921,3.826983910812065,2.477500412993608,0.26172844583385313,2.934295948897767
PLTR,other_growth,2026-09-16,172.82288461742937,171.69991328987845,161.28930321925813,54.452080728320574,7.326912129040521,4.20265703966182,1.6322741992226497,30.836770234814725,12.419392751760427,0.7155969678291859,5086.072524817199,188.3699951171875,207.52000427246094,207.52000427246094,-15.988823849004463,0.36032683366681767,True,False,0.0,164.5500030517578,174.33999633789062,2026-09-17T12:43:02-04:00,175.59,174.33999633789062,0.7169919056822405,177.88,172.607,11878996.0,176.145938899101,1.0925092723148886,4,175.75999450683594,,,True,0.5309312629399541,-15.386470516133377,0.8144993683452784,False,True,True,False,3.378319440075106,-0.4009727310794631,3.414833172396814,-0.9758832493913294,5.881360873276476,-2.0141472005727135,0.9647852848409101,0.09623416729217782,-0.9488017909476265
IOVA,other_growth,2026-09-16,8.910070921274276,8.359649576855135,7.016517105153284,73.11154054722824,0.5171165309004334,5.2392759563962406,40.39828721183147,158.37696487027003,153.72749664237392,1.3554341816545334,128.93185875981808,9.40999984741211,9.40999984741211,9.930000305175781,4.888417062764128,2.9207155804399383,True,True,5.0,7.96999979019165,9.869999885559082,2026-09-17T12:43:01-04:00,10.36,9.869999885559082,4.964540224137615,10.98,10.155,14124495.0,10.619988866443505,2.445168490640509,4,10.170000076293945,,,True,3.868277851535199,4.330308978944242,3.0395156455249595,False,True,True,True,42.14433245268393,3.846575587375911,42.180846185005635,3.2716650690640448,44.6473738858853,2.2334011178826607,0.2970229279210512,0.004026795611890455,3.501235502592223
ABCL,other_growth,2026-09-16,11.276510440744035,10.960798950089792,9.467702103377304,60.87721205213752,0.7023494321053139,6.018418402001928,4.946044931611171,129.2730791051275,228.73240093086676,0.8800829823079308,57.288510626225474,12.579999923706055,12.579999923706055,12.579999923706055,-7.233703123457769,1.0097553920963545,True,False,2.0,10.319999694824219,11.670000076293945,2026-09-17T12:43:03-04:00,12.79,11.670000076293945,9.59725720980229,13.18,11.99,4600858.0,12.709854823067069,2.6210674110713126,4,12.149999618530273,,,True,2.6044031165898733,1.6693169917927797,4.1131065903879716,True,True,True,True,6.692090172463628,8.479292573040587,6.728603904785335,7.90438205472872,9.195131605664997,6.866118103547336,1.3555111278140444,0.09969636247896185,6.313195078481409
CDNA,other_growth,2026-09-16,51.284410160399545,49.76420643440718,44.07406587820533,71.09807263756606,2.2485476919613534,4.198968672263197,15.959287317412052,130.3225773637013,204.26135270679316,0.7385262643367142,57.306145729312895,53.7400016784668,53.7400016784668,54.487998962402344,-0.35355868156287107,1.6836613322402398,True,False,7.0,48.25,53.54999923706055,2026-09-17T12:41:48-04:00,54.175,53.54999923706055,1.1671349614266635,55.16,53.206,360397.0,54.52110213424638,1.2742851631251864,4,54.0,,,True,1.9616188624157627,-0.5744365151275299,0.8403375711498073,False,True,True,False,17.70533255826451,0.04917032466495996,17.741846290586217,-0.5257401936469064,20.208373991465876,-1.5640041448282904,0.5715008200945668,0.023794460385739957,-0.7385361870992525
TEAM,other_growth,2026-09-16,185.3440853477259,177.33601769000134,150.48569688597655,65.11797846214202,9.10093990900175,4.782919890365253,16.73619557012078,116.3502050958285,154.01146639583385,0.671349192050508,681.5532282415008,198.60000610351562,198.60000610351562,198.60000610351562,-4.1893288361140035,1.4222686028827227,True,False,4.0,174.2100067138672,190.27999877929688,2026-09-17T12:42:54-04:00,191.93,190.27999877929688,0.8671438045450897,195.54,185.72,1125626.0,193.20459967607025,0.9534127973369358,4,188.6199951171875,,,True,1.603568692456011,-3.358512537023306,-0.8724005007140989,False,True,True,False,18.482240810973238,-0.2508208322166139,18.518754543294946,-0.8257313505284802,20.98528224417461,-1.8639953017098643,0.15991812350413567,0.0013802488800351842,-0.42743528613453013
AMPL,other_growth,2026-09-16,13.1628091050202,12.916205306594966,11.596521228888664,59.50245978887674,0.6337019235452798,4.704542768988829,6.989675168987453,102.55639208805985,88.39160961349049,0.6874937524622649,21.616513843569756,14.760000228881836,14.760000228881836,14.760000228881836,-8.739837004397888,0.8739044965109253,True,False,2.0,11.949999809265137,13.470000267028809,2026-09-17T12:41:45-04:00,13.5,13.470000267028809,0.2227151624088819,13.75,13.33,459533.0,13.570400565292376,0.9850026126633722,4,13.74899959564209,,,True,0.9212449445300133,-8.53658678416761,2.0712644623786858,False,True,True,False,8.735720409839908,-0.8952494743528217,8.772234142161617,-1.470159992664688,11.238761843041278,-2.508423943846072,0.2715376136620952,0.006661516882240481,-0.9024481833794736
RNG,other_growth,2026-09-16,71.24142078152529,69.0882426309285,61.3818459809672,66.2593716362226,3.1538286625201843,4.288589370760098,12.808710172432036,93.66577194436294,94.47314140772905,1.0703908718797057,98.99258343509675,77.94999694824219,77.94999694824219,77.94999694824219,-5.657467870900657,1.4115409430775783,True,False,6.0,67.97000122070312,73.54000091552734,2026-09-17T12:42:22-04:00,74.05,73.54000091552734,0.6934988824088606,75.16,71.976,453638.0,74.17409585123895,1.0617961987937707,4,73.11000061035156,,,True,1.573248866698616,-5.003203464949124,-0.5847162086246138,False,True,True,False,14.554755413284493,-0.42446575435284295,14.591269145606201,-0.9993762726647093,17.05779684648586,-2.0376402238460933,-0.02156350302436032,4.614622862897377e-05,0.02296046560174774
ATRC,other_growth,2026-09-16,53.97600476371745,51.22684705605113,44.912330501234656,81.06501205585684,1.9673679294308293,3.4430660665831936,24.868884365234265,104.21729922973925,93.1710599629015,1.2755297237522731,50.58201626625061,56.779998779296875,56.779998779296875,57.25,0.6340271540879794,3.005615901906065,True,True,9.0,47.540000915527344,57.13999938964844,2026-09-17T12:43:00-04:00,58.4,57.13999938964844,2.205111347235733,59.195,57.31,540309.0,58.64756414521108,1.3257658166255688,4,57.959999084472656,,,True,3.646065810386624,2.008733624454151,1.4350712348323302,False,True,True,True,26.614929606086722,1.0871467104740296,26.65144333840843,0.5122361921621632,29.117971039288093,-0.5260277590192208,-0.21399325430332372,0.011706860305129352,1.942305427038095
PBF,other_growth,2026-09-16,74.77692262627818,73.27985577509024,66.99040228348264,56.65524978910303,4.4465760876757825,5.856151810620605,0.9707491842533278,94.66627964075833,72.22754504592785,1.2023099139855165,239.44726086250304,82.61000061035156,82.61000061035156,82.61000061035156,-8.086188422493167,0.595996667510252,True,False,4.0,69.02999877929688,75.93000030517578,2026-09-17T12:43:01-04:00,77.673,75.93000030517578,2.2955349503737787,77.828,74.111,1041748.0,76.4088144648776,0.3522597922064394,4,74.27999877929688,,,True,0.9879835941829234,-5.976274753510802,-2.173056129655293,True,True,True,False,2.716794425105784,1.1775703136120752,2.753308157427492,0.6026597953002089,5.219835858307153,-0.4356041558811752,-0.41137174411205923,0.019301051072842967,2.469062426830223
SPY,etf,2026-09-16,761.3438112836103,762.9875350505115,758.1656337626538,41.78426026914661,6.544421657529369,0.8679028928419265,-1.7460452408524563,0.7546760194940161,13.009628685216402,1.527591484307778,30070.782671295776,775.2999877929688,779.3699951171875,779.3699951171875,-3.2487788191552847,-1.3656741153376146,False,False,0.0,756.1500244140625,754.0499877929688,2026-09-17T12:43:03-04:00,762.48,754.0499877929688,1.1179646367617035,763.41,759.96,18643708.0,761.5476917884617,1.0973551616764805,4,763.1500244140625,,,True,-0.07755231509686702,-2.1671343807183496,1.2068214002268762,True,False,True,False,0.0,0.0,0.03651373232170796,-0.5749105183118663,2.5030414332013695,-1.6131744694932504,0.5542136122950789,0.8414952667663134,0.14873215242186333
QQQ,etf,2026-09-16,710.6051303534239,712.1307923105137,710.4146353101681,44.12918534199707,9.19443455438267,1.3046933443945181,-1.7825589731741642,-3.3383873735558622,17.084746848959554,1.1319691085187953,21761.076968154906,724.1300048828125,747.828194840854,747.828194840854,-5.764455584200457,-0.8060116762543287,False,False,0.0,702.739990234375,704.719970703125,2026-09-17T12:43:02-04:00,716.65,704.719970703125,1.69287515507357,716.939,713.32,15954232.0,715.3566257943503,1.0936916641336296,4,716.0499877929688,,,True,0.4915155644163162,-4.169165465537061,1.6077332218270124,True,True,True,False,-0.03651373232170796,0.5749105183118663,0.0,0.0,2.4665277008796616,-1.038263951181384,1.0000000000000007,1.0,-1.1102230246251565e-15
IWM,etf,2026-09-16,288.8886463534055,291.7434496103938,292.8497459709311,33.31585107176794,3.457487723863461,1.2177682306088962,-5.185516967971859,-2.5398637850940875,14.112575319769416,1.4241155258567653,5796.643310798492,302.6196209832606,304.38501947188735,304.38501947188735,-6.723394626864376,-2.262751687782525,False,False,0.0,284.0799865722656,283.9200134277344,2026-09-17T12:42:48-04:00,287.025,283.9200134277344,1.0936131394118531,288.28,286.4,9963937.0,287.1252461180812,0.8200798841917006,4,287.95001220703125,,,True,-1.3647046605045703,-5.70330941450643,1.4194134223379118,False,False,False,False,-3.439471727119403,-0.024351497349850426,-3.402957994797695,-0.5992620156617168,-0.9364302939180336,-1.6375259668431008,0.6216666264040477,0.6076936101734258,0.03149470072212601
RSP,etf,2026-09-16,215.43981313563003,216.92626323634354,216.23516448318773,34.72605768053327,1.916854729564945,0.9029841438607974,-3.4168955531378886,0.439328776785719,9.163191492667334,1.3495116402129714,1326.0318080213165,223.44000244140625,223.44000244140625,223.44000244140625,-4.994631015113738,-2.423900145057523,False,False,0.0,213.02999877929688,212.27999877929688,2026-09-17T12:43:01-04:00,213.68,212.27999877929688,0.6595068912538915,214.28,212.95,3124433.0,213.43038559525277,0.9914149764379337,4,214.1199951171875,,,True,-1.6935363886862302,-4.368064059597232,0.8667780047443951,True,False,False,False,-1.6708503122854323,-0.45845774550781204,-1.6343365799637244,-1.0333682638196784,0.8321911209159372,-2.0716322150010624,0.28463583489364624,0.31381736185537057,0.13798809041117094
SMH,etf,2026-09-16,554.579479851789,558.5955399054109,564.1727640685247,43.869810817010666,16.150572674155217,2.960365999418905,-4.249086674053826,-11.435065331397121,37.46220289421793,0.8674576950907997,3683.6119446554567,580.5700073242188,671.8300170898438,671.8300170898438,-18.79493567111098,-0.8071257044449645,False,False,0.0,537.72998046875,545.5599975585938,2026-09-17T12:43:01-04:00,560.46,545.5599975585938,2.731139106254954,561.769,557.561,3333249.0,559.8214888779775,0.9788043346619948,4,560.3300170898438,,,True,0.11544235193422862,-16.5771124029652,2.7073135122344993,True,True,False,False,-2.5030414332013695,1.6131744694932504,-2.4665277008796616,1.038263951181384,0.0,0.0,1.9155932141837841,0.836426163220164,-0.5060805723468915
SOXX,etf,2026-09-16,510.55004372769787,515.3068513651833,524.1224325188324,43.78719237993848,17.30754615330041,3.4473063453497916,-5.457712423446415,-15.028035089339475,47.722793898644845,1.1277875741840768,3746.347362946777,541.3460462865781,655.521419501022,655.521419501022,-23.41058848378165,-0.7653802387268804,False,False,0.0,488.8903538116206,502.05999755859375,2026-09-17T12:43:03-04:00,519.51,502.05999755859375,3.4756807007651824,520.419,514.8,3781371.0,517.9542473281182,0.8527992628887064,4,517.5250244140625,,,True,0.2428506385357906,-20.74858508888282,3.0803144904337554,True,True,False,False,-3.7116671825939584,2.357716064003479,-3.6751534502722505,1.7828055456916125,-1.208625749392589,0.7445415945102285,2.2124674912051945,0.7919449870408473,-0.28642672675871106
IGV,etf,2026-09-16,104.39334908814122,103.81860892766842,100.56173220781072,53.947732692003456,2.7616448052377613,2.63114027184315,2.942330352037903,14.873586439066845,22.740178937621103,0.7298915581184083,1093.1881904286956,110.56999969482422,117.96787973846575,117.96787973846575,-11.0266291831569,0.4133008541284758,True,False,0.0,100.58999633789062,104.95999908447266,2026-09-17T12:42:48-04:00,105.65,104.95999908447266,0.6573941706802255,106.51,104.11,3777487.0,105.61357796703851,0.8182564648986052,4,105.08000183105469,,,True,0.6631522883964479,-10.441723429949267,0.11433188607923306,True,True,True,False,4.68837559289036,-0.460570466081478,4.724889325212067,-1.0354809843933444,7.191417026091729,-2.0737449355747284,0.5617844342596299,0.12183890644178474,-0.45073033335430257
XBI,etf,2026-09-16,158.20368643882765,159.52854805635292,156.63536569026087,39.97074201585547,3.9675666052931287,2.5733342805615256,-3.703708645284287,14.032319807009275,24.270340635507527,1.0373639567851003,1405.7677949364472,169.88999938964844,169.88999938964844,169.88999938964844,-9.247163912123957,-1.348069462384365,False,False,1.0,152.6300048828125,154.17999267578125,2026-09-17T12:43:01-04:00,158.12,154.17999267578125,2.5554595352096365,160.33,156.94,5809642.0,158.88792256064266,1.3777600532579746,4,157.30999755859375,,,True,-0.3550156043943333,-6.9280119088431675,2.0300979579072065,False,False,True,False,-1.9576634044318308,1.437494898447933,-1.9211496721101229,0.8625843801360666,0.5453780287695387,-0.1756795710453174,0.5572337261366795,0.16579889854808394,1.5008337155456748
XHE,etf,2026-09-16,91.9126541329488,92.6038406712664,91.18778560594963,44.43165659479742,1.4599782498899658,1.5987497314596613,-3.792665975102072,11.610853135460175,11.91176642458609,1.0528175234057586,2.7348411027908326,97.6500015258789,97.6500015258789,97.6500015258789,-6.482336643258657,-0.8793562346144113,False,False,1.0,89.4000015258789,91.31999969482422,2026-09-17T12:31:26-04:00,91.26,91.31999969482422,-0.06570268837573501,91.498,90.96,8118.0,91.22742819740958,1.6756995907532353,4,,Opening bar inconsistent with provider daily range; opening/gap excluded,,True,-0.9204525282261384,-6.543780262190213,,True,False,True,False,-2.0466207342496157,-1.1836673251374386,-2.0101070019279077,-1.758577843449305,0.45642069895175386,-2.796841794630689,0.20934469712360748,0.03577506932689112,-0.5112149275560106
XLK,etf,2026-09-16,185.2312357011249,185.09755883120647,183.24706642538257,48.21014951970845,3.432906385870464,1.8664201177465103,-0.9104635738942379,-1.2286483589779684,32.13292308744633,1.2581093713666818,1181.3877671900939,189.0800018310547,198.49331469466892,198.49331469466892,-7.336933257066924,-0.34011010618606385,False,False,0.0,182.0800018310547,183.92999267578125,2026-09-17T12:42:59-04:00,188.135,183.92999267578125,2.286199908478781,188.27,186.73,3422014.0,187.7126097586972,0.9163133212678315,4,187.3000030517578,,,True,0.8848016308558128,-5.218470309996359,1.832224493107537,True,True,True,False,0.8355816669582183,1.1682352717170774,0.8720953992799263,0.5933247534052111,3.338623100159588,-0.44493919777617297,1.304775697942862,0.9152693971303004,0.02214466435030671
XLF,etf,2026-09-16,57.04888805665058,57.2836054597745,56.71778801343683,37.46048607846191,0.7149544574680142,1.2783022591935371,-3.30221272886122,3.2675644212846633,13.830558410260263,1.8053163797748686,1766.1775023500443,58.599998474121094,58.599998474121094,58.599998474121094,-4.556310987148637,-1.89327465611231,False,False,2.0,56.459999084472656,55.93000030517578,2026-09-17T12:43:00-04:00,56.03,55.93000030517578,0.17879437560983646,56.39,55.56,14106515.0,55.84094345759264,0.9736600904323295,4,56.27000045776367,,,True,-1.75340603402082,-4.38566303931911,0.6079030050647471,True,False,False,False,-1.556167488008764,-0.9391702611518671,-1.519653755687056,-1.5140807794637334,0.9468739451926056,-2.5523447306451175,0.10657148216549708,0.02959402782034437,-0.09560716530040071
XLE,etf,2026-09-16,64.6086519614907,63.80626176548926,61.49707808558488,54.55805277284217,1.3453822857019069,2.1011749357348353,0.5496207167773104,16.495245614670683,10.943666399372031,1.7015400792282849,1899.6011118964768,66.16999816894531,66.16999816894531,66.16999816894531,-3.2340931673967788,0.1662999551765968,False,False,6.0,63.380001068115234,64.02999877929688,2026-09-17T12:43:00-04:00,64.195,64.02999877929688,0.25769361838012816,64.25,63.46,20731390.0,63.95518188206693,0.9272880458651681,4,63.5,,,True,0.28894258430637937,-2.984733600721512,-0.8277351076074746,True,True,True,False,2.2956659576297667,-0.8602710183815754,2.3321796899514746,-1.4351815366934417,4.798707390831137,-2.4734454878748258,-0.40061335595241443,0.1397582270851203,0.8071050309577504
XLI,etf,2026-09-16,171.79675859176734,174.51371364234174,177.29480321383068,30.334403703579426,2.5396989015770797,1.5053635235071852,-8.095004639895254,-5.963255467343076,1.8620449614094259,1.2514977209357858,1281.899840591736,185.5800018310547,188.19000244140625,188.19000244140625,-10.351238362730896,-2.2851948807280342,False,False,0.0,168.33999633789062,168.7100067138672,2026-09-17T12:43:03-04:00,169.31,168.7100067138672,0.35563586168922967,171.51,168.66,3272999.0,169.63572713363138,0.9281117719819816,4,171.50999450683594,,,True,-2.0489490463260758,-10.032415216788483,1.6596453568504366,False,False,False,False,-6.348959399042798,-0.7623287750724739,-6.312445666721089,-1.3372392933843402,-3.8459179658414278,-2.3755032445657243,0.5251309283447627,0.369995647080106,-0.47569152726386876
XLU,etf,2026-09-16,42.22381952733115,42.72009810088171,43.553431439087596,30.028990579612767,0.6417586300069883,1.5531428720881029,-6.133577316815453,-7.7145000013205784,-11.150908415907779,1.1475650248357478,885.0273981517029,44.650001525878906,47.40728211653791,47.40728211653791,-12.840395293595952,-2.1816588676684283,False,False,0.0,41.290000915527344,41.31999969482422,2026-09-17T12:43:03-04:00,41.67,41.31999969482422,0.8470481794791151,41.755,41.32,9749492.0,41.558072441615046,0.9579431493357012,4,41.5,,,True,-1.636282009749164,-12.102111448689168,0.4356251367502617,True,False,False,False,-4.387532075962996,-0.2709164572825884,-4.351018343641289,-0.8458269755944547,-1.884490642761627,-1.8840909267758388,-0.08340614365448969,0.014407880844810483,1.040271955224182
XLY,etf,2026-09-16,112.84775846215929,114.21476336229232,115.37613905940844,33.65485056495697,1.641020291530071,1.4893994254717595,-5.311103706393416,-6.804362776735107,-2.260708488248653,1.530183914843798,685.4248123109055,119.05999755859375,124.51127449225972,124.51127449225972,-11.510021277611159,-2.458691752893904,False,False,0.0,110.55999755859375,110.18000030517578,2026-09-17T12:42:54-04:00,111.71,110.18000030517578,1.388636495358897,112.24,111.173,1983312.0,111.70517647206388,0.8573732802413717,4,112.04000091552734,,,True,-1.5263451495513847,-10.281217138336752,1.6881472183697177,True,False,False,False,-3.56505846554096,0.27067185859719345,-3.528544733219252,-0.3042386597146729,-1.0620170323395905,-1.342502610896057,0.542915696458309,0.3423013200963575,0.5514692085377113
XLP,etf,2026-09-16,84.0222582362386,84.49627438482477,84.67273519350547,41.74294595034236,1.0263530956017557,1.2316729545771634,-2.6291188967742407,-1.9649501110657552,-0.37722143309484313,0.9635005869277454,844.9161402471924,87.47000122070312,89.01780978862107,89.01780978862107,-6.389516851821531,-1.1363268243335827,False,False,0.0,82.8499984741211,83.33000183105469,2026-09-17T12:42:59-04:00,83.35,83.33000183105469,0.02399876215752883,83.715,83.005,4012609.0,83.3244818578802,0.7340983155396866,4,83.51000213623047,,,True,-1.116842137210793,-6.3670514946162715,0.21600900182472405,True,False,False,False,-0.8830736559217844,-1.0939658746041747,-0.8465599236000765,-1.668876392916041,1.619967777279585,-2.707140344097425,-0.2278998505348193,0.10669328114622878,0.3438177938528993
XLV,etf,2026-09-16,168.26719025810436,168.78673176682815,166.0004733955637,47.99651482184469,2.4496144682745107,1.460102763242648,-1.1547702258971504,10.180401652820015,13.073146922819667,0.9035161950241009,1349.0883229556275,176.60000610351562,176.60000610351562,176.60000610351562,-5.000000864031062,-0.4150561272131087,False,False,1.0,165.11000061035156,167.77000427246094,2026-09-17T12:43:01-04:00,168.535,167.77000427246094,0.4559788448813995,169.1,167.77,2898882.0,168.40551139133018,0.7281306373839285,4,168.44000244140625,,,True,-0.10276383083476628,-4.566820965333518,0.3993551599708045,True,False,True,False,0.5912750149553059,-0.661985791880304,0.6277887472770138,-1.2368963101921704,3.0943164481566754,-2.2751602613735544,-0.13108213211151712,0.027407701727106604,0.5322003817547086
XLB,etf,2026-09-16,51.26348389988727,51.741294475288804,51.80049073375741,36.31860479561076,0.7934447178269347,1.575545488901049,-2.7423681004663636,-4.119306699541115,2.5304850131872003,0.8617158727555035,586.3687433090209,54.189998626708984,54.189998626708984,54.189998626708984,-7.067721191027498,-1.740882299551117,False,False,3.0,50.2599983215332,50.36000061035156,2026-09-17T12:42:25-04:00,50.78,50.36000061035156,0.8339940122282341,51.01,50.52,4763067.0,50.75769593728074,0.9083777286193612,4,50.900001525878906,,,True,-1.211545623394621,-6.292671550333417,1.0722813919433305,True,False,False,False,-0.9963228596139073,-0.28397062453346944,-0.9598091272921994,-0.8588811428453358,1.5067185735874622,-1.8971450940267198,0.2962281957342377,0.13384676244159166,0.3550293634935935
XLRE,etf,2026-09-16,43.44116457029663,43.883599710554925,44.28172338602695,32.455267505665205,0.5573181254614562,1.301840942731585,-4.077973675256019,-4.245812753829059,1.7682603465987157,1.071272607714736,216.51454469734193,45.46500015258789,46.45500183105469,46.45500183105469,-7.846303549873134,-1.9263653705412442,False,False,0.0,42.70000076293945,42.810001373291016,2026-09-17T12:42:39-04:00,43.025,42.810001373291016,0.5022158837002966,43.17,42.845,2065511.0,43.006577809767364,0.7259177864689991,4,43.095001220703125,,,True,-1.54059175779365,-7.383493048883638,0.6657319277497686,True,False,False,False,-2.331928434403563,-0.615748753061407,-2.295414702081855,-1.1906592713732733,0.17111299879780661,-2.2289232225546574,-0.06318413996812913,0.009273689247781047,0.5363734854881916
XLC,etf,2026-09-16,112.79719002087208,112.29117823112523,111.68997875914343,53.353134289188105,1.6894755387949394,1.4951110962787073,2.2809527213037084,0.867138882988594,-1.4860825343631534,1.0508412180090936,471.7017919684601,115.26000213623047,119.71056650873821,119.71056650873821,-5.605659303473742,0.4195513652599879,True,False,0.0,110.30999755859375,113.0,2026-09-17T12:43:03-04:00,112.425,113.0,-0.5088495575221286,113.93,112.23,2058792.0,112.65572279122203,0.916419276496926,4,113.80999755859375,,,True,0.0792090597359103,-6.085984488433949,0.7168119987555288,False,True,True,False,4.026997962156164,-1.6268141942838321,4.063511694477873,-2.2017247125956985,6.530039395357534,-3.2399886637770825,0.21083676520722824,0.0701721094360872,-0.8516717832658629
TLT,etf,2026-09-16,81.30748571177602,81.67771454519678,82.39111421735622,38.366351588368055,0.6720881959868935,0.8309696078266016,-0.5756632859344246,-5.07246247036286,-5.348672157717704,1.8336095135978165,2650.9256754808807,83.28087429911845,88.48825180227382,88.48825180227382,-8.598039167794191,-1.186923526617578,False,False,0.0,80.45999908447266,80.87999725341797,2026-09-17T12:42:58-04:00,81.655,80.87999725341797,0.958213121785545,81.73,81.42,17123735.0,81.5799948543613,0.9227725572881916,4,81.54499816894531,,,True,-0.03379697089222519,-7.722213585530724,0.8222068967729035,True,False,False,False,1.1703819549180317,-0.15975151497615858,1.2068956872397396,-0.7346620332880249,3.673423388119401,-1.772925984469409,0.12764483815046157,0.09901743124337492,0.8011491972669955
IEF,etf,2026-09-16,91.40628026429096,91.84901201268934,92.37472280617466,26.119524992278926,0.3731616749476673,0.4112880647426431,-2.0165996040509837,-3.0152054937071626,-3.7438997966039,1.8835971253949715,674.4799210932922,93.205138579535,95.8041370369937,95.8041370369937,-5.296361761601986,-2.998723424404933,False,False,0.0,90.75,90.7300033569336,2026-09-17T12:42:55-04:00,91.17,90.7300033569336,0.4849516442046786,91.21,91.09,3963553.0,91.16189383680384,1.019668716726984,4,91.18000030517578,,,True,-1.8196188362177517,-4.8370949108432315,0.49597369292702087,True,False,False,False,-0.27055436319852744,-0.6330129925570249,-0.23404063087681948,-1.2079235108688913,2.232487070002842,-2.2461874620502753,0.09132058631400769,0.17339481178927552,0.3692592795262001
HYG,etf,2026-09-16,78.73457371043422,78.89932536310863,78.90748832389205,31.80150535487961,0.20654025529390016,0.2633770213165996,-0.8553206511988654,-0.5374769817915404,1.2612803254337335,1.407669245391796,2811.0252810265733,79.53413056375734,79.53413056375734,79.53413056375734,-1.4008230012886203,-2.3207446581357747,False,False,1.0,78.37999725341797,78.41999816894531,2026-09-17T12:42:53-04:00,78.705,78.41999816894531,0.36343004043519755,78.75,78.655,22934066.0,78.69154571069869,1.095955571163065,4,78.7300033569336,,,True,-0.9408595086324134,-1.042483972453423,0.395313944435971,True,False,False,False,0.8907245896535909,-0.754534596326506,0.9272383219752989,-1.3294451146383723,3.3937660228549604,-2.3677090658197564,0.11901652706161739,0.4888856270514388,0.16643364310759942
LQD,etf,2026-09-16,104.79238165209097,105.15622134609916,105.72663715045388,35.82705986923713,0.48799765122846434,0.4672069559468541,-0.8990227560316866,-3.122435733955742,-2.1343207157660027,1.4195736970874089,2931.727832785187,106.50290866727444,108.92118955548437,108.92118955548437,-4.104979596247027,-1.4471881085475558,False,False,0.0,104.05000305175781,104.44999694824219,2026-09-17T12:42:56-04:00,104.99,104.44999694824219,0.516996713772433,105.05,104.895,12160941.0,104.9822396983546,0.7629620273822734,4,105.01000213623047,,,True,-0.3406191519174841,-3.609205492088241,0.5361466772141554,True,False,False,False,0.8470224848207697,-0.6009679229892706,0.8835362171424777,-1.175878441301137,3.350063918022139,-2.214142392482521,0.12255308020292195,0.25221550770086887,0.3424293495166517
^VIX,macro,2026-09-16,16.540856120673364,16.11772832952376,16.2682969128867,57.904326365026186,1.4456647247674996,8.162985880868817,18.938876266812834,-3.958792995893301,-26.39235462352496,,0.0,18.170000076293945,35.29999923706055,35.29999923706055,-49.83002983784943,1.1014108096225244,False,False,0.0,13.800000190734863,17.709999084472656,2026-09-17T12:28:01-04:00,15.59,17.709999084472656,-11.970633506872275,16.29,15.38,0.0,,,0,,"Stock-session intraday metrics suppressed for macro series; futures change uses previous daily bar, not guaranteed exchange settlement",,False,-0.3650419910526857,-55.835693096467644,,,False,False,False,13.551593939532546,-13.088598143633979,13.588107671854255,-13.663508661945844,16.054635372733916,-14.701772613127229,-3.7241328581178537,0.512203109466715,-6.194999240764786
^TNX,macro,2026-09-16,4.904768795906845,4.8311105797201535,4.716312652312866,74.14823235591021,0.06212467137152911,1.241004211961307,6.37484488353004,13.053298829046023,19.1337428322651,,0.0,5.015999794006348,5.015999794006348,5.015999794006348,-0.1993571063664379,2.815137020131843,True,False,8.0,4.73199987411499,5.00600004196167,2026-09-17T12:28:04-04:00,4.943,5.00600004196167,-1.2584906399038531,4.963,4.941,0.0,,,0,,"Stock-session intraday metrics suppressed for macro series; futures change uses previous daily bar, not guaranteed exchange settlement",,True,1.801046473319834,-1.4553388557466795,,,True,True,False,8.120890124382496,-2.3764552766655567,8.157403856704203,-2.951365794977423,10.623931557583866,-3.989629746158807,-0.24449615765456864,0.14375003816825327,-1.00974419830538
DX-Y.NYB,macro,2026-09-16,99.46269428883096,99.4429441661823,99.68505770023236,61.99859699677517,0.456448201102082,0.4550375956648373,0.6623141220358564,0.7735549889333893,0.7330746275517885,,0.0,99.86000061035156,101.80000305175781,101.80000305175781,-1.4636595761264415,1.8995658002769473,False,True,0.0,98.5999984741211,100.30999755859375,2026-09-17T12:33:04-04:00,100.244,100.30999755859375,-0.06579360003992063,100.367,100.022,,,,0,,"Stock-session intraday metrics suppressed for macro series; futures change uses previous daily bar, not guaranteed exchange settlement",,True,1.7549764286146188,-1.528490181838893,,,True,True,False,2.4083593628883126,-1.1837582368016242,2.4448730952100206,-1.7586687551134905,4.911400796089682,-2.7969327062948746,-0.08500789257082329,0.1602182722655473,0.05795744742622473
BZ=F,macro,2026-09-16,102.40385578960588,98.20659327994456,93.14079835154295,65.9344014340281,4.337507602865582,4.098561398297913,16.271155497912737,34.02989242418313,2.3303071985869117,1.3676141048065862,3.8612294564479828,110.19000244140625,126.0999984741211,126.0999984741211,-16.07454154507886,1.7575550867216263,True,False,0.0,90.7300033569336,105.83000183105469,2026-09-17T12:33:00-04:00,104.1,105.83000183105469,-1.6346988577175314,106.0,101.55,41389.0,,,0,,"Stock-session intraday metrics suppressed for macro series; futures change uses previous daily bar, not guaranteed exchange settlement",,True,1.3587081014363984,-17.446470055775652,,,True,True,False,18.017200738765194,-2.752663494479235,18.053714471086902,-3.3275740127911013,20.52024217196656,-4.365837963972485,-0.8900139796618668,0.09979696657636095,-0.3823023852727756
GC=F,macro,2026-09-16,4416.085169772938,4433.229007682963,4390.984058878299,47.163794399150525,110.535665942562,2.519331417494291,-0.74876932825928,0.7601529119646067,-12.393677790545466,0.7824958100390259,844.7516666623779,4755.0,5586.2001953125,5586.2001953125,-21.458239114279422,-0.41370364300989904,False,False,0.0,4293.0,4387.5,2026-09-17T12:33:05-04:00,4401.5,4387.5,0.31908831908831203,4423.3,4294.5,146837.0,,,0,,"Stock-session intraday metrics suppressed for macro series; futures change uses previous daily bar, not guaranteed exchange settlement",,True,-0.2870476910090773,-21.207621529686804,,,False,True,False,0.9972759125931763,-0.7988763176733915,1.0337896449148842,-1.3737868359852579,3.500317345794546,-2.412050787166642,0.45124120881116164,0.1688092239138338,-0.3529787770819175
