symbol,time_et,price,prev_close,change_pct,high,low,volume,vwap_proxy,same_time_volume_ratio,volume_comparison_days,open,quality_notes,market_cap,regular_market_time_fresh
NVDA,2026-09-17T12:43:01-04:00,218.88,213.89999389648438,2.3281936632151945,219.87,217.145,46441392.0,218.5971145994391,1.021287500610657,4,218.38800048828125,,,True
AVGO,2026-09-17T12:42:58-04:00,348.99,339.510009765625,2.792256476007693,350.94,345.31,9655426.0,348.6197994409291,0.9964614770649801,4,346.30999755859375,,,True
AMD,2026-09-17T12:43:00-04:00,549.27,512.5,7.174634146341452,551.42,527.65,16651507.0,539.7513013624887,1.436968365459451,4,533.9000244140625,,,True
MU,2026-09-17T12:43:01-04:00,976.0,926.5499877929688,5.337004247857213,986.2,953.5,13677571.0,976.7105614153902,1.0781106261221538,4,961.3300170898438,,,True
SNDK,2026-09-17T12:43:01-04:00,1591.405,1519.969970703125,4.699765829178171,1625.355,1564.5,5379555.0,1601.848075217504,1.0372558212432195,4,1575.0,,,True
MRVL,2026-09-17T12:42:49-04:00,242.45,229.7100067138672,5.546120288090917,247.89,240.0,13062424.0,243.2194062930532,1.3879358012541505,4,242.5,,,True
ALAB,2026-09-17T12:42:49-04:00,283.55,269.17999267578125,5.338438113982336,292.78,278.25,1845192.0,284.32174439950353,1.1335338380151823,4,278.95001220703125,,,True
TSM,2026-09-17T12:42:48-04:00,427.115,417.7200012207031,2.2491139404007265,427.73,423.39,4057625.0,425.44514057508445,0.7262792394860008,4,424.3999938964844,,,True
WDC,2026-09-17T12:42:58-04:00,423.85,416.9700012207031,1.649998503286887,433.16,416.31,2739382.0,424.2710688711611,0.9848138865364976,4,423.5,,,True
STX,2026-09-17T12:42:59-04:00,801.5,783.1799926757812,2.339182243615201,816.68,783.01,1749425.0,799.9262363272549,0.902609733206254,4,806.0599975585938,,,True
CRDO,2026-09-17T12:43:00-04:00,166.065,161.49000549316406,2.8329892570531756,169.8,163.52,4113043.0,166.373944773325,0.9700859834242204,4,169.00799560546875,,,True
LITE,2026-09-17T12:43:01-04:00,917.41,919.4000244140625,-0.21644815762658087,945.0,902.0,2505050.0,918.53473915771,1.0376320013398153,4,934.8800048828125,,,True
COHR,2026-09-17T12:42:53-04:00,295.89,289.92999267578125,2.055671187797259,312.42,290.1,3943424.0,299.7633315272817,1.0279848184023608,4,302.9100036621094,,,True
AAOI,2026-09-17T12:43:00-04:00,98.95,96.73999786376953,2.284476106090705,102.347,96.36,4844566.0,99.49178977700377,1.4732958438021326,4,100.72000122070312,,,True
AMAT,2026-09-17T12:42:58-04:00,415.125,415.3800048828125,-0.06139074577854453,428.54,414.1,2698194.0,418.67095093389327,1.2455487853129699,4,427.57501220703125,,,True
LRCX,2026-09-17T12:43:02-04:00,267.51,269.2300109863281,-0.6388630227465497,281.4,266.91,3884348.0,271.40422945864344,1.2137104623407518,4,280.4549865722656,,,True
KLAC,2026-09-17T12:43:02-04:00,167.885,167.36000061035156,0.3136946628428561,173.79,167.26,2813242.0,169.031054859079,0.9403564248318179,4,173.27999877929688,,,True
ONTO,2026-09-17T12:41:37-04:00,250.835,243.63999938964844,2.953127823171897,256.55,249.11,239300.0,251.53209988050662,0.6111244236611626,4,254.25999450683594,,,True
CAMT,2026-09-17T12:39:44-04:00,143.295,138.58999633789062,3.394908569474442,146.41,143.295,107050.0,144.72667449513622,0.7034163388395084,4,144.5399932861328,,,True
TER,2026-09-17T12:42:55-04:00,358.615,341.1499938964844,5.11945080345364,360.26,350.0,816862.0,355.89827284076506,0.7062989107832566,4,351.1099853515625,,,True
SMTC,2026-09-17T12:43:02-04:00,181.38,167.5500030517578,8.25425049020736,182.13,170.0,2646514.0,176.93930487268344,1.9532533502458387,4,173.0,,,True
VICR,2026-09-17T12:43:01-04:00,213.095,183.91000366210938,15.869172832768296,214.43,206.55,770178.0,211.1756285417486,2.5911991440101776,4,211.6300048828125,,,True
CLS,2026-09-17T12:42:51-04:00,333.3,323.8299865722656,2.924378167684316,353.96,331.33,1240843.0,340.93117393434744,1.1660512085283088,4,337.75,,,True
FN,2026-09-17T12:42:26-04:00,384.345,392.67999267578125,-2.1225916347266116,411.46,381.9,392199.0,392.9019152867465,1.5557621171204072,4,403.8999938964844,,,True
VRT,2026-09-17T12:43:03-04:00,242.87,239.41000366210938,1.4452179461865278,252.34,241.51,2727003.0,244.901061362984,0.7498420282090995,4,249.75,,,True
NBIS,2026-09-17T12:43:02-04:00,216.64,209.3699951171875,3.472324140210903,232.81,209.65,21160576.0,215.52963561950975,3.1739197118715756,4,230.02000427246094,,,True
CRWV,2026-09-17T12:43:01-04:00,80.98,83.3499984741211,-2.843429535103037,82.43,78.27,46338777.0,80.37997890817697,4.423913119492708,4,81.44999694824219,,,True
IREN,2026-09-17T12:43:01-04:00,43.45,42.619998931884766,1.9474450701928658,46.17,42.34,29225097.0,43.744087570911816,1.6133717448998655,4,45.5,,,True
BE,2026-09-17T12:43:02-04:00,280.09,270.0199890136719,3.7293576016767416,288.0,275.535,7782191.0,281.24251755102296,0.9698688335924014,4,283.1499938964844,,,True
GEV,2026-09-17T12:43:00-04:00,940.13,925.0900268554688,1.6257848109826112,971.34,934.4,1727612.0,948.1124873847397,1.2769149903635166,4,962.0449829101562,,,True
ETN,2026-09-17T12:42:49-04:00,411.49,397.79998779296875,3.4414310274328397,418.86,408.765,1281406.0,412.97046354914,1.4498725364883993,4,415.0799865722656,,,True
CEG,2026-09-17T12:43:03-04:00,268.72,259.5299987792969,3.541016939825248,269.4,260.31,1322424.0,265.41070323676183,1.1210106774252562,4,264.8699951171875,,,True
VST,2026-09-17T12:43:01-04:00,145.34,140.38999938964844,3.525892607644354,146.11,141.53,1910617.0,144.16714046927004,1.1404392353297748,4,144.10000610351562,,,True
RKLB,2026-09-17T12:42:59-04:00,67.65,63.70000076293945,6.200940643251385,68.331,65.26,13213702.0,66.92281881702581,1.4451688977352628,4,65.4800033569336,,,True
ASTS,2026-09-17T12:42:58-04:00,63.157,59.27000045776367,6.558123017067019,63.57,61.15,5113147.0,62.58298058374891,1.5573107961700583,4,61.63059997558594,,,True
PLTR,2026-09-17T12:43:02-04:00,175.59,174.33999633789062,0.7169919056822405,177.88,172.607,11878996.0,176.145938899101,1.0925092723148886,4,175.75999450683594,,,True
IOVA,2026-09-17T12:43:01-04:00,10.36,9.869999885559082,4.964540224137615,10.98,10.155,14124495.0,10.619988866443505,2.445168490640509,4,10.170000076293945,,,True
ABCL,2026-09-17T12:43:03-04:00,12.79,11.670000076293945,9.59725720980229,13.18,11.99,4600858.0,12.709854823067069,2.6210674110713126,4,12.149999618530273,,,True
CDNA,2026-09-17T12:41:48-04:00,54.175,53.54999923706055,1.1671349614266635,55.16,53.206,360397.0,54.52110213424638,1.2742851631251864,4,54.0,,,True
TEAM,2026-09-17T12:42:54-04:00,191.93,190.27999877929688,0.8671438045450897,195.54,185.72,1125626.0,193.20459967607025,0.9534127973369358,4,188.6199951171875,,,True
AMPL,2026-09-17T12:41:45-04:00,13.5,13.470000267028809,0.2227151624088819,13.75,13.33,459533.0,13.570400565292376,0.9850026126633722,4,13.74899959564209,,,True
RNG,2026-09-17T12:42:22-04:00,74.05,73.54000091552734,0.6934988824088606,75.16,71.976,453638.0,74.17409585123895,1.0617961987937707,4,73.11000061035156,,,True
ATRC,2026-09-17T12:43:00-04:00,58.4,57.13999938964844,2.205111347235733,59.195,57.31,540309.0,58.64756414521108,1.3257658166255688,4,57.959999084472656,,,True
PBF,2026-09-17T12:43:01-04:00,77.673,75.93000030517578,2.2955349503737787,77.828,74.111,1041748.0,76.4088144648776,0.3522597922064394,4,74.27999877929688,,,True
SPY,2026-09-17T12:43:03-04:00,762.48,754.0499877929688,1.1179646367617035,763.41,759.96,18643708.0,761.5476917884617,1.0973551616764805,4,763.1500244140625,,,True
QQQ,2026-09-17T12:43:02-04:00,716.65,704.719970703125,1.69287515507357,716.939,713.32,15954232.0,715.3566257943503,1.0936916641336296,4,716.0499877929688,,,True
IWM,2026-09-17T12:42:48-04:00,287.025,283.9200134277344,1.0936131394118531,288.28,286.4,9963937.0,287.1252461180812,0.8200798841917006,4,287.95001220703125,,,True
RSP,2026-09-17T12:43:01-04:00,213.68,212.27999877929688,0.6595068912538915,214.28,212.95,3124433.0,213.43038559525277,0.9914149764379337,4,214.1199951171875,,,True
SMH,2026-09-17T12:43:01-04:00,560.46,545.5599975585938,2.731139106254954,561.769,557.561,3333249.0,559.8214888779775,0.9788043346619948,4,560.3300170898438,,,True
SOXX,2026-09-17T12:43:03-04:00,519.51,502.05999755859375,3.4756807007651824,520.419,514.8,3781371.0,517.9542473281182,0.8527992628887064,4,517.5250244140625,,,True
IGV,2026-09-17T12:42:48-04:00,105.65,104.95999908447266,0.6573941706802255,106.51,104.11,3777487.0,105.61357796703851,0.8182564648986052,4,105.08000183105469,,,True
XBI,2026-09-17T12:43:01-04:00,158.12,154.17999267578125,2.5554595352096365,160.33,156.94,5809642.0,158.88792256064266,1.3777600532579746,4,157.30999755859375,,,True
XHE,2026-09-17T12:31:26-04:00,91.26,91.31999969482422,-0.06570268837573501,91.498,90.96,8118.0,91.22742819740958,1.6756995907532353,4,,Opening bar inconsistent with provider daily range; opening/gap excluded,,True
XLK,2026-09-17T12:42:59-04:00,188.135,183.92999267578125,2.286199908478781,188.27,186.73,3422014.0,187.7126097586972,0.9163133212678315,4,187.3000030517578,,,True
XLF,2026-09-17T12:43:00-04:00,56.03,55.93000030517578,0.17879437560983646,56.39,55.56,14106515.0,55.84094345759264,0.9736600904323295,4,56.27000045776367,,,True
XLE,2026-09-17T12:43:00-04:00,64.195,64.02999877929688,0.25769361838012816,64.25,63.46,20731390.0,63.95518188206693,0.9272880458651681,4,63.5,,,True
XLI,2026-09-17T12:43:03-04:00,169.31,168.7100067138672,0.35563586168922967,171.51,168.66,3272999.0,169.63572713363138,0.9281117719819816,4,171.50999450683594,,,True
XLU,2026-09-17T12:43:03-04:00,41.67,41.31999969482422,0.8470481794791151,41.755,41.32,9749492.0,41.558072441615046,0.9579431493357012,4,41.5,,,True
XLY,2026-09-17T12:42:54-04:00,111.71,110.18000030517578,1.388636495358897,112.24,111.173,1983312.0,111.70517647206388,0.8573732802413717,4,112.04000091552734,,,True
XLP,2026-09-17T12:42:59-04:00,83.35,83.33000183105469,0.02399876215752883,83.715,83.005,4012609.0,83.3244818578802,0.7340983155396866,4,83.51000213623047,,,True
XLV,2026-09-17T12:43:01-04:00,168.535,167.77000427246094,0.4559788448813995,169.1,167.77,2898882.0,168.40551139133018,0.7281306373839285,4,168.44000244140625,,,True
XLB,2026-09-17T12:42:25-04:00,50.78,50.36000061035156,0.8339940122282341,51.01,50.52,4763067.0,50.75769593728074,0.9083777286193612,4,50.900001525878906,,,True
XLRE,2026-09-17T12:42:39-04:00,43.025,42.810001373291016,0.5022158837002966,43.17,42.845,2065511.0,43.006577809767364,0.7259177864689991,4,43.095001220703125,,,True
XLC,2026-09-17T12:43:03-04:00,112.425,113.0,-0.5088495575221286,113.93,112.23,2058792.0,112.65572279122203,0.916419276496926,4,113.80999755859375,,,True
TLT,2026-09-17T12:42:58-04:00,81.655,80.87999725341797,0.958213121785545,81.73,81.42,17123735.0,81.5799948543613,0.9227725572881916,4,81.54499816894531,,,True
IEF,2026-09-17T12:42:55-04:00,91.17,90.7300033569336,0.4849516442046786,91.21,91.09,3963553.0,91.16189383680384,1.019668716726984,4,91.18000030517578,,,True
HYG,2026-09-17T12:42:53-04:00,78.705,78.41999816894531,0.36343004043519755,78.75,78.655,22934066.0,78.69154571069869,1.095955571163065,4,78.7300033569336,,,True
LQD,2026-09-17T12:42:56-04:00,104.99,104.44999694824219,0.516996713772433,105.05,104.895,12160941.0,104.9822396983546,0.7629620273822734,4,105.01000213623047,,,True
^VIX,2026-09-17T12:28:01-04:00,15.59,17.709999084472656,-11.970633506872275,16.29,15.38,0.0,,,0,,"Stock-session intraday metrics suppressed for macro series; futures change uses previous daily bar, not guaranteed exchange settlement",,False
^TNX,2026-09-17T12:28:04-04:00,4.943,5.00600004196167,-1.2584906399038531,4.963,4.941,0.0,,,0,,"Stock-session intraday metrics suppressed for macro series; futures change uses previous daily bar, not guaranteed exchange settlement",,True
DX-Y.NYB,2026-09-17T12:33:04-04:00,100.244,100.30999755859375,-0.06579360003992063,100.367,100.022,,,,0,,"Stock-session intraday metrics suppressed for macro series; futures change uses previous daily bar, not guaranteed exchange settlement",,True
BZ=F,2026-09-17T12:33:00-04:00,104.1,105.83000183105469,-1.6346988577175314,106.0,101.55,41389.0,,,0,,"Stock-session intraday metrics suppressed for macro series; futures change uses previous daily bar, not guaranteed exchange settlement",,True
GC=F,2026-09-17T12:33:05-04:00,4401.5,4387.5,0.31908831908831203,4423.3,4294.5,146837.0,,,0,,"Stock-session intraday metrics suppressed for macro series; futures change uses previous daily bar, not guaranteed exchange settlement",,True
