symbol,price,quote_at,quote_age_minutes,quote_is_today,session,change_pct,previous_close,pre_volume,volume_note,regular_price,regular_time
NVDA,226.358,2026-09-22T08:46:30-04:00,0.07255545000000001,True,premarket,-0.44946998894613843,227.3800048828125,,"Zero/missing extended-session volume is unavailable, not actual zero trading.",227.38,2026-09-21T16:00:00-04:00
AVGO,361.9997,2026-09-22T08:46:14-04:00,0.33939528333333335,True,premarket,-0.18207236955872785,362.6600036621094,,"Zero/missing extended-session volume is unavailable, not actual zero trading.",362.66,2026-09-21T16:00:01-04:00
AMD,605.76,2026-09-22T08:46:29-04:00,0.08952985,True,premarket,-1.5856542795606776,615.52001953125,,"Zero/missing extended-session volume is unavailable, not actual zero trading.",615.52,2026-09-21T16:00:01-04:00
MU,1031.0,2026-09-22T08:46:31-04:00,0.0563117,True,premarket,-1.2414231792818642,1043.9599609375,,"Zero/missing extended-session volume is unavailable, not actual zero trading.",1043.96,2026-09-21T16:00:01-04:00
SNDK,1756.88,2026-09-22T08:46:28-04:00,0.10636916666666667,True,premarket,-0.5524619938137021,1766.6400146484375,,"Zero/missing extended-session volume is unavailable, not actual zero trading.",1766.64,2026-09-21T16:00:00-04:00
MRVL,253.1535,2026-09-22T08:46:28-04:00,0.10647136666666666,True,premarket,-1.6421263511658069,257.3800048828125,,"Zero/missing extended-session volume is unavailable, not actual zero trading.",257.38,2026-09-21T16:00:01-04:00
ALAB,335.55,2026-09-22T08:46:07-04:00,0.45662573333333334,True,premarket,-1.523152662769378,340.739990234375,,"Zero/missing extended-session volume is unavailable, not actual zero trading.",340.74,2026-09-21T16:00:01-04:00
TSM,440.75,2026-09-22T08:44:14-04:00,2.34006545,True,premarket,-0.9862098449865631,445.1400146484375,,"Zero/missing extended-session volume is unavailable, not actual zero trading.",445.14,2026-09-21T16:00:02-04:00
WDC,442.29,2026-09-22T08:46:21-04:00,0.22348739999999997,True,premarket,-1.3120050988602028,448.1700134277344,,"Zero/missing extended-session volume is unavailable, not actual zero trading.",448.17,2026-09-21T16:00:00-04:00
STX,863.11,2026-09-22T08:45:59-04:00,0.59026075,True,premarket,-1.6208287432148305,877.3300170898438,,"Zero/missing extended-session volume is unavailable, not actual zero trading.",877.325,2026-09-21T16:00:00-04:00
CRDO,183.659,2026-09-22T08:46:20-04:00,0.2403201,True,premarket,-1.928234201995993,187.27000427246094,,"Zero/missing extended-session volume is unavailable, not actual zero trading.",187.27,2026-09-21T16:00:01-04:00
LITE,940.3184,2026-09-22T08:46:31-04:00,0.057083633333333335,True,premarket,-1.484729057336176,954.489990234375,,"Zero/missing extended-session volume is unavailable, not actual zero trading.",954.49,2026-09-21T16:00:01-04:00
COHR,315.3,2026-09-22T08:46:12-04:00,0.3738379,True,premarket,-1.9345574851358238,321.5199890136719,,"Zero/missing extended-session volume is unavailable, not actual zero trading.",321.52,2026-09-21T16:00:02-04:00
AAOI,107.1673,2026-09-22T08:46:26-04:00,0.14058128333333333,True,premarket,-1.3828086815729224,108.66999816894531,,"Zero/missing extended-session volume is unavailable, not actual zero trading.",108.67,2026-09-21T16:00:01-04:00
AMAT,457.45,2026-09-22T08:46:20-04:00,0.24065638333333333,True,premarket,-1.462603476048463,464.239990234375,,"Zero/missing extended-session volume is unavailable, not actual zero trading.",464.24,2026-09-21T16:00:01-04:00
LRCX,297.6,2026-09-22T08:46:26-04:00,0.14073061666666667,True,premarket,-1.548233028383017,302.2799987792969,,"Zero/missing extended-session volume is unavailable, not actual zero trading.",302.28,2026-09-21T16:00:00-04:00
KLAC,181.0,2026-09-22T08:46:28-04:00,0.10747135,True,premarket,-1.6143943039605202,183.97000122070312,,"Zero/missing extended-session volume is unavailable, not actual zero trading.",183.97,2026-09-21T16:00:01-04:00
ONTO,275.0,2026-09-22T07:06:10-04:00,100.40753105,True,premarket,-0.35510216222749413,275.9800109863281,,"Zero/missing extended-session volume is unavailable, not actual zero trading.",275.98,2026-09-21T16:00:02-04:00
CAMT,148.34,2026-09-22T08:03:39-04:00,42.924269966666664,True,premarket,-0.8621298140187861,149.6300048828125,,"Zero/missing extended-session volume is unavailable, not actual zero trading.",149.63,2026-09-21T16:00:01-04:00
TER,376.11,2026-09-22T08:43:57-04:00,2.6243433666666665,True,premarket,-1.4231819529569867,381.5400085449219,,"Zero/missing extended-session volume is unavailable, not actual zero trading.",381.54,2026-09-21T16:00:00-04:00
SMTC,178.12,2026-09-22T08:33:20-04:00,13.241082833333333,True,premarket,0.4228476650275592,177.3699951171875,,"Zero/missing extended-session volume is unavailable, not actual zero trading.",177.37,2026-09-21T16:00:00-04:00
VICR,245.18,2026-09-22T08:44:41-04:00,1.8911580166666666,True,premarket,9.504245950696188,223.89999389648438,,"Zero/missing extended-session volume is unavailable, not actual zero trading.",223.9,2026-09-21T16:00:00-04:00
INTC,120.06,2026-09-22T08:46:30-04:00,0.0745694,True,premarket,-1.4123819974855234,121.77999877929688,,"Zero/missing extended-session volume is unavailable, not actual zero trading.",121.78,2026-09-21T16:00:01-04:00
CIEN,362.938,2026-09-22T08:44:35-04:00,1.9913108666666666,True,premarket,-0.8257709929062274,365.9599914550781,,"Zero/missing extended-session volume is unavailable, not actual zero trading.",365.96,2026-09-21T16:00:02-04:00
CLS,343.93,2026-09-22T08:40:49-04:00,5.758050133333333,True,premarket,-0.1364674520364928,344.3999938964844,,"Zero/missing extended-session volume is unavailable, not actual zero trading.",344.4,2026-09-21T16:02:22-04:00
FN,399.0,2026-09-22T08:01:12-04:00,45.374795033333335,True,premarket,-0.6399898591390007,401.57000732421875,,"Zero/missing extended-session volume is unavailable, not actual zero trading.",401.57,2026-09-21T16:00:02-04:00
VRT,249.5,2026-09-22T08:45:10-04:00,1.4081962,True,premarket,-0.5421352973940197,250.86000061035156,,"Zero/missing extended-session volume is unavailable, not actual zero trading.",250.86,2026-09-21T16:00:03-04:00
NBIS,231.1,2026-09-22T08:46:30-04:00,0.07490395,True,premarket,-0.730241851148028,232.8000030517578,,"Zero/missing extended-session volume is unavailable, not actual zero trading.",232.8,2026-09-21T16:00:00-04:00
CRWV,85.3,2026-09-22T08:46:25-04:00,0.15827631666666667,True,premarket,-0.15217172505137544,85.43000030517578,,"Zero/missing extended-session volume is unavailable, not actual zero trading.",85.43,2026-09-21T16:00:01-04:00
IREN,46.77,2026-09-22T08:46:31-04:00,0.05833286666666667,True,premarket,-0.9739562707913207,47.22999954223633,,"Zero/missing extended-session volume is unavailable, not actual zero trading.",47.23,2026-09-21T16:00:01-04:00
BE,274.2,2026-09-22T08:44:30-04:00,2.0750666833333336,True,premarket,0.4800415116874568,272.8900146484375,,"Zero/missing extended-session volume is unavailable, not actual zero trading.",272.89,2026-09-21T16:00:03-04:00
GEV,938.5,2026-09-22T08:37:43-04:00,8.858442349999999,True,premarket,-0.8158748432870566,946.219970703125,,"Zero/missing extended-session volume is unavailable, not actual zero trading.",946.22,2026-09-21T16:00:02-04:00
ETN,431.92,2026-09-22T08:11:53-04:00,34.691847349999996,True,premarket,-0.8060980490139924,435.42999267578125,,"Zero/missing extended-session volume is unavailable, not actual zero trading.",435.43,2026-09-21T16:00:03-04:00
CEG,264.04,2026-09-22T08:46:28-04:00,0.10856721666666666,True,premarket,0.7363377041316621,262.1099853515625,,"Zero/missing extended-session volume is unavailable, not actual zero trading.",262.11,2026-09-21T16:00:01-04:00
VST,141.6,2026-09-22T08:41:25-04:00,5.15864145,True,premarket,0.5824699728749438,140.77999877929688,,"Zero/missing extended-session volume is unavailable, not actual zero trading.",140.78,2026-09-21T16:00:03-04:00
RKLB,71.1,2026-09-22T08:46:26-04:00,0.14203166666666667,True,premarket,1.7312929187559556,69.88999938964844,,"Zero/missing extended-session volume is unavailable, not actual zero trading.",69.89,2026-09-21T16:00:00-04:00
ASTS,61.54,2026-09-22T08:46:02-04:00,0.5420926333333332,True,premarket,-0.5655184894168497,61.88999938964844,,"Zero/missing extended-session volume is unavailable, not actual zero trading.",61.89,2026-09-21T16:00:01-04:00
PLTR,184.17,2026-09-22T08:46:28-04:00,0.1088175,True,premarket,0.589875844508847,183.08999633789062,,"Zero/missing extended-session volume is unavailable, not actual zero trading.",183.09,2026-09-21T16:00:01-04:00
IOVA,10.2111,2026-09-22T08:44:56-04:00,1.6422232833333332,True,premarket,0.20706987718939196,10.1899995803833,,"Zero/missing extended-session volume is unavailable, not actual zero trading.",10.19,2026-09-21T16:00:01-04:00
ABCL,12.693,2026-09-22T08:45:28-04:00,1.1089461166666665,True,premarket,0.2606647155263264,12.65999984741211,,"Zero/missing extended-session volume is unavailable, not actual zero trading.",12.66,2026-09-21T16:00:01-04:00
CDNA,54.25,2026-09-22T08:05:00-04:00,41.57568371666667,True,premarket,-0.14725166272487877,54.33000183105469,,"Zero/missing extended-session volume is unavailable, not actual zero trading.",54.33,2026-09-21T16:00:00-04:00
TEAM,198.8,2026-09-22T08:45:55-04:00,0.6590926166666667,True,premarket,1.59963298428214,195.6699981689453,,"Zero/missing extended-session volume is unavailable, not actual zero trading.",195.67,2026-09-21T16:00:00-04:00
AMPL,13.58,2026-09-22T08:40:01-04:00,6.559143300000001,True,premarket,1.1169001594617312,13.430000305175781,,"Zero/missing extended-session volume is unavailable, not actual zero trading.",13.43,2026-09-21T16:00:00-04:00
RNG,77.79,2026-09-22T08:05:00-04:00,41.57588235,True,premarket,0.6338899468271819,77.30000305175781,,"Zero/missing extended-session volume is unavailable, not actual zero trading.",77.3,2026-09-21T16:00:03-04:00
ATRC,58.493,2026-09-22T08:32:49-04:00,13.759286016666666,True,premarket,0.2966397566547707,58.31999969482422,,"Zero/missing extended-session volume is unavailable, not actual zero trading.",58.32,2026-09-21T16:00:01-04:00
PBF,70.0,2026-09-22T08:05:00-04:00,41.57602445,True,premarket,-3.421638027140561,72.4800033569336,,"Zero/missing extended-session volume is unavailable, not actual zero trading.",72.48,2026-09-21T16:00:03-04:00
MSTR,167.511,2026-09-22T08:46:28-04:00,0.10943138333333334,True,premarket,-0.5869436201780487,168.5,,"Zero/missing extended-session volume is unavailable, not actual zero trading.",168.5,2026-09-21T16:00:00-04:00
COIN,198.79,2026-09-22T08:46:32-04:00,0.042820333333333335,True,premarket,-1.1240999838114996,201.0500030517578,,"Zero/missing extended-session volume is unavailable, not actual zero trading.",201.05,2026-09-21T16:00:01-04:00
HOOD,122.55,2026-09-22T08:46:27-04:00,0.12620835,True,premarket,-0.6082749660946796,123.30000305175781,,"Zero/missing extended-session volume is unavailable, not actual zero trading.",123.3,2026-09-21T16:00:01-04:00
SPY,774.19,2026-09-22T08:45:17-04:00,1.2929498666666668,True,premarket,0.08920491273434195,773.5,,"Zero/missing extended-session volume is unavailable, not actual zero trading.",773.5,2026-09-21T16:00:00-04:00
QQQ,741.0122,2026-09-22T08:46:29-04:00,0.0930257,True,premarket,-0.06173826604075616,741.469970703125,,"Zero/missing extended-session volume is unavailable, not actual zero trading.",741.47,2026-09-21T16:00:00-04:00
IWM,287.5391,2026-09-22T08:45:44-04:00,0.8431022499999999,True,premarket,0.6860121576617084,285.5799865722656,,"Zero/missing extended-session volume is unavailable, not actual zero trading.",285.58,2026-09-21T16:00:00-04:00
SMH,590.312,2026-09-22T08:46:29-04:00,0.09320763333333333,True,premarket,-0.9593525520216528,596.030029296875,,"Zero/missing extended-session volume is unavailable, not actual zero trading.",596.03,2026-09-21T16:00:00-04:00
XLU,40.73,2026-09-22T08:28:55-04:00,17.659949849999997,True,premarket,0.1721597463123059,40.65999984741211,,"Zero/missing extended-session volume is unavailable, not actual zero trading.",40.66,2026-09-21T16:00:00-04:00
IGV,108.4,2026-09-22T08:41:21-04:00,5.226691,True,premarket,1.185478184581501,107.12999725341797,,"Zero/missing extended-session volume is unavailable, not actual zero trading.",107.13,2026-09-21T16:00:01-04:00
XBI,158.99,2026-09-22T08:32:35-04:00,13.993428399999999,True,premarket,0.48031618086472605,158.22999572753906,,"Zero/missing extended-session volume is unavailable, not actual zero trading.",158.23,2026-09-21T16:00:00-04:00
XLE,61.67,2026-09-22T08:45:50-04:00,0.74350115,True,premarket,-1.2648080308234388,62.459999084472656,,"Zero/missing extended-session volume is unavailable, not actual zero trading.",62.46,2026-09-21T16:00:00-04:00
JNK,94.7,2026-09-21T16:00:00-04:00,1006.5769058999999,False,regular_or_post,-0.010557580582104542,94.70999908447266,,"Zero/missing extended-session volume is unavailable, not actual zero trading.",94.71,2026-09-21T16:00:00-04:00
HYG,78.68,2026-09-21T18:40:00-04:00,846.5769746666666,False,regular_or_post,-3.8786956979564025e-07,78.68000030517578,,"Zero/missing extended-session volume is unavailable, not actual zero trading.",78.68,2026-09-21T16:00:00-04:00
TLT,81.99,2026-09-22T08:46:24-04:00,0.17704935,True,premarket,0.23227009921009678,81.80000305175781,,"Zero/missing extended-session volume is unavailable, not actual zero trading.",81.8,2026-09-21T16:00:00-04:00
GLD,397.36,2026-09-22T08:46:10-04:00,0.410458,True,premarket,-0.25603817217496605,398.3800048828125,,"Zero/missing extended-session volume is unavailable, not actual zero trading.",398.38,2026-09-21T16:00:00-04:00
^VIX,14.640000343322754,2026-09-22T08:31:31-04:00,15.060546066666666,True,premarket,-1.5467353329282174,14.869999885559082,,"Zero/missing extended-session volume is unavailable, not actual zero trading.",14.64,2026-09-22T08:31:31-04:00
^TNX,4.928999900817871,2026-09-22T08:31:25-04:00,15.160617133333334,True,premarket,-0.6850679250376968,4.9629998207092285,,"Zero/missing extended-session volume is unavailable, not actual zero trading.",4.929,2026-09-22T08:31:25-04:00
DX-Y.NYB,100.38300323486328,2026-09-22T08:36:32-04:00,10.044032933333334,True,premarket,-0.046795848023195585,100.43000030517578,,"Zero/missing extended-session volume is unavailable, not actual zero trading.",100.383,2026-09-22T08:36:32-04:00
BZ=F,98.54000091552734,2026-09-22T08:36:26-04:00,10.144112466666666,True,premarket,-1.793896240838877,100.33999633789062,19307.0,"Zero/missing extended-session volume is unavailable, not actual zero trading.",98.54,2026-09-22T08:36:26-04:00
NQ=F,30779.0,2026-09-22T08:36:31-04:00,10.060842866666666,True,premarket,-0.018678079243783507,30784.75,80413.0,"Zero/missing extended-session volume is unavailable, not actual zero trading.",30779.0,2026-09-22T08:36:31-04:00
ES=F,7840.75,2026-09-22T08:36:29-04:00,10.094239233333333,True,premarket,0.0925512223144187,7833.5,200076.0,"Zero/missing extended-session volume is unavailable, not actual zero trading.",7840.75,2026-09-22T08:36:29-04:00
