symbol,p_next5,p_three8,expected3,asof,rsi2,atr,weekly_lower,weekly_mid,weekly_upper,bb_pos,daily_z20,baby_price_trigger,baby_no_chase,original_rules,original_loc_ceiling,ret20_pct,rs20_qqq_pp,volume_ratio,price,quote_at,quote_age_minutes,quote_is_today,session,change_pct,previous_close,pre_volume,volume_note,regular_price,regular_time
VICR,0.17631851151738642,0.1189646056196822,-0.003112928671344165,2026-09-21,95.86018375763152,15.581718064695702,158.11106825043984,251.5244987487793,344.93792924711875,-0.2957230529370827,2.2649677362171055,True,False,['breakout'],231.69085292883221,11.648549612256765,7.6114107782200735,1.3848738599391968,245.18,2026-09-22T08:44:41-04:00,1.8911580166666666,True,premarket,9.504245950696188,223.89999389648438,,"Zero/missing extended-session volume is unavailable, not actual zero trading.",223.9,2026-09-21T16:00:00-04:00
ALAB,0.156880214210586,0.10892584935305855,-0.004055786593981663,2026-09-21,97.0878499819977,23.265250339357614,211.95794564943665,321.8064994812012,431.6550533129657,0.1723599455134465,2.7807004178503782,False,False,['breakout'],352.3726154040538,19.570477164183764,15.533338330147073,1.6883815344560342,335.55,2026-09-22T08:46:07-04:00,0.45662573333333334,True,premarket,-1.523152662769378,340.739990234375,,"Zero/missing extended-session volume is unavailable, not actual zero trading.",340.74,2026-09-21T16:00:01-04:00
MSTR,0.1436092366306661,0.09758762005053864,-0.009589925692859554,2026-09-21,96.623128234932,9.798260226268066,62.63435005884391,123.28749923706054,183.94064841527717,0.7454270944793311,3.0915036316420466,False,False,['breakout'],173.39913011313402,41.299790356394126,37.26265152235744,1.5023544287771091,167.511,2026-09-22T08:46:28-04:00,0.10943138333333334,True,premarket,-0.5869436201780487,168.5,,"Zero/missing extended-session volume is unavailable, not actual zero trading.",168.5,2026-09-21T16:00:00-04:00
SMTC,0.123599253219861,0.08643633118294147,-0.00039435863231100307,2026-09-21,50.775631713713416,11.882994368968033,109.10991889647357,143.48700027465821,177.86408165284286,0.9856274437547543,1.4783099827587238,False,False,[],183.3114923016715,42.93657857335913,38.89943973932244,1.2346646994393666,178.12,2026-09-22T08:33:20-04:00,13.241082833333333,True,premarket,0.4228476650275592,177.3699951171875,,"Zero/missing extended-session volume is unavailable, not actual zero trading.",177.37,2026-09-21T16:00:00-04:00
AAOI,0.12341237424938423,0.08357932031966626,-0.001847420767028427,2026-09-21,95.2239682329648,8.881755186800039,75.0634195591606,134.6780014038086,194.2925832484566,-0.4362691547956936,0.6418020364013546,True,True,[],113.11087576234533,-12.93863288364403,-16.975771717680722,1.1391100093193482,107.1673,2026-09-22T08:46:26-04:00,0.14058128333333333,True,premarket,-1.3828086815729224,108.66999816894531,,"Zero/missing extended-session volume is unavailable, not actual zero trading.",108.67,2026-09-21T16:00:01-04:00
INTC,0.12085812515602554,0.08041420099790564,0.0003832427300532095,2026-09-21,97.94306895199603,6.576533974791887,80.42342731447671,107.65200004577636,134.88057277707603,0.5188666652835668,2.695091061845105,False,False,['breakout'],125.06826576669282,35.20595002987974,31.16881119584305,1.9435921210613132,120.06,2026-09-22T08:46:30-04:00,0.0745694,True,premarket,-1.4123819974855234,121.77999877929688,,"Zero/missing extended-session volume is unavailable, not actual zero trading.",121.78,2026-09-21T16:00:01-04:00
BE,0.11941031139577347,0.08443782941876997,0.004536148037965788,2026-09-21,58.74136739503412,18.794355601984364,179.1264235271645,250.30700073242187,321.48757793767925,0.3172637087627838,1.0663357729465144,False,True,[],282.28719244942965,35.462903341989204,31.425764507952515,0.8836469042573732,274.2,2026-09-22T08:44:30-04:00,2.0750666833333336,True,premarket,0.4800415116874568,272.8900146484375,,"Zero/missing extended-session volume is unavailable, not actual zero trading.",272.89,2026-09-21T16:00:03-04:00
CRDO,0.11844017961105603,0.0780279885503071,-0.005163595299418657,2026-09-21,97.44756161366844,14.203968531040386,155.36745229923315,219.38424987792968,283.4010474566262,-0.501653422541019,0.019327284689017146,True,True,[],194.37198853798114,-18.779547068700488,-22.816685902737177,1.3331148981215772,183.659,2026-09-22T08:46:20-04:00,0.2403201,True,premarket,-1.928234201995993,187.27000427246094,,"Zero/missing extended-session volume is unavailable, not actual zero trading.",187.27,2026-09-21T16:00:01-04:00
COHR,0.11791442708563156,0.07781155337237933,-0.000942637423565474,2026-09-21,93.67723945599015,22.521349381915602,246.89640899362712,332.39550018310547,417.8945913725838,-0.12720031310428656,2.064279811392966,True,False,['breakout'],332.78066370462966,11.052777429640237,7.015638595603546,1.2335380767183586,315.3,2026-09-22T08:46:12-04:00,0.3738379,True,premarket,-1.9345574851358238,321.5199890136719,,"Zero/missing extended-session volume is unavailable, not actual zero trading.",321.52,2026-09-21T16:00:02-04:00
SNDK,0.11301065344527199,0.07508779974400494,-0.0023874362650709597,2026-09-21,77.92616262626876,115.20846215935778,1117.8825746836194,1636.2589782714845,2154.6353818593498,0.25151807735564374,1.5713886186784773,False,True,[],1824.2442457281163,10.686185109131596,6.649046275094905,0.9659547185753222,1756.88,2026-09-22T08:46:28-04:00,0.10636916666666667,True,premarket,-0.5524619938137021,1766.6400146484375,,"Zero/missing extended-session volume is unavailable, not actual zero trading.",1766.64,2026-09-21T16:00:00-04:00
COIN,0.11215618963525348,0.06574822160681368,-0.001725730696899611,2026-09-21,89.96689962341058,12.68308987928552,135.44145113900868,170.1339988708496,204.82654660269054,0.8911425133684664,2.1482614913918696,False,False,['breakout'],207.39154799140059,7.807387597040671,3.7702487630039805,1.3097281954318423,198.79,2026-09-22T08:46:32-04:00,0.042820333333333335,True,premarket,-1.1240999838114996,201.0500030517578,,"Zero/missing extended-session volume is unavailable, not actual zero trading.",201.05,2026-09-21T16:00:01-04:00
ASTS,0.11014151556512262,0.07487136579272387,-0.0028952132475678653,2026-09-21,66.1110035631276,4.2209329823701704,42.873239294277575,74.3925006866455,105.91176207901344,-0.3966622549100856,0.5193659065602582,False,True,[],64.00046588083352,-9.847053147816986,-13.884191981853677,1.2595099104751875,61.54,2026-09-22T08:46:02-04:00,0.5420926333333332,True,premarket,-0.5655184894168497,61.88999938964844,,"Zero/missing extended-session volume is unavailable, not actual zero trading.",61.89,2026-09-21T16:00:01-04:00
NBIS,0.10882087259220796,0.07304298773943892,0.0008143042248110076,2026-09-21,94.43627558669498,17.237577221074847,164.10911695198817,219.4805000305176,274.851883109047,0.24054849781068482,1.2573694314939317,False,True,[],241.41879166229523,6.2383050537765605,2.2011662197398696,1.1609687863922027,231.1,2026-09-22T08:46:30-04:00,0.07490395,True,premarket,-0.730241851148028,232.8000030517578,,"Zero/missing extended-session volume is unavailable, not actual zero trading.",232.8,2026-09-21T16:00:00-04:00
LITE,0.10095175767050697,0.06362961867610224,0.0021820260696659623,2026-09-21,84.21901776009092,66.15108465562528,709.865079232708,859.2927520751953,1008.7204249176825,0.6370790386297978,1.0776078246001428,False,True,[],987.5655325621876,10.127951222016463,6.0908123879797715,1.0794532657148321,940.3184,2026-09-22T08:46:31-04:00,0.057083633333333335,True,premarket,-1.484729057336176,954.489990234375,,"Zero/missing extended-session volume is unavailable, not actual zero trading.",954.49,2026-09-21T16:00:01-04:00
CIEN,0.1004359744075348,0.06766661502633413,-0.001539704033243282,2026-09-21,95.7275410944312,25.75531037323767,284.92976530677356,438.4389984130859,591.9482315193983,-0.472147541169805,0.44450500518651676,True,True,[],378.83764664169695,-7.536829239199472,-11.573968073236163,1.0853270065127183,362.938,2026-09-22T08:44:35-04:00,1.9913108666666666,True,premarket,-0.8257709929062274,365.9599914550781,,"Zero/missing extended-session volume is unavailable, not actual zero trading.",365.96,2026-09-21T16:00:02-04:00
CRWV,0.09864163255692308,0.06531562877190905,-0.0006523471099018911,2026-09-21,80.42317436467494,5.831033886575281,66.22245038949886,93.35724983215331,120.49204927480777,-0.2921432879476647,-0.13670567759606017,True,True,[],88.34551724846342,-2.754693467249403,-6.791832301286094,1.5354800613233002,85.3,2026-09-22T08:46:25-04:00,0.15827631666666667,True,premarket,-0.15217172505137544,85.43000030517578,,"Zero/missing extended-session volume is unavailable, not actual zero trading.",85.43,2026-09-21T16:00:01-04:00
WDC,0.09587524943029427,0.06304099806901904,0.0006717766825082424,2026-09-21,90.18787024076215,28.216865478139166,374.03259450118685,513.1377624511719,652.2429304011569,-0.46704051316624356,-0.020185287964827308,False,True,[],462.278446166804,-2.421671777707246,-6.458810611743937,1.227299777819474,442.29,2026-09-22T08:46:21-04:00,0.22348739999999997,True,premarket,-1.3120050988602028,448.1700134277344,,"Zero/missing extended-session volume is unavailable, not actual zero trading.",448.17,2026-09-21T16:00:00-04:00
RKLB,0.09446020615286445,0.06402082020783874,-0.003362791181133528,2026-09-21,79.5587430992597,4.011456113402214,39.34001344126532,89.17649955749512,139.01298567372493,-0.3869955863835637,2.320379336475852,True,False,[],71.89572744634954,-3.6929865184592514,-7.730125352495943,1.4387845537507788,71.1,2026-09-22T08:46:26-04:00,0.14203166666666667,True,premarket,1.7312929187559556,69.88999938964844,,"Zero/missing extended-session volume is unavailable, not actual zero trading.",69.89,2026-09-21T16:00:00-04:00
IOVA,0.09419899428864535,0.06311534568687173,-0.003312155254967683,2026-09-21,79.77828728948788,0.5551513036421645,1.4627312628241622,5.5805000305175785,9.698268798210995,1.1194168031071232,1.8904805543464802,False,False,[],10.467575232204384,22.91917523851923,18.882036404482538,0.9437501349047033,10.2111,2026-09-22T08:44:56-04:00,1.6422232833333332,True,premarket,0.20706987718939196,10.1899995803833,,"Zero/missing extended-session volume is unavailable, not actual zero trading.",10.19,2026-09-21T16:00:01-04:00
IREN,0.09312942452660854,0.058835748009924714,0.0015430399418311855,2026-09-21,94.71749148916226,3.1024082407727396,28.65638367098517,47.05300006866455,65.44961646634394,0.00962130588286351,1.5672005022957824,False,True,[],48.7812036626227,12.774590109058614,8.737451275021924,0.9921111460532056,46.77,2026-09-22T08:46:31-04:00,0.05833286666666667,True,premarket,-0.9739562707913207,47.22999954223633,,"Zero/missing extended-session volume is unavailable, not actual zero trading.",47.23,2026-09-21T16:00:01-04:00
ONTO,0.09165287845797841,0.06097012539271661,-0.0029447155875509876,2026-09-21,93.36021342063215,17.287592612050577,235.392969381794,288.4314994812012,341.47002958060835,-0.23476307641889613,0.4940128922071011,True,True,[],284.62380729235343,-5.914831889055128,-9.951970723091819,0.8889855151235155,275.0,2026-09-22T07:06:10-04:00,100.40753105,True,premarket,-0.35510216222749413,275.9800109863281,,"Zero/missing extended-session volume is unavailable, not actual zero trading.",275.98,2026-09-21T16:00:02-04:00
HOOD,0.08990458773418558,0.055287061056371004,-0.0013053472901747246,2026-09-21,90.46102478491923,6.886477970659203,70.59774918391177,98.32400054931641,126.05025191472104,0.900807042873641,1.7148986105090755,False,False,[],126.74324203708741,14.029414763404446,9.992275929367755,1.1408754109463635,122.55,2026-09-22T08:46:27-04:00,0.12620835,True,premarket,-0.6082749660946796,123.30000305175781,,"Zero/missing extended-session volume is unavailable, not actual zero trading.",123.3,2026-09-21T16:00:01-04:00
MRVL,0.08828381603863279,0.058475074130547505,-0.0023499277486013336,2026-09-21,96.91620772255432,14.680320789820334,155.19036079666216,225.91092681884766,296.63149284103315,0.44497774599389933,2.1180332813489726,False,False,[],264.7201652777227,8.580835374951734,4.543696540915043,0.9614042772602993,253.1535,2026-09-22T08:46:28-04:00,0.10647136666666666,True,premarket,-1.6421263511658069,257.3800048828125,,"Zero/missing extended-session volume is unavailable, not actual zero trading.",257.38,2026-09-21T16:00:01-04:00
ABCL,0.08648771824687662,0.056220260226283396,-0.0032255085076556868,2026-09-21,86.40885140739249,0.7280435984711666,2.2746231591306705,7.6397500276565555,13.004876896182441,0.9357187523759174,1.5625132388031255,False,False,[],13.024021646647693,11.837457497464165,7.800318663427475,0.9241537281522151,12.693,2026-09-22T08:45:28-04:00,1.1089461166666665,True,premarket,0.2606647155263264,12.65999984741211,,"Zero/missing extended-session volume is unavailable, not actual zero trading.",12.66,2026-09-21T16:00:01-04:00
FN,0.08630894348685567,0.057777619140708315,-0.0006451777056648662,2026-09-21,80.9436748891529,24.492483704891104,329.4952085973715,529.3444961547851,729.1937837121988,-0.6393542373467742,-0.2699946031862786,True,True,[],413.8162491766643,-8.038107729905853,-12.075246563942542,0.7708838821490468,399.0,2026-09-22T08:01:12-04:00,45.374795033333335,True,premarket,-0.6399898591390007,401.57000732421875,,"Zero/missing extended-session volume is unavailable, not actual zero trading.",401.57,2026-09-21T16:00:02-04:00
KLAC,0.08415281251875331,0.05678775789941317,-0.0037698248876739697,2026-09-21,95.18725865934115,8.546542741341606,150.7960262110652,203.8856643676758,256.97530252428635,-0.37513277239191006,1.0008250801989262,True,True,[],188.24327259137394,-0.01087247777797895,-4.04801131181467,1.0098151840156766,181.0,2026-09-22T08:46:28-04:00,0.10747135,True,premarket,-1.6143943039605202,183.97000122070312,,"Zero/missing extended-session volume is unavailable, not actual zero trading.",183.97,2026-09-21T16:00:01-04:00
STX,0.08403435380606566,0.0515522292985233,0.0022397064799561895,2026-09-21,93.55621019924942,52.33479595839424,728.0778351175512,862.2549865722656,996.4321380269799,0.11235169590454516,1.3454820553379858,False,True,[],903.4974150690409,3.2152961282169157,-0.8218427058197753,1.1617233449448372,863.11,2026-09-22T08:45:59-04:00,0.59026075,True,premarket,-1.6208287432148305,877.3300170898438,,"Zero/missing extended-session volume is unavailable, not actual zero trading.",877.325,2026-09-21T16:00:00-04:00
LRCX,0.0835851825608116,0.05472786522655094,-0.003464303917297254,2026-09-21,94.78210412893941,15.943485137796328,260.2840374425256,320.3030944824219,380.3221515223182,-0.30028955121944984,0.31156658553166156,True,True,[],310.251741348195,-3.7324844651920763,-7.769623299228767,1.3362855248222432,297.6,2026-09-22T08:46:26-04:00,0.14073061666666667,True,premarket,-1.548233028383017,302.2799987792969,,"Zero/missing extended-session volume is unavailable, not actual zero trading.",302.28,2026-09-21T16:00:00-04:00
TER,0.08137460191227779,0.05366419697001446,-0.004092488911244805,2026-09-21,93.36143787949798,21.133649327890897,314.92399163818675,373.4646591186523,432.0053265991179,0.13794426633355722,1.4180400711710501,False,True,[],392.10683320886733,1.5826340318764398,-2.454504802160251,1.3476963660706127,376.11,2026-09-22T08:43:57-04:00,2.6243433666666665,True,premarket,-1.4231819529569867,381.5400085449219,,"Zero/missing extended-session volume is unavailable, not actual zero trading.",381.54,2026-09-21T16:00:00-04:00
VRT,0.08005517479762292,0.05143926607974839,-0.0004617433105971111,2026-09-21,86.91165377527864,14.278490403285755,230.29177648944338,295.289803314209,360.28783013897464,-0.6835561766150221,-0.4263383681198981,True,True,[],257.99924581199446,-4.210156670054587,-8.247295504091278,0.9096444798351211,249.5,2026-09-22T08:45:10-04:00,1.4081962,True,premarket,-0.5421352973940197,250.86000061035156,,"Zero/missing extended-session volume is unavailable, not actual zero trading.",250.86,2026-09-21T16:00:03-04:00
AMAT,0.07952781631523363,0.05182597261704894,-0.0036633022750883156,2026-09-21,94.26698757680666,21.797383157023706,377.6793870570697,507.21148986816405,636.7435926792584,-0.33174401326949327,0.5268033353726694,True,True,[],475.13868181288683,-5.703610796250169,-9.74074963028686,1.4622467231848029,457.45,2026-09-22T08:46:20-04:00,0.24065638333333333,True,premarket,-1.462603476048463,464.239990234375,,"Zero/missing extended-session volume is unavailable, not actual zero trading.",464.24,2026-09-21T16:00:01-04:00
CLS,0.07808685143896954,0.05205314537397886,0.0018650448607506944,2026-09-21,93.98011323022641,19.526522621946118,282.7859295502899,341.7774963378906,400.76906312549136,0.04445546544027314,1.635833346831502,False,True,[],354.16325520745744,16.135561650038333,12.09842281600164,0.9552124750749245,343.93,2026-09-22T08:40:49-04:00,5.758050133333333,True,premarket,-0.1364674520364928,344.3999938964844,,"Zero/missing extended-session volume is unavailable, not actual zero trading.",344.4,2026-09-21T16:02:22-04:00
AMD,0.07577588244496897,0.049244923298747,-0.0011498881900562537,2026-09-21,98.85356375501185,26.352247718000847,429.28407190966686,497.97350311279297,566.6629343159191,1.7112751461116693,2.9889523971448946,False,False,['breakout'],628.6961433902504,30.062339045166397,26.025200211129707,2.322561081336593,605.76,2026-09-22T08:46:29-04:00,0.08952985,True,premarket,-1.5856542795606776,615.52001953125,,"Zero/missing extended-session volume is unavailable, not actual zero trading.",615.52,2026-09-21T16:00:01-04:00
PBF,0.07557119757583251,0.048119700918329095,-0.002422448371467765,2026-09-21,13.479589963588836,4.424165456726214,27.08394227258276,56.58714256286621,86.09034285314966,0.5386826051986474,-0.3892860421773768,False,True,['pullback'],74.6920860852967,-1.4279823742618047,-5.465121208298496,1.1878113493984899,70.0,2026-09-22T08:05:00-04:00,41.57602445,True,premarket,-3.421638027140561,72.4800033569336,,"Zero/missing extended-session volume is unavailable, not actual zero trading.",72.48,2026-09-21T16:00:03-04:00
TEAM,0.07288943454511225,0.04648848619296358,-0.00356019329307284,2026-09-21,90.88916203935034,8.697799375296702,35.6301550412533,120.51199951171876,205.3938439821842,0.8854425716841922,1.206887734175012,False,False,[],200.01889785659367,13.887434345730899,9.850295511694206,0.8510569945828442,198.8,2026-09-22T08:45:55-04:00,0.6590926166666667,True,premarket,1.59963298428214,195.6699981689453,,"Zero/missing extended-session volume is unavailable, not actual zero trading.",195.67,2026-09-21T16:00:00-04:00
CAMT,0.07137128496830922,0.04467967401590219,-0.001336700557883545,2026-09-21,91.273432083205,7.763723098966492,119.73717973245263,158.89450073242188,198.05182173239112,-0.2365967745754785,1.2881542692128707,True,True,[],153.51186643229573,1.9208550991857587,-2.1162837348509322,0.5466957871457809,148.34,2026-09-22T08:03:39-04:00,42.924269966666664,True,premarket,-0.8621298140187861,149.6300048828125,,"Zero/missing extended-session volume is unavailable, not actual zero trading.",149.63,2026-09-21T16:00:01-04:00
MU,0.06885126162981375,0.042251149631131496,0.00013384393452387996,2026-09-21,96.49661342162263,49.21619379243942,709.3675468635436,930.4223266601563,1151.477106456769,0.5136176398529224,2.1008034431634637,False,False,[],1068.5680578337196,7.983194656674564,3.946055822637873,1.1298370870958534,1031.0,2026-09-22T08:46:31-04:00,0.0563117,True,premarket,-1.2414231792818642,1043.9599609375,,"Zero/missing extended-session volume is unavailable, not actual zero trading.",1043.96,2026-09-21T16:00:01-04:00
GEV,0.06764085241450642,0.040558985361331186,-0.00024120587421977858,2026-09-21,87.27598127344818,40.52041912066975,885.3586618183699,1007.601025390625,1129.84338896288,-0.5021258824991455,0.6716009352671348,False,True,[],966.4801802634598,-1.1109374671095185,-5.14807630114621,1.153205782256218,938.5,2026-09-22T08:37:43-04:00,8.858442349999999,True,premarket,-0.8158748432870566,946.219970703125,,"Zero/missing extended-session volume is unavailable, not actual zero trading.",946.22,2026-09-21T16:00:02-04:00
AMPL,0.06533063431160176,0.04232892733200754,-0.0036831061399280936,2026-09-21,52.810259973892,0.6373772305298697,4.115135662076454,9.537500071525574,14.959864480974694,0.717860316961925,0.1892487316870303,False,True,[],13.748688920440717,1.0534262131271843,-2.9837126209095066,0.9412807851650283,13.58,2026-09-22T08:40:01-04:00,6.559143300000001,True,premarket,1.1169001594617312,13.430000305175781,,"Zero/missing extended-session volume is unavailable, not actual zero trading.",13.43,2026-09-21T16:00:00-04:00
RNG,0.06506777598380141,0.04286085684236251,-0.0012143840831107828,2026-09-21,80.2483828909221,3.3729743070771994,25.287431362440397,51.5179859161377,77.74854046983499,0.9829001930874557,2.0427046838780996,False,False,[],78.9864902052964,15.355917904028571,11.31877906999188,0.9818122524407726,77.79,2026-09-22T08:05:00-04:00,41.57588235,True,premarket,0.6338899468271819,77.30000305175781,,"Zero/missing extended-session volume is unavailable, not actual zero trading.",77.3,2026-09-21T16:00:03-04:00
ATRC,0.055020063169006594,0.036675931128057886,-0.005202987477687472,2026-09-21,64.29022350944167,2.0049554037818345,17.371555595603944,37.32100009918213,57.270444602760314,1.0526107427139464,1.5208947082290587,False,False,[],59.322477396715136,19.069008248017315,15.031869413980626,0.7466427289048474,58.493,2026-09-22T08:32:49-04:00,13.759286016666666,True,premarket,0.2966397566547707,58.31999969482422,,"Zero/missing extended-session volume is unavailable, not actual zero trading.",58.32,2026-09-21T16:00:01-04:00
CDNA,0.05256086677158889,0.03389921998858415,-7.508079022650396e-05,2026-09-21,79.53460465154656,2.1066782741391665,11.798159032815672,35.505999851226804,59.21384066963793,0.7939990032837348,1.7479849066248756,False,True,[],55.38334096812427,11.767128469208533,7.729989635171841,0.6872935407674344,54.25,2026-09-22T08:05:00-04:00,41.57568371666667,True,premarket,-0.14725166272487877,54.33000183105469,,"Zero/missing extended-session volume is unavailable, not actual zero trading.",54.33,2026-09-21T16:00:00-04:00
VST,0.04952674782504364,0.03164811354724177,-0.0029780460327307632,2026-09-21,39.50950429271108,4.928089634552419,132.9095888240849,149.94051666259764,166.9714445011104,-0.5378754446123427,-0.3244616034629494,False,True,[],143.24404359657308,3.524368765753927,-0.5127700682827641,1.0166650833932716,141.6,2026-09-22T08:41:25-04:00,5.15864145,True,premarket,0.5824699728749438,140.77999877929688,,"Zero/missing extended-session volume is unavailable, not actual zero trading.",140.78,2026-09-21T16:00:03-04:00
PLTR,0.04800022337679533,0.031005439844697318,-0.004220955036262991,2026-09-21,98.63474859338167,7.045330435168944,100.73247869257924,146.80299949645996,192.8735203003407,0.7876402568988116,1.14334047811365,False,True,[],186.61266155547509,1.7505801121182607,-2.2865587219184302,0.7606722374527344,184.17,2026-09-22T08:46:28-04:00,0.1088175,True,premarket,0.589875844508847,183.08999633789062,,"Zero/missing extended-session volume is unavailable, not actual zero trading.",183.09,2026-09-21T16:00:01-04:00
CEG,0.04771165623208596,0.030031340579685106,-0.0027995191114329266,2026-09-21,61.67431507246069,10.273979486773655,236.84467629424077,270.6610710144043,304.4774657345678,-0.25286804621259873,-1.1744966264745562,False,True,[],267.24697509494933,-3.9467968845409374,-7.983935718577628,1.2114321153547987,264.04,2026-09-22T08:46:28-04:00,0.10856721666666666,True,premarket,0.7363377041316621,262.1099853515625,,"Zero/missing extended-session volume is unavailable, not actual zero trading.",262.11,2026-09-21T16:00:01-04:00
ETN,0.046286928995489564,0.028916029552493117,-0.0028527833951056255,2026-09-21,95.15428557846892,15.427414374259694,376.3136830796015,410.00322265625,443.6927622328985,0.7547378307644054,2.1422250737309323,False,False,[],443.1436998629111,3.871655533429341,-0.16548330060734973,1.0668189883571133,431.92,2026-09-22T08:11:53-04:00,34.691847349999996,True,premarket,-0.8060980490139924,435.42999267578125,,"Zero/missing extended-session volume is unavailable, not actual zero trading.",435.43,2026-09-21T16:00:03-04:00
AVGO,0.043383759826469206,0.02778459491853864,-0.002700559867937447,2026-09-21,93.2664970106294,12.067156233326703,335.78155882803105,388.9734481811523,442.1653375342736,-0.4946890369762528,0.4430404678230455,True,True,[],368.69358177877274,-1.3922171029567054,-5.429355936993396,0.9841488767222019,361.9997,2026-09-22T08:46:14-04:00,0.33939528333333335,True,premarket,-0.18207236955872785,362.6600036621094,,"Zero/missing extended-session volume is unavailable, not actual zero trading.",362.66,2026-09-21T16:00:01-04:00
NVDA,0.03812594855887835,0.02381369729898924,-0.0020016816352147367,2026-09-21,96.6254712197402,6.446061412801709,192.0128714162626,212.18675689697267,232.36064237768272,0.7531146144537882,1.2349760718843172,False,True,[],230.60303558921336,6.014543657080784,1.9774048230440933,0.8127660209447055,226.358,2026-09-22T08:46:30-04:00,0.07255545000000001,True,premarket,-0.44946998894613843,227.3800048828125,,"Zero/missing extended-session volume is unavailable, not actual zero trading.",227.38,2026-09-21T16:00:00-04:00
TSM,0.03668536277424252,0.023429615978701787,-0.0027126137755220164,2026-09-21,95.32478648847663,10.873120335587371,389.9966201314292,420.01904754638673,450.04147496134425,0.8367400395324198,2.249400359592737,False,False,[],450.5765748162312,6.53638365154714,2.4992448175104487,1.0119944160758239,440.75,2026-09-22T08:44:14-04:00,2.34006545,True,premarket,-0.9862098449865631,445.1400146484375,,"Zero/missing extended-session volume is unavailable, not actual zero trading.",445.14,2026-09-21T16:00:02-04:00
